# Made in Blockbench 5.2.0
mtllib verity.mtl

o sphere
v 0.5042325002141297 0.6368447102759334 0.6796087686387955
v 0.5125925000756979 0.6373515263515142 0.6783852063954994
v 0.5 0.6613335893007548 0.6315474298754996
v 0.5083600003272295 0.6051393559859581 0.7232481265209065
v 0.5248743742704391 0.6061405511427164 0.7208310275948784
v 0.5122818751260638 0.5669979453978714 0.7613897710253782
v 0.5365437492728233 0.5684684018682242 0.7578397750717732
v 0.5159018747508526 0.5233592440014362 0.7930952841542186
v 0.5473137497901917 0.5252630963675474 0.7884989779511968
v 0.5191300008445978 0.47529752338950887 0.8175838150635442
v 0.5569187514483929 0.4775878862923758 0.8120543898806867
v 0.5218868758529425 0.4239967485620413 0.8342525773564508
v 0.5651218742132187 0.42661741317367924 0.8279257333086032
v 0.5241049993783236 0.3707203435480449 0.8426906157016428
v 0.5717212483286858 0.37360649037492627 0.8357228408891857
v 0.5257293749600649 0.3167800780024699 0.8426904502977808
v 0.5765556246042252 0.31986068901236164 0.8352531974173042
v 0.5267206244170666 0.26350332109903907 0.834251835431077
v 0.5795037522912025 0.2667025540060331 0.8265282039578217
v 0.5270537491887808 0.21220257012450042 0.8175835893007548
v 0.5804949998855591 0.21544150333183218 0.8097641128239939
v 0.5267206244170666 0.1641412313612045 0.7930947102759334
v 0.5795037522912025 0.16734046426819854 0.7853710788026781
v 0.5257293749600649 0.1205018734790935 0.7613893559859581
v 0.5765556246042252 0.12358248448898523 0.7539521031054816
v 0.5241049993783236 0.08236022897462181 0.7232479453978714
v 0.5717212483286858 0.08524637580150318 0.7162801705854143
v 0.5218868758529425 0.050654715845781406 0.6796092440014362
v 0.5651218742132187 0.05327538045741936 0.6732823999535886
v 0.5159018747508526 0.009497422643549247 0.5802467485620413
v 0.5122818751260638 0.0010593842983571689 0.5269703435480448
v 0.5365437492728233 0.0025298407687099345 0.5234203475944399
v 0.5473137497901917 0.011401275009660483 0.5756504423590195
v 0.5083600003272295 0.0010595497022192757 0.4730300780024699
v 0.5248743742704391 0.002060744858977559 0.47061297907644173
v 0.5042325002141297 0.009498164568923051 0.41975332109903907
v 0.5125925000756979 0.010004980644503891 0.418529758855743
v 0.5 0.02616641069924519 0.3684525701245004
v 0.5206418745219707 0.6383524834319239 0.675968682236621
v 0.5407762490212917 0.6081175884635152 0.7160580372816882
v 0.5599062517285347 0.5713734522423075 0.7508263630592844
v 0.5775606259703636 0.5290241552427226 0.7794189786058652
v 0.5933056250214577 0.4821123975676974 0.8011312533966952
v 0.6067531257867813 0.431793928605855 0.8154285195464107
v 0.6175718754529953 0.37930775459160093 0.8219587714946173
v 0.6254956275224686 0.32594606874623705 0.8205617911315919
v 0.6303299963474274 0.2730220982232566 0.8112714746005842
v 0.6319543719291687 0.2218402086477757 0.7943162716686141
v 0.6303299963474274 0.17366000848542207 0.7701143494454405
v 0.6254956275224686 0.12966786422286064 0.7392606968197691
v 0.6175718754529953 0.09094764001817784 0.7025161011908458
v 0.6067531257867813 0.05845189588959515 0.6607851861913961
v 0.5569187514483929 0.02845654783932272 0.6260180982066513
v 0.5933056250214577 0.03298105911464433 0.6150949617226598
v 0.5599062517285347 0.005434891142793219 0.516406935581951
v 0.5775606259703636 0.015162333884835622 0.5665704430136879
v 0.5407762490212917 0.00403778217977635 0.4658399887632516
v 0.5206418745219707 0.011005937724913595 0.41611323469686456
v 0.528183750808239 0.6398229441790972 0.6724186759578576
v 0.555673748254776 0.6110226359863846 0.7090446321526382
v 0.5817925035953522 0.5756410862655011 0.7405233831212453
v 0.6058981269598007 0.5345496250240608 0.7660793145212756
v 0.6273956298828125 0.488759369470226 0.7850840436808978
v 0.6457562446594238 0.4393990451886409 0.7970681439488205
v 0.6605274975299835 0.38768326342881526 0.8017385044680387
v 0.6713462471961975 0.3348862661702435 0.7989782452602625
v 0.6779462546110153 0.282306710864126 0.7888564368416167
v 0.6801643818616867 0.23124035247003596 0.7716223169646558
v 0.6779462546110153 0.18294462112629148 0.747699311686473
v 0.6713462471961975 0.13860806164686706 0.7176771509484398
v 0.6605274975299835 0.09932314885539217 0.6822958341642674
v 0.6457562446594238 0.06605701247238105 0.642424810593806
v 0.6273956298828125 0.03962803101717294 0.5990477520068624
v 0.6058981269598007 0.020687803666173843 0.5532307789290984
v 0.5817925035953522 0.009702525165986908 0.5061039556439121
v 0.555673748254776 0.00694282970264587 0.45882658363420165
v 0.528183750808239 0.01247639847208698 0.4125632284181013
v 0.5350318737328053 0.6417267936939948 0.6678223766382748
v 0.5692006275057793 0.6147834553596043 0.6999652110161758
v 0.601665623486042 0.5811665588980531 0.727183712153217
v 0.6316275000572205 0.5417031777770354 0.7488091104458932
v 0.6583481281995773 0.4973654445590284 0.7643071404827096
v 0.6811693757772446 0.4492452499981635 0.7732973027597679
v 0.6995306313037872 0.3985275527208884 0.7755580741848185
v 0.7129781246185303 0.3464612474164073 0.7710337685515596
v 0.7211812436580658 0.2943275192980242 0.7598356380898107
v 0.7239381223917007 0.24341112334264176 0.7422394768594754
v 0.7211812436580658 0.19496542956018967 0.7186785129346671
v 0.7129781246185303 0.15018304289303092 0.6897326742397368
v 0.6995306313037872 0.11016743814746532 0.656115403881047
v 0.6811693757772446 0.07590321728190363 0.6186539694047534
v 0.6583481281995773 0.04823410610597534 0.5782708488086743
v 0.6316275000572205 0.027841356419148422 0.5359605748537158
v 0.601665623486042 0.015227997798538895 0.49276428467588373
v 0.5692006275057793 0.010703649075865518 0.44974716249773916
v 0.5350318737328053 0.014380247986984451 0.4079669290985184
v 0.5410168766975403 0.6440171551712548 0.6622929548971368
v 0.5810237526893616 0.6193079694861398 0.6890420676487453
v 0.6190349981188774 0.5878135308005816 0.7111365024374197
v 0.6541162431240082 0.5503092471634103 0.7280322210145829
v 0.6854018718004227 0.507718464018525 0.7393127404920805
v 0.7121224999427795 0.4610904977962532 0.7447003448759496
v 0.7336200028657913 0.41157299043740503 0.7440636015225106
v 0.7493650019168854 0.3603859025139892 0.7374166773636097
v 0.7589699923992157 0.3087886473710694 0.7249233865686506
v 0.7621981203556061 0.25805259068575037 0.7068918478266998
v 0.7589699923992157 0.20942655763323487 0.683766261413507
v 0.7493650019168854 0.1641076979906128 0.656115583051787
v 0.7336200028657913 0.12321287586398194 0.6246209312187392
v 0.7121224999427795 0.08774846507999334 0.590057011520935
v 0.6541162431240082 0.03644742580552335 0.5151836854224056
v 0.6854018718004227 0.058587125565471965 0.5532764488180452
v 0.6190349981188774 0.021874969701067448 0.47671707496008636
v 0.5810237526893616 0.015228163202400946 0.4388240191303088
v 0.5410168766975403 0.01667060946424448 0.4024375073573803
v 0.545991875231266 0.6466378183572858 0.6559661142910087
v 0.5908512473106384 0.6244844820671018 0.6765448607699918
v 0.6334737539291382 0.5954186445321539 0.6927761337232683
v 0.6728093773126602 0.5601554519729328 0.7042613798255302
v 0.7078906297683716 0.5195634723146593 0.7107163608171314
v 0.7378518730401993 0.47464251636321586 0.7119828778540565
v 0.7619574964046478 0.42649884354295897 0.7080294045250937
v 0.7796118855476379 0.37631773226177023 0.6989538379130977
v 0.7903818786144257 0.32533396137786175 0.6849794650997311
v 0.7940018773078918 0.274804075959235 0.6664501848895601
v 0.7903818786144257 0.22597187164002722 0.6438223399445875
v 0.7796118855476379 0.1800395277383938 0.617652743601275
v 0.7619574964046478 0.13813872896953588 0.5885867342213222
v 0.7378518730401993 0.10130048364695599 0.5573395444990419
v 0.6728093773126602 0.04629363061504593 0.49141284423335296
v 0.7078906297683716 0.07043213386160618 0.5246800691430961
v 0.6334737539291382 0.02948008343263958 0.45835670624593505
v 0.5908512473106384 0.02040467578336297 0.4263268122515552
v 0.545991875231266 0.01929127265027558 0.3961106667512522
v 0.5498343743383884 0.6495239694609879 0.6489983291533932
v 0.5984425023198128 0.6301855082074279 0.6627813661425731
v 0.6446256190538406 0.6037941505181543 0.6725558735801287
v 0.6872481256723404 0.5709997441162198 0.678080942658871
v 0.725260004401207 0.5326091523843451 0.6792213030625154
v 0.7577250003814697 0.4895683637663423 0.6759486946235174
v 0.7838437557220459 0.4429372484387585 0.6683435844818743
v 0.802973747253418 0.3938640047745791 0.6565933888435802
v 0.8146437406539917 0.34355591452655415 0.6409877786752307
v 0.8185656368732452 0.2932532480345661 0.6219099434507408
v 0.8146437406539917 0.24419382478871962 0.5998306535200871
v 0.802973747253418 0.1975858002512027 0.5752922945317575
v 0.7838437557220459 0.1545771338653354 0.5489009141781028
v 0.6872481256723404 0.05713792275833285 0.46523240706669367
v 0.725260004401207 0.08347781393129206 0.49318501138848003
v 0.6446256190538406 0.037855589418640145 0.43813644610279545
v 0.5984425023198128 0.02610570192368905 0.4125633176241365
v 0.5498343743383884 0.022177423753977576 0.38914288161363675
v 0.5524500012397766 0.6526043317024794 0.6415616768529624
v 0.603608749806881 0.6362708922181239 0.6480899495317024
v 0.6522168815135956 0.6127345931465438 0.6509717357330523
v 0.6970762461423874 0.5825747225111699 0.6501364728336069
v 0.7370831221342087 0.5465338060563201 0.645604215316285
v 0.7712518870830536 0.5054999540121679 0.6374864333818746
v 0.79874187707901 0.4604835238027811 0.6259831285289178
v 0.8188756108283997 0.41259253307129 0.6113787218263724
v 0.8311575055122375 0.363006276056216 0.5940304520772611
v 0.8352862596511841 0.31294589715556675 0.5743676828637664
v 0.8311575055122375 0.2636441863183815 0.5528733269221175
v 0.8188756108283997 0.2163143285479136 0.5300776275145498
v 0.79874187707901 0.17212340922935804 0.5065404582251464
v 0.7577250003814697 0.11622633105008243 0.5213053612685028
v 0.7712518870830536 0.13215792129590792 0.48284310002686004
v 0.7370831221342087 0.09740246760326704 0.45956792364224963
v 0.6970762461423874 0.06871290115328293 0.4372879372414296
v 0.6522168815135956 0.04679603204702959 0.41655230825571904
v 0.603608749806881 0.03219108593438508 0.3978719010132658
v 0.5524500012397766 0.02525778599546913 0.3817062293132059
v 0.5537743754684925 0.655803565144076 0.6338380440890623
v 0.606224998831749 0.642590669522072 0.6328326574533333
v 0.6560593694448471 0.6220192104206356 0.6285566867884965
v 0.7020512521266937 0.5945955266682474 0.6211156844069594
v 0.743068128824234 0.5609949348421688 0.6106919620742652
v 0.7781000137329102 0.5220452715829773 0.5975425033086563
v 0.8062837421894073 0.47870547338745634 0.5819914507087162
v 0.8269256353378296 0.4320428967393622 0.5644213900658237
v 0.8395175039768219 0.3832055046020558 0.5452652005724209
v 0.84375 0.3333969784020931 0.5249944051532084
v 0.8395175039768219 0.28384341486422127 0.5041080754172773
v 0.8269256353378296 0.23576469221598578 0.483120295754001
v 0.8062837421894073 0.19034535881403325 0.46254878040494474
v 0.7781000137329102 0.14870323886671744 0.44289916995364176
v 0.743068128824234 0.1118635963891157 0.4246556704002299
v 0.7020512521266937 0.0807337053103605 0.4082671488147821
v 0.6560593694448471 0.056080649321121334 0.39413725931116317
v 0.606224998831749 0.03851086323833314 0.3826146089348967
v 0.5537743754684925 0.02845701943706569 0.3739825965493059
v 0.5537743754684925 0.6590429805629343 0.6260174034506941
v 0.606224998831749 0.6489891367616669 0.6173853910651033
v 0.6560593694448471 0.6314193506788787 0.6058627406888368
v 0.7020512521266937 0.6067662946896395 0.5917328511852179
v 0.743068128824234 0.5756364036108843 0.5753443295997701
v 0.7781000137329102 0.5387967611332826 0.5571008300463582
v 0.8062837421894073 0.49715464118596675 0.5374512195950553
v 0.8269256353378296 0.4517353077840142 0.5168797042459989
v 0.8395175039768219 0.40365658513577873 0.49589192458272263
v 0.84375 0.3541030215979069 0.4750055948467916
v 0.8395175039768219 0.3042944953979442 0.45473479942757905
v 0.8269256353378296 0.2554571032606378 0.4355786099341763
v 0.8062837421894073 0.20879452661254366 0.4180085492912839
v 0.7781000137329102 0.1654547284170227 0.4024574966913437
v 0.743068128824234 0.12650506515783122 0.38930803792573476
v 0.7020512521266937 0.09290447333175256 0.37888431559304064
v 0.6560593694448471 0.06548078957936443 0.3714433132115035
v 0.606224998831749 0.044909330477928056 0.3671673425466667
v 0.5537743754684925 0.031696434855923994 0.3661619559109377
v 0.5524500012397766 0.6622422140045309 0.6182937706867941
v 0.603608749806881 0.655308914065615 0.6021280989867341
v 0.6522168815135956 0.6407039679529705 0.583447691744281
v 0.6970762461423874 0.618787098846717 0.5627120627585704
v 0.7370831221342087 0.590097532396733 0.5404320763577504
v 0.7712518870830536 0.5553420787040921 0.51715689997314
v 0.79874187707901 0.515376590770642 0.4934595417748536
v 0.8188756108283997 0.4711856714520864 0.46992237248545027
v 0.8311575055122375 0.4238558136816185 0.44712667307788245
v 0.8352862596511841 0.37455410284443325 0.4256323171362336
v 0.8311575055122375 0.324493723943784 0.40596954792273887
v 0.8188756108283997 0.27490746692871 0.38862127817362757
v 0.79874187707901 0.22701647619721887 0.3740168714710822
v 0.7712518870830536 0.1820000459878322 0.3625135666181254
v 0.7370831221342087 0.14096619394367987 0.354395784683715
v 0.6970762461423874 0.10492527748883013 0.34986352716639313
v 0.6522168815135956 0.07476540685345617 0.34902826426694766
v 0.603608749806881 0.051229107781876115 0.3519100504682976
v 0.5524500012397766 0.034895668297520555 0.35843832314703766
v 0.5498343743383884 0.6653225762460224 0.6108571183863633
v 0.5984425023198128 0.661394298076311 0.5874366823758634
v 0.6446256190538406 0.6496444105813599 0.5618635538972045
v 0.6872481256723404 0.6303620772416672 0.5347675929333063
v 0.725260004401207 0.604022186068708 0.50681498861152
v 0.7577250003814697 0.5712736689499176 0.4786946387314972
v 0.7838437557220459 0.5329228661346646 0.45109908582189717
v 0.802973747253418 0.4899141997487973 0.42470770546824255
v 0.8146437406539917 0.44330617521128035 0.40016934647991287
v 0.8185656368732452 0.3942467519654339 0.37809005654925915
v 0.8146437406539917 0.34394408547344585 0.3590122213247693
v 0.802973747253418 0.2936359952254209 0.3434066111564198
v 0.7838437557220459 0.24456275156124152 0.33165641551812575
v 0.7577250003814697 0.1979316362336577 0.32405130537648263
v 0.725260004401207 0.1548908476156549 0.3207786969374846
v 0.6872481256723404 0.11650025588378021 0.321919057341129
v 0.6446256190538406 0.08370584948184562 0.32744412641987125
v 0.5984425023198128 0.05731449179257214 0.3372186338574269
v 0.5498343743383884 0.03797603053901211 0.35100167084660683
v 0.545991875231266 0.6682087273497244 0.6038893332487478
v 0.5908512473106384 0.6670953242166371 0.5736731877484448
v 0.6334737539291382 0.6580199165673604 0.541643293754065
v 0.6728093773126602 0.6412063693849541 0.508587155766647
v 0.7078906297683716 0.6170678661383938 0.47531993085690394
v 0.7378518730401993 0.586199516353044 0.44266045550095806
v 0.7619574964046478 0.5493612710304641 0.41141326577867776
v 0.7796118855476379 0.5074604722616062 0.382347256398725
v 0.7903818786144257 0.4615281283599728 0.3561776600554125
v 0.7940018773078918 0.412695924040765 0.3335498151104399
v 0.7903818786144257 0.36216603862213825 0.31502053490026893
v 0.7796118855476379 0.31118226773822977 0.3010461620869023
v 0.7619574964046478 0.26100115645704103 0.2919705954749064
v 0.7378518730401993 0.21285748363678414 0.2880171221459435
v 0.7078906297683716 0.16793652768534073 0.2892836391828686
v 0.6728093773126602 0.12734454802706713 0.2957386201744698
v 0.6334737539291382 0.09208135546784618 0.30722386627673165
v 0.5908512473106384 0.06301551793289822 0.3234551392300082
v 0.545991875231266 0.0408621816427141 0.34403388570899135
v 0.5410168766975403 0.6708293905357555 0.5975624926426196
v 0.5810237526893616 0.672271836797599 0.5611759808696912
v 0.6190349981188774 0.6656250302989326 0.5232829250399137
v 0.6541162431240082 0.6510525741944766 0.48481631457759444
v 0.6854018718004227 0.628912874434528 0.44672355118195484
v 0.7121224999427795 0.5997515349200067 0.40994298847906496
v 0.7336200028657913 0.5642871241360181 0.3753790687812608
v 0.7493650019168854 0.5233923020093871 0.34388441694821303
v 0.7589699923992157 0.47807344236676513 0.31623373858649295
v 0.7621981203556061 0.42944740931424963 0.2931081521733002
v 0.7589699923992157 0.3787113526289306 0.27507661343134937
v 0.7493650019168854 0.3271140974860108 0.26258332263639034
v 0.7336200028657913 0.27592700956259497 0.25593639847748945
v 0.7121224999427795 0.22640950220374675 0.2552996551240504
v 0.6854018718004227 0.17978153598147495 0.2606872595079195
v 0.6541162431240082 0.1371907528365897 0.27196777898541713
v 0.6190349981188774 0.09968646919941831 0.28886349756258034
v 0.5810237526893616 0.06819203051386025 0.3109579323512547
v 0.5410168766975403 0.043482844828745204 0.33770704510286326
v 0.5350318737328053 0.6731197520130155 0.5920330709014816
v 0.5692006275057793 0.6767963509241345 0.5502528375022608
v 0.601665623486042 0.6722720022014611 0.5072357153241163
v 0.6316275000572205 0.6596586435808516 0.46403942514628416
v 0.6583481281995773 0.6392658938940247 0.4217291511913257
v 0.6811693757772446 0.6115967827180964 0.38134603059524663
v 0.6995306313037872 0.5773325618525347 0.34388459611895295
v 0.7129781246185303 0.5373169571069691 0.31026732576026317
v 0.7211812436580658 0.4925345704398103 0.2813214870653329
v 0.7239381223917007 0.44408887665735824 0.25776052314052456
v 0.7211812436580658 0.3931724807019758 0.2401643619101893
v 0.7129781246185303 0.3410387525835927 0.22896623144844047
v 0.6995306313037872 0.2889724472791116 0.22444192581518152
v 0.6811693757772446 0.2382547500018365 0.22670269724023207
v 0.6583481281995773 0.19013455544097155 0.23569285951729035
v 0.6316275000572205 0.14579682222296464 0.2511908895541069
v 0.601665623486042 0.1063334411019469 0.272816287846783
v 0.5692006275057793 0.07271654464039568 0.3000347889838242
v 0.5350318737328053 0.04577320630600523 0.3321776233617252
v 0.528183750808239 0.675023601527913 0.5874367715818988
v 0.555673748254776 0.6805571702973541 0.5411734163657984
v 0.5817925035953522 0.6777974748340131 0.4938960443560879
v 0.6058981269598007 0.6668121963338262 0.44676922107090156
v 0.6273956298828125 0.6478719689828271 0.40095224799313756
v 0.6457562446594238 0.621442987527619 0.35757518940619404
v 0.6605274975299835 0.5881768511446078 0.3177041658357326
v 0.6713462471961975 0.548891938353133 0.28232284905156024
v 0.6779462546110153 0.5045553788737085 0.252300688313527
v 0.6801643818616867 0.45625964752996406 0.22837768303534423
v 0.6779462546110153 0.405193289135874 0.2111435631583834
v 0.6713462471961975 0.3526137338297565 0.20102175473973755
v 0.6605274975299835 0.29981673657118474 0.1982614955319612
v 0.6457562446594238 0.24810095481135908 0.20293185605117947
v 0.6273956298828125 0.19874063052977398 0.2149159563191022
v 0.6058981269598007 0.15295037497593922 0.2339206854787243
v 0.5817925035953522 0.11185891373449885 0.2594766168787547
v 0.555673748254776 0.07647736401361532 0.29095536784736176
v 0.528183750808239 0.0476770558209027 0.3275813240421423
v 0.5206418745219707 0.6764940622750863 0.5838867653031354
v 0.5407762490212917 0.6834622178202236 0.5341600112367484
v 0.5599062517285347 0.6820651088572067 0.48359306441804895
v 0.5775606259703636 0.6723376661151643 0.43342955698631214
v 0.5933056250214577 0.6545189408853557 0.3849050382773402
v 0.6067531257867813 0.6290481041104048 0.33921481380860385
v 0.6175718754529953 0.5965523599818221 0.2974838988091541
v 0.6254956275224686 0.5578321357771394 0.26073930318023086
v 0.6303299963474274 0.5138399915145779 0.2298856505545594
v 0.6319543719291687 0.4656597913522243 0.20568372833138587
v 0.6303299963474274 0.4144779017767434 0.18872852539941581
v 0.6254956275224686 0.36155393125376295 0.17943820886840817
v 0.6175718754529953 0.30819224540839907 0.17804122850538268
v 0.6067531257867813 0.255706071394145 0.1845714804535893
v 0.5933056250214577 0.20538760243230256 0.19886874660330484
v 0.5775606259703636 0.15847584475727744 0.22058102139413482
v 0.5599062517285347 0.11612654775769254 0.2491736369407156
v 0.5407762490212917 0.07938241153648484 0.28394196271831185
v 0.5206418745219707 0.04914751656807609 0.324031317763379
v 0.5125925000756979 0.677495019355496 0.5814702411442569
v 0.5248743742704391 0.6854392551410224 0.5293870209235583
v 0.5365437492728233 0.68497015923129 0.47657965240556005
v 0.5473137497901917 0.6760987249903395 0.4243495576409805
v 0.5569187514483929 0.6590434521606773 0.37398190179334867
v 0.5651218742132187 0.6342246195425807 0.32671760004641137
v 0.5717212483286858 0.6022536241984968 0.2837198294145857
v 0.5765556246042252 0.5639175155110148 0.24604789689451845
v 0.5795037522912025 0.5201595357318014 0.2146289211973219
v 0.5804949998855591 0.4720584966681678 0.19023588717600615
v 0.5795037522912025 0.4207974459939669 0.17347179604217833
v 0.5765556246042252 0.36763931098763836 0.1647468025826958
v 0.5717212483286858 0.31389350962507373 0.16427715911081425
v 0.5651218742132187 0.26088258682632076 0.1720742666913968
v 0.5569187514483929 0.2099121137076242 0.18794561011931332
v 0.5473137497901917 0.1622369036324526 0.21150102204880322
v 0.5365437492728233 0.11903159813177583 0.24216022492822675
v 0.5248743742704391 0.08135944885728363 0.2791689724051217
v 0.5125925000756979 0.05014847364848579 0.32161479360450057
v 0.5042325002141297 0.678001835431077 0.5802466789009609
v 0.5083600003272295 0.6864404502977808 0.5269699219975301
v 0.5122818751260638 0.6864406157016428 0.4730296564519551
v 0.5159018747508526 0.6780025773564508 0.4197532514379587
v 0.5191300008445978 0.6613338150635442 0.36845247661049113
v 0.5218868758529425 0.6368452841542186 0.3203907559985638
v 0.5241049993783236 0.6051397710253782 0.2767520546021286
v 0.5257293749600649 0.5669981265209065 0.23861064401404192
v 0.5267206244170666 0.5233587686387955 0.20690528972406663
v 0.5270537491887808 0.4752974298754996 0.1824164106992452
v 0.5267206244170666 0.42399667890096093 0.16574816456892305
v 0.5257293749600649 0.3707199219975301 0.15730954970221928
v 0.5241049993783236 0.3167796564519551 0.15730938429835717
v 0.5218868758529425 0.2635032514379587 0.16574742264354925
v 0.5191300008445978 0.21220247661049113 0.18241618493645578
v 0.5159018747508526 0.16414075599856381 0.2069047158457814
v 0.5122818751260638 0.1205020546021286 0.2386102289746218
v 0.5083600003272295 0.08236064401404192 0.27675187347909347
v 0.5042325002141297 0.05065528972406663 0.3203912313612045
v 0.4957674997858703 0.678001835431077 0.5802466789009609
v 0.4916399996727705 0.6864404502977808 0.5269699219975301
v 0.4877181248739362 0.6864406157016428 0.4730296564519551
v 0.4840981252491474 0.6780025773564508 0.4197532514379587
v 0.4808699991554022 0.6613338150635442 0.36845247661049113
v 0.47811312414705753 0.6368452841542186 0.3203907559985638
v 0.47589500062167645 0.6051397710253782 0.2767520546021286
v 0.4742706250399351 0.5669981265209065 0.23861064401404192
v 0.4732793755829334 0.5233587686387955 0.20690528972406663
v 0.4729462508112192 0.4752974298754996 0.1824164106992452
v 0.4732793755829334 0.42399667890096093 0.16574816456892305
v 0.4742706250399351 0.3707199219975301 0.15730954970221928
v 0.47589500062167645 0.3167796564519551 0.15730938429835717
v 0.47811312414705753 0.2635032514379587 0.16574742264354925
v 0.4808699991554022 0.21220247661049113 0.18241618493645578
v 0.4840981252491474 0.16414075599856381 0.2069047158457814
v 0.4877181248739362 0.1205020546021286 0.2386102289746218
v 0.4916399996727705 0.08236064401404192 0.27675187347909347
v 0.4957674997858703 0.05065528972406663 0.3203912313612045
v 0.4874074999243021 0.677495019355496 0.5814702411442569
v 0.47512562572956085 0.6854392551410224 0.5293870209235583
v 0.46345625072717667 0.68497015923129 0.47657965240556005
v 0.45268625020980835 0.6760987249903395 0.4243495576409805
v 0.44308124855160713 0.6590434521606773 0.37398190179334867
v 0.4348781257867813 0.6342246195425807 0.32671760004641137
v 0.42827875167131424 0.6022536241984968 0.2837198294145857
v 0.42344437539577484 0.5639175155110148 0.24604789689451845
v 0.42049624770879745 0.5201595357318014 0.2146289211973219
v 0.4195050001144409 0.4720584966681678 0.19023588717600615
v 0.42049624770879745 0.4207974459939669 0.17347179604217833
v 0.42344437539577484 0.36763931098763836 0.1647468025826958
v 0.42827875167131424 0.31389350962507373 0.16427715911081425
v 0.4348781257867813 0.26088258682632076 0.1720742666913968
v 0.44308124855160713 0.2099121137076242 0.18794561011931332
v 0.45268625020980835 0.1622369036324526 0.21150102204880322
v 0.46345625072717667 0.11903159813177583 0.24216022492822675
v 0.47512562572956085 0.08135944885728363 0.2791689724051217
v 0.4874074999243021 0.05014847364848579 0.32161479360450057
v 0.47935812547802925 0.6764940622750863 0.5838867653031354
v 0.45922375097870827 0.6834622178202236 0.5341600112367484
v 0.4400937482714653 0.6820651088572067 0.48359306441804895
v 0.4224393740296364 0.6723376661151643 0.43342955698631214
v 0.40669437497854233 0.6545189408853557 0.3849050382773402
v 0.3932468742132187 0.6290481041104048 0.33921481380860385
v 0.3824281245470047 0.5965523599818221 0.2974838988091541
v 0.37450437247753143 0.5578321357771394 0.26073930318023086
v 0.36967000365257263 0.5138399915145779 0.2298856505545594
v 0.3680456280708313 0.4656597913522243 0.20568372833138587
v 0.36967000365257263 0.4144779017767434 0.18872852539941581
v 0.37450437247753143 0.36155393125376295 0.17943820886840817
v 0.3824281245470047 0.30819224540839907 0.17804122850538268
v 0.3932468742132187 0.255706071394145 0.1845714804535893
v 0.40669437497854233 0.20538760243230256 0.19886874660330484
v 0.4224393740296364 0.15847584475727744 0.22058102139413482
v 0.4400937482714653 0.11612654775769254 0.2491736369407156
v 0.45922375097870827 0.07938241153648484 0.28394196271831185
v 0.47935812547802925 0.04914751656807609 0.324031317763379
v 0.471816249191761 0.675023601527913 0.5874367715818988
v 0.444326251745224 0.6805571702973541 0.5411734163657984
v 0.4182074964046478 0.6777974748340131 0.4938960443560879
v 0.3941018730401993 0.6668121963338262 0.44676922107090156
v 0.3726043701171875 0.6478719689828271 0.40095224799313756
v 0.35424375534057617 0.621442987527619 0.35757518940619404
v 0.3394725024700165 0.5881768511446078 0.3177041658357326
v 0.3286537528038025 0.548891938353133 0.28232284905156024
v 0.3220537453889847 0.5045553788737085 0.252300688313527
v 0.3198356181383133 0.45625964752996406 0.22837768303534423
v 0.3220537453889847 0.405193289135874 0.2111435631583834
v 0.3286537528038025 0.3526137338297565 0.20102175473973755
v 0.3394725024700165 0.29981673657118474 0.1982614955319612
v 0.35424375534057617 0.24810095481135908 0.20293185605117947
v 0.3726043701171875 0.19874063052977398 0.2149159563191022
v 0.3941018730401993 0.15295037497593922 0.2339206854787243
v 0.4182074964046478 0.11185891373449885 0.2594766168787547
v 0.444326251745224 0.07647736401361532 0.29095536784736176
v 0.471816249191761 0.0476770558209027 0.3275813240421423
v 0.46496812626719475 0.6731197520130155 0.5920330709014816
v 0.43079937249422073 0.6767963509241345 0.5502528375022608
v 0.398334376513958 0.6722720022014611 0.5072357153241163
v 0.36837249994277954 0.6596586435808516 0.46403942514628416
v 0.34165187180042267 0.6392658938940247 0.4217291511913257
v 0.31883062422275543 0.6115967827180964 0.38134603059524663
v 0.30046936869621277 0.5773325618525347 0.34388459611895295
v 0.2870218753814697 0.5373169571069691 0.31026732576026317
v 0.2788187563419342 0.4925345704398103 0.2813214870653329
v 0.27606187760829926 0.44408887665735824 0.25776052314052456
v 0.2788187563419342 0.3931724807019758 0.2401643619101893
v 0.2870218753814697 0.3410387525835927 0.22896623144844047
v 0.30046936869621277 0.2889724472791116 0.22444192581518152
v 0.31883062422275543 0.2382547500018365 0.22670269724023207
v 0.34165187180042267 0.19013455544097155 0.23569285951729035
v 0.36837249994277954 0.14579682222296464 0.2511908895541069
v 0.398334376513958 0.1063334411019469 0.272816287846783
v 0.43079937249422073 0.07271654464039568 0.3000347889838242
v 0.46496812626719475 0.04577320630600523 0.3321776233617252
v 0.4589831233024597 0.6708293905357555 0.5975624926426196
v 0.4189762473106384 0.672271836797599 0.5611759808696912
v 0.3809650018811226 0.6656250302989326 0.5232829250399137
v 0.3458837568759918 0.6510525741944766 0.48481631457759444
v 0.31459812819957733 0.628912874434528 0.44672355118195484
v 0.28787750005722046 0.5997515349200067 0.40994298847906496
v 0.2663799971342087 0.5642871241360181 0.3753790687812608
v 0.2506349980831146 0.5233923020093871 0.34388441694821303
v 0.2410300076007843 0.47807344236676513 0.31623373858649295
v 0.23780187964439392 0.42944740931424963 0.2931081521733002
v 0.2410300076007843 0.3787113526289306 0.27507661343134937
v 0.2506349980831146 0.3271140974860108 0.26258332263639034
v 0.2663799971342087 0.27592700956259497 0.25593639847748945
v 0.28787750005722046 0.22640950220374675 0.2552996551240504
v 0.31459812819957733 0.17978153598147495 0.2606872595079195
v 0.3458837568759918 0.1371907528365897 0.27196777898541713
v 0.3809650018811226 0.09968646919941831 0.28886349756258034
v 0.4189762473106384 0.06819203051386025 0.3109579323512547
v 0.4589831233024597 0.043482844828745204 0.33770704510286326
v 0.454008124768734 0.6682087273497244 0.6038893332487478
v 0.4091487526893616 0.6670953242166371 0.5736731877484448
v 0.3665262460708618 0.6580199165673604 0.541643293754065
v 0.3271906226873398 0.6412063693849541 0.508587155766647
v 0.2921093702316284 0.6170678661383938 0.47531993085690394
v 0.2621481269598007 0.586199516353044 0.44266045550095806
v 0.23804250359535217 0.5493612710304641 0.41141326577867776
v 0.22038811445236206 0.5074604722616062 0.382347256398725
v 0.20961812138557434 0.4615281283599728 0.3561776600554125
v 0.20599812269210815 0.412695924040765 0.3335498151104399
v 0.20961812138557434 0.36216603862213825 0.31502053490026893
v 0.22038811445236206 0.31118226773822977 0.3010461620869023
v 0.23804250359535217 0.26100115645704103 0.2919705954749064
v 0.2621481269598007 0.21285748363678414 0.2880171221459435
v 0.2921093702316284 0.16793652768534073 0.2892836391828686
v 0.3271906226873398 0.12734454802706713 0.2957386201744698
v 0.3665262460708618 0.09208135546784618 0.30722386627673165
v 0.4091487526893616 0.06301551793289822 0.3234551392300082
v 0.454008124768734 0.0408621816427141 0.34403388570899135
v 0.45016562566161156 0.6653225762460224 0.6108571183863633
v 0.4015574976801872 0.661394298076311 0.5874366823758634
v 0.35537438094615936 0.6496444105813599 0.5618635538972045
v 0.3127518743276596 0.6303620772416672 0.5347675929333063
v 0.27473999559879303 0.604022186068708 0.50681498861152
v 0.24227499961853027 0.5712736689499176 0.4786946387314972
v 0.2161562442779541 0.5329228661346646 0.45109908582189717
v 0.19702625274658203 0.4899141997487973 0.42470770546824255
v 0.1853562593460083 0.44330617521128035 0.40016934647991287
v 0.18143436312675476 0.3942467519654339 0.37809005654925915
v 0.1853562593460083 0.34394408547344585 0.3590122213247693
v 0.19702625274658203 0.2936359952254209 0.3434066111564198
v 0.2161562442779541 0.24456275156124152 0.33165641551812575
v 0.24227499961853027 0.1979316362336577 0.32405130537648263
v 0.27473999559879303 0.1548908476156549 0.3207786969374846
v 0.3127518743276596 0.11650025588378021 0.321919057341129
v 0.35537438094615936 0.08370584948184562 0.32744412641987125
v 0.4015574976801872 0.05731449179257214 0.3372186338574269
v 0.45016562566161156 0.03797603053901211 0.35100167084660683
v 0.4475499987602234 0.6622422140045309 0.6182937706867941
v 0.39639125019311905 0.655308914065615 0.6021280989867341
v 0.3477831184864044 0.6407039679529705 0.583447691744281
v 0.3029237538576126 0.618787098846717 0.5627120627585704
v 0.2629168778657913 0.590097532396733 0.5404320763577504
v 0.2287481129169464 0.5553420787040921 0.51715689997314
v 0.20125812292099 0.515376590770642 0.4934595417748536
v 0.18112438917160034 0.4711856714520864 0.46992237248545027
v 0.16884249448776245 0.4238558136816185 0.44712667307788245
v 0.16471374034881592 0.37455410284443325 0.4256323171362336
v 0.16884249448776245 0.324493723943784 0.40596954792273887
v 0.18112438917160034 0.27490746692871 0.38862127817362757
v 0.20125812292099 0.22701647619721887 0.3740168714710822
v 0.2287481129169464 0.1820000459878322 0.3625135666181254
v 0.2629168778657913 0.14096619394367987 0.354395784683715
v 0.3029237538576126 0.10492527748883013 0.34986352716639313
v 0.3477831184864044 0.07476540685345617 0.34902826426694766
v 0.39639125019311905 0.051229107781876115 0.3519100504682976
v 0.4475499987602234 0.034895668297520555 0.35843832314703766
v 0.4462256245315075 0.6590429805629343 0.6260174034506941
v 0.39377500116825104 0.6489891367616669 0.6173853910651033
v 0.3439406305551529 0.6314193506788787 0.6058627406888368
v 0.2979487478733063 0.6067662946896395 0.5917328511852179
v 0.256931871175766 0.5756364036108843 0.5753443295997701
v 0.22189998626708984 0.5387967611332826 0.5571008300463582
v 0.19371625781059265 0.49715464118596675 0.5374512195950553
v 0.1730743646621704 0.4517353077840142 0.5168797042459989
v 0.1604824960231781 0.40365658513577873 0.49589192458272263
v 0.15625 0.3541030215979069 0.4750055948467916
v 0.1604824960231781 0.3042944953979442 0.45473479942757905
v 0.1730743646621704 0.2554571032606378 0.4355786099341763
v 0.19371625781059265 0.20879452661254366 0.4180085492912839
v 0.22189998626708984 0.1654547284170227 0.4024574966913437
v 0.256931871175766 0.12650506515783122 0.38930803792573476
v 0.2979487478733063 0.09290447333175256 0.37888431559304064
v 0.3439406305551529 0.06548078957936443 0.3714433132115035
v 0.39377500116825104 0.044909330477928056 0.3671673425466667
v 0.4462256245315075 0.031696434855923994 0.3661619559109377
v 0.4462256245315075 0.655803565144076 0.6338380440890623
v 0.39377500116825104 0.642590669522072 0.6328326574533333
v 0.3439406305551529 0.6220192104206356 0.6285566867884965
v 0.2979487478733063 0.5945955266682474 0.6211156844069594
v 0.256931871175766 0.5609949348421688 0.6106919620742652
v 0.22189998626708984 0.5220452715829773 0.5975425033086563
v 0.19371625781059265 0.47870547338745634 0.5819914507087162
v 0.1730743646621704 0.4320428967393622 0.5644213900658237
v 0.1604824960231781 0.3832055046020558 0.5452652005724209
v 0.15625 0.3333969784020931 0.5249944051532084
v 0.1604824960231781 0.28384341486422127 0.5041080754172773
v 0.1730743646621704 0.23576469221598578 0.483120295754001
v 0.19371625781059265 0.19034535881403325 0.46254878040494474
v 0.22189998626708984 0.14870323886671744 0.44289916995364176
v 0.256931871175766 0.1118635963891157 0.4246556704002299
v 0.2979487478733063 0.0807337053103605 0.4082671488147821
v 0.3439406305551529 0.056080649321121334 0.39413725931116317
v 0.39377500116825104 0.03851086323833314 0.3826146089348967
v 0.4462256245315075 0.02845701943706569 0.3739825965493059
v 0.4475499987602234 0.6526043317024794 0.6415616768529624
v 0.39639125019311905 0.6362708922181239 0.6480899495317024
v 0.3477831184864044 0.6127345931465438 0.6509717357330523
v 0.3029237538576126 0.5825747225111699 0.6501364728336069
v 0.2629168778657913 0.5465338060563201 0.645604215316285
v 0.2287481129169464 0.5054999540121679 0.6374864333818746
v 0.20125812292099 0.4604835238027811 0.6259831285289178
v 0.18112438917160034 0.41259253307129 0.6113787218263724
v 0.16884249448776245 0.363006276056216 0.5940304520772611
v 0.16471374034881592 0.31294589715556675 0.5743676828637664
v 0.16884249448776245 0.2636441863183815 0.5528733269221175
v 0.18112438917160034 0.2163143285479136 0.5300776275145498
v 0.20125812292099 0.17212340922935804 0.5065404582251464
v 0.2287481129169464 0.13215792129590792 0.48284310002686004
v 0.2629168778657913 0.09740246760326704 0.45956792364224963
v 0.3029237538576126 0.06871290115328293 0.4372879372414296
v 0.3477831184864044 0.04679603204702959 0.41655230825571904
v 0.39639125019311905 0.03219108593438508 0.3978719010132658
v 0.4475499987602234 0.02525778599546913 0.3817062293132059
v 0.45016562566161156 0.6495239694609879 0.6489983291533932
v 0.4015574976801872 0.6301855082074279 0.6627813661425731
v 0.35537438094615936 0.6037941505181543 0.6725558735801287
v 0.3127518743276596 0.5709997441162198 0.678080942658871
v 0.27473999559879303 0.5326091523843451 0.6792213030625154
v 0.24227499961853027 0.4895683637663423 0.6759486946235174
v 0.2161562442779541 0.4429372484387585 0.6683435844818743
v 0.19702625274658203 0.3938640047745791 0.6565933888435802
v 0.1853562593460083 0.34355591452655415 0.6409877786752307
v 0.18143436312675476 0.2932532480345661 0.6219099434507408
v 0.1853562593460083 0.24419382478871962 0.5998306535200871
v 0.19702625274658203 0.1975858002512027 0.5752922945317575
v 0.2161562442779541 0.1545771338653354 0.5489009141781028
v 0.24227499961853027 0.11622633105008243 0.5213053612685028
v 0.27473999559879303 0.08347781393129206 0.49318501138848003
v 0.3127518743276596 0.05713792275833285 0.46523240706669367
v 0.35537438094615936 0.037855589418640145 0.43813644610279545
v 0.4015574976801872 0.02610570192368905 0.4125633176241365
v 0.45016562566161156 0.022177423753977576 0.38914288161363675
v 0.454008124768734 0.6466378183572858 0.6559661142910087
v 0.4091487526893616 0.6244844820671018 0.6765448607699918
v 0.3665262460708618 0.5954186445321539 0.6927761337232683
v 0.3271906226873398 0.5601554519729328 0.7042613798255302
v 0.2921093702316284 0.5195634723146593 0.7107163608171314
v 0.2621481269598007 0.47464251636321586 0.7119828778540565
v 0.23804250359535217 0.42649884354295897 0.7080294045250937
v 0.22038811445236206 0.37631773226177023 0.6989538379130977
v 0.20961812138557434 0.32533396137786175 0.6849794650997311
v 0.20599812269210815 0.274804075959235 0.6664501848895601
v 0.20961812138557434 0.22597187164002722 0.6438223399445875
v 0.22038811445236206 0.1800395277383938 0.617652743601275
v 0.23804250359535217 0.13813872896953588 0.5885867342213222
v 0.2621481269598007 0.10130048364695599 0.5573395444990419
v 0.2921093702316284 0.07043213386160618 0.5246800691430961
v 0.3271906226873398 0.04629363061504593 0.49141284423335296
v 0.3665262460708618 0.02948008343263958 0.45835670624593505
v 0.4091487526893616 0.02040467578336297 0.4263268122515552
v 0.454008124768734 0.01929127265027558 0.3961106667512522
v 0.4589831233024597 0.6440171551712548 0.6622929548971368
v 0.4189762473106384 0.6193079694861398 0.6890420676487453
v 0.3809650018811226 0.5878135308005816 0.7111365024374197
v 0.3458837568759918 0.5503092471634103 0.7280322210145829
v 0.31459812819957733 0.507718464018525 0.7393127404920805
v 0.28787750005722046 0.4610904977962532 0.7447003448759496
v 0.2663799971342087 0.41157299043740503 0.7440636015225106
v 0.2506349980831146 0.3603859025139892 0.7374166773636097
v 0.2410300076007843 0.3087886473710694 0.7249233865686506
v 0.23780187964439392 0.25805259068575037 0.7068918478266998
v 0.2410300076007843 0.20942655763323487 0.683766261413507
v 0.2506349980831146 0.1641076979906128 0.656115583051787
v 0.2663799971342087 0.12321287586398194 0.6246209312187392
v 0.28787750005722046 0.08774846507999334 0.590057011520935
v 0.31459812819957733 0.058587125565471965 0.5532764488180452
v 0.3458837568759918 0.03644742580552335 0.5151836854224056
v 0.3809650018811226 0.021874969701067448 0.47671707496008636
v 0.4189762473106384 0.015228163202400946 0.4388240191303088
v 0.4589831233024597 0.01667060946424448 0.4024375073573803
v 0.46496812626719475 0.6417267936939948 0.6678223766382748
v 0.43079937249422073 0.6147834553596043 0.6999652110161758
v 0.398334376513958 0.5811665588980531 0.727183712153217
v 0.36837249994277954 0.5417031777770354 0.7488091104458932
v 0.34165187180042267 0.4973654445590284 0.7643071404827096
v 0.31883062422275543 0.4492452499981635 0.7732973027597679
v 0.30046936869621277 0.3985275527208884 0.7755580741848185
v 0.2870218753814697 0.3464612474164073 0.7710337685515596
v 0.2788187563419342 0.2943275192980242 0.7598356380898107
v 0.27606187760829926 0.24341112334264176 0.7422394768594754
v 0.2788187563419342 0.19496542956018967 0.7186785129346671
v 0.2870218753814697 0.15018304289303092 0.6897326742397368
v 0.30046936869621277 0.11016743814746532 0.656115403881047
v 0.31883062422275543 0.07590321728190363 0.6186539694047534
v 0.398334376513958 0.015227997798538895 0.49276428467588373
v 0.36837249994277954 0.027841356419148422 0.5359605748537158
v 0.43079937249422073 0.010703649075865518 0.44974716249773916
v 0.46496812626719475 0.014380247986984451 0.4079669290985184
v 0.471816249191761 0.6398229441790972 0.6724186759578576
v 0.444326251745224 0.6110226359863846 0.7090446321526382
v 0.4182074964046478 0.5756410862655011 0.7405233831212453
v 0.3941018730401993 0.5345496250240608 0.7660793145212756
v 0.3726043701171875 0.488759369470226 0.7850840436808978
v 0.35424375534057617 0.4393990451886409 0.7970681439488205
v 0.3394725024700165 0.38768326342881526 0.8017385044680387
v 0.3286537528038025 0.3348862661702435 0.7989782452602625
v 0.3220537453889847 0.282306710864126 0.7888564368416167
v 0.3198356181383133 0.23124035247003596 0.7716223169646558
v 0.3220537453889847 0.18294462112629148 0.747699311686473
v 0.3286537528038025 0.13860806164686706 0.7176771509484398
v 0.3394725024700165 0.09932314885539217 0.6822958341642674
v 0.35424375534057617 0.06605701247238105 0.642424810593806
v 0.4182074964046478 0.009702525165986908 0.5061039556439121
v 0.3941018730401993 0.020687803666173843 0.5532307789290984
v 0.444326251745224 0.00694282970264587 0.45882658363420165
v 0.471816249191761 0.01247639847208698 0.4125632284181013
v 0.47935812547802925 0.6383524834319239 0.675968682236621
v 0.45922375097870827 0.6081175884635152 0.7160580372816882
v 0.4400937482714653 0.5713734522423075 0.7508263630592844
v 0.4224393740296364 0.5290241552427226 0.7794189786058652
v 0.40669437497854233 0.4821123975676974 0.8011312533966952
v 0.3932468742132187 0.431793928605855 0.8154285195464107
v 0.3824281245470047 0.37930775459160093 0.8219587714946173
v 0.37450437247753143 0.32594606874623705 0.8205617911315919
v 0.36967000365257263 0.2730220982232566 0.8112714746005842
v 0.3680456280708313 0.2218402086477757 0.7943162716686141
v 0.36967000365257263 0.17366000848542207 0.7701143494454405
v 0.37450437247753143 0.12966786422286064 0.7392606968197691
v 0.3824281245470047 0.09094764001817784 0.7025161011908458
v 0.3932468742132187 0.05845189588959515 0.6607851861913961
v 0.4400937482714653 0.005434891142793219 0.516406935581951
v 0.4224393740296364 0.015162333884835622 0.5665704430136879
v 0.45922375097870827 0.00403778217977635 0.4658399887632516
v 0.47935812547802925 0.011005937724913595 0.41611323469686456
v 0.4874074999243021 0.6373515263515142 0.6783852063954994
v 0.47512562572956085 0.6061405511427164 0.7208310275948784
v 0.46345625072717667 0.5684684018682242 0.7578397750717732
v 0.45268625020980835 0.5252630963675474 0.7884989779511968
v 0.44308124855160713 0.4775878862923758 0.8120543898806867
v 0.4348781257867813 0.42661741317367924 0.8279257333086032
v 0.42827875167131424 0.37360649037492627 0.8357228408891857
v 0.42344437539577484 0.31986068901236164 0.8352531974173042
v 0.42049624770879745 0.2667025540060331 0.8265282039578217
v 0.4195050001144409 0.21544150333183218 0.8097641128239939
v 0.42049624770879745 0.16734046426819854 0.7853710788026781
v 0.42344437539577484 0.12358248448898523 0.7539521031054816
v 0.42827875167131424 0.08524637580150318 0.7162801705854143
v 0.4348781257867813 0.05327538045741936 0.6732823999535886
v 0.46345625072717667 0.0025298407687099345 0.5234203475944399
v 0.45268625020980835 0.011401275009660483 0.5756504423590195
v 0.47512562572956085 0.002060744858977559 0.47061297907644173
v 0.4874074999243021 0.010004980644503891 0.418529758855743
v 0.4957674997858703 0.6368447102759334 0.6796087686387955
v 0.4916399996727705 0.6051393559859581 0.7232481265209065
v 0.4877181248739362 0.5669979453978714 0.7613897710253782
v 0.4840981252491474 0.5233592440014362 0.7930952841542186
v 0.4808699991554022 0.47529752338950887 0.8175838150635442
v 0.47811312414705753 0.4239967485620413 0.8342525773564508
v 0.47589500062167645 0.3707203435480449 0.8426906157016428
v 0.4742706250399351 0.3167800780024699 0.8426904502977808
v 0.4732793755829334 0.26350332109903907 0.834251835431077
v 0.4729462508112192 0.21220257012450042 0.8175835893007548
v 0.4732793755829334 0.1641412313612045 0.7930947102759334
v 0.4742706250399351 0.1205018734790935 0.7613893559859581
v 0.47589500062167645 0.08236022897462181 0.7232479453978714
v 0.47811312414705753 0.050654715845781406 0.6796092440014362
v 0.4877181248739362 0.0010593842983571689 0.5269703435480448
v 0.4840981252491474 0.009497422643549247 0.5802467485620413
v 0.4916399996727705 0.0010595497022192757 0.4730300780024699
v 0.4957674997858703 0.009498164568923051 0.41975332109903907
v 0.5191300008445978 0.026166184936455783 0.6315475233895089
v 0.4808699991554022 0.026166184936455783 0.6315475233895089
v 0.44308124855160713 0.02845654783932272 0.6260180982066513
v 0.40669437497854233 0.03298105911464433 0.6150949617226598
v 0.3726043701171875 0.03962803101717294 0.5990477520068624
v 0.34165187180042267 0.04823410610597534 0.5782708488086743
vt 0.5049987435340881 0.7529296875
vt 0.4995826482772827 0.7528114318847656
vt 0.505690336227417 0.7490429878234863
vt 0.5049987435340881 0.7529296875
vt 0.5043687224388123 0.7512315511703491
vt 0.4938400089740753 0.7510006427764893
vt 0.5049987435340881 0.7529296875
vt 0.4938400089740753 0.7510006427764893
vt 0.4995826482772827 0.7528114318847656
vt 0.5043687224388123 0.7512315511703491
vt 0.5038118958473206 0.7442547082901001
vt 0.48858359456062317 0.7439151406288147
vt 0.5043687224388123 0.7512315511703491
vt 0.48858359456062317 0.7439151406288147
vt 0.4938400089740753 0.7510006427764893
vt 0.5038118958473206 0.7442547082901001
vt 0.5033378005027771 0.732403576374054
vt 0.48391249775886536 0.7319581508636475
vt 0.5038118958473206 0.7442547082901001
vt 0.48391249775886536 0.7319581508636475
vt 0.48858359456062317 0.7439151406288147
vt 0.5033378005027771 0.732403576374054
vt 0.5029534101486206 0.716152012348175
vt 0.47990405559539795 0.715603768825531
vt 0.5033378005027771 0.732403576374054
vt 0.47990405559539795 0.715603768825531
vt 0.48391249775886536 0.7319581508636475
vt 0.5029534101486206 0.716152012348175
vt 0.5026631355285645 0.6960203051567078
vt 0.47661593556404114 0.6953728199005127
vt 0.5029534101486206 0.716152012348175
vt 0.47661593556404114 0.6953728199005127
vt 0.47990405559539795 0.715603768825531
vt 0.5026631355285645 0.6960203051567078
vt 0.5024688839912415 0.6725550293922424
vt 0.4740884304046631 0.6718139052391052
vt 0.5026631355285645 0.6960203051567078
vt 0.4740884304046631 0.6718139052391052
vt 0.47661593556404114 0.6953728199005127
vt 0.5024688839912415 0.6725550293922424
vt 0.5023722052574158 0.6463157534599304
vt 0.4723462462425232 0.6454901695251465
vt 0.5024688839912415 0.6725550293922424
vt 0.4723462462425232 0.6454901695251465
vt 0.4740884304046631 0.6718139052391052
vt 0.5023722052574158 0.6463157534599304
vt 0.5023712515830994 0.6178675293922424
vt 0.47140249609947205 0.6169689297676086
vt 0.5023722052574158 0.6463157534599304
vt 0.47140249609947205 0.6169689297676086
vt 0.4723462462425232 0.6454901695251465
vt 0.5023712515830994 0.6178675293922424
vt 0.5024651288986206 0.5877740383148193
vt 0.47125765681266785 0.5868187546730042
vt 0.5023712515830994 0.6178675293922424
vt 0.47125765681266785 0.5868187546730042
vt 0.47140249609947205 0.6169689297676086
vt 0.5024651288986206 0.5877740383148193
vt 0.5026500225067139 0.5565979480743408
vt 0.4719034433364868 0.5556057691574097
vt 0.5024651288986206 0.5877740383148193
vt 0.4719034433364868 0.5556057691574097
vt 0.47125765681266785 0.5868187546730042
vt 0.5026500225067139 0.5565979480743408
vt 0.5029224753379822 0.5249001383781433
vt 0.473322331905365 0.5238951444625854
vt 0.5026500225067139 0.5565979480743408
vt 0.473322331905365 0.5238951444625854
vt 0.4719034433364868 0.5556057691574097
vt 0.5029224753379822 0.5249001383781433
vt 0.5032773613929749 0.49324262142181396
vt 0.4754890501499176 0.4922522306442261
vt 0.5029224753379822 0.5249001383781433
vt 0.4754890501499176 0.4922522306442261
vt 0.473322331905365 0.5238951444625854
vt 0.5032773613929749 0.49324262142181396
vt 0.5037091970443726 0.46219027042388916
vt 0.47836875915527344 0.46124547719955444
vt 0.5032773613929749 0.49324262142181396
vt 0.47836875915527344 0.46124547719955444
vt 0.4754890501499176 0.4922522306442261
vt 0.5682510733604431 0.05374705791473389
vt 0.5688678026199341 0.027965962886810303
vt 0.5542818903923035 0.027357041835784912
vt 0.5682510733604431 0.05374705791473389
vt 0.5542818903923035 0.027357041835784912
vt 0.5495620369911194 0.05299252271652222
vt 0.5688678026199341 0.027965962886810303
vt 0.5695265531539917 0.005112648010253906
vt 0.5594778060913086 0.004680931568145752
vt 0.5688678026199341 0.027965962886810303
vt 0.5594778060913086 0.004680931568145752
vt 0.5542818903923035 0.027357041835784912
vt 0.5060499906539917 0.35555922985076904
vt 0.50673907995224 0.3362175226211548
vt 0.5015828013420105 0.33599066734313965
vt 0.5060499906539917 0.35555922985076904
vt 0.5015828013420105 0.33599066734313965
vt 0.4960012435913086 0.3551275134086609
vt 0.5015828013420105 0.33599066734313965
vt 0.50673907995224 0.3362175226211548
vt 0.5074448585510254 0.32095468044281006
vt 0.4995826482772827 0.7528114318847656
vt 0.49430984258651733 0.7525343894958496
vt 0.505690336227417 0.7490429878234863
vt 0.4995826482772827 0.7528114318847656
vt 0.4938400089740753 0.7510006427764893
vt 0.4835757911205292 0.7504593729972839
vt 0.4995826482772827 0.7528114318847656
vt 0.4835757911205292 0.7504593729972839
vt 0.49430984258651733 0.7525343894958496
vt 0.4938400089740753 0.7510006427764893
vt 0.48858359456062317 0.7439151406288147
vt 0.47371968626976013 0.7431184649467468
vt 0.4938400089740753 0.7510006427764893
vt 0.47371968626976013 0.7431184649467468
vt 0.4835757911205292 0.7504593729972839
vt 0.48858359456062317 0.7439151406288147
vt 0.48391249775886536 0.7319581508636475
vt 0.4649313986301422 0.7309125065803528
vt 0.48858359456062317 0.7439151406288147
vt 0.4649313986301422 0.7309125065803528
vt 0.47371968626976013 0.7431184649467468
vt 0.48391249775886536 0.7319581508636475
vt 0.47990405559539795 0.715603768825531
vt 0.4573606252670288 0.7143154740333557
vt 0.48391249775886536 0.7319581508636475
vt 0.4573606252670288 0.7143154740333557
vt 0.4649313986301422 0.7309125065803528
vt 0.47990405559539795 0.715603768825531
vt 0.47661593556404114 0.6953728199005127
vt 0.45112061500549316 0.6938507556915283
vt 0.47990405559539795 0.715603768825531
vt 0.45112061500549316 0.6938507556915283
vt 0.4573606252670288 0.7143154740333557
vt 0.47661593556404114 0.6953728199005127
vt 0.4740884304046631 0.6718139052391052
vt 0.4462921917438507 0.6700717210769653
vt 0.47661593556404114 0.6953728199005127
vt 0.4462921917438507 0.6700717210769653
vt 0.45112061500549316 0.6938507556915283
vt 0.4740884304046631 0.6718139052391052
vt 0.4723462462425232 0.6454901695251465
vt 0.44292688369750977 0.6435478329658508
vt 0.4740884304046631 0.6718139052391052
vt 0.44292688369750977 0.6435478329658508
vt 0.4462921917438507 0.6700717210769653
vt 0.4723462462425232 0.6454901695251465
vt 0.47140249609947205 0.6169689297676086
vt 0.4410513937473297 0.614855170249939
vt 0.4723462462425232 0.6454901695251465
vt 0.4410513937473297 0.614855170249939
vt 0.44292688369750977 0.6435478329658508
vt 0.47140249609947205 0.6169689297676086
vt 0.47125765681266785 0.5868187546730042
vt 0.44067123532295227 0.5845712423324585
vt 0.47140249609947205 0.6169689297676086
vt 0.44067123532295227 0.5845712423324585
vt 0.4410513937473297 0.614855170249939
vt 0.6128591895103455 0.10542577505111694
vt 0.6135050058364868 0.07421278953552246
vt 0.5833740830421448 0.07187873125076294
vt 0.6128591895103455 0.10542577505111694
vt 0.5833740830421448 0.07187873125076294
vt 0.5822728276252747 0.10317814350128174
vt 0.6135050058364868 0.07421278953552246
vt 0.614923894405365 0.04250216484069824
vt 0.5859257578849792 0.040138423442840576
vt 0.6135050058364868 0.07421278953552246
vt 0.5859257578849792 0.040138423442840576
vt 0.5833740830421448 0.07187873125076294
vt 0.614923894405365 0.04250216484069824
vt 0.61709064245224 0.010859191417694092
vt 0.5898801684379578 0.008530914783477783
vt 0.614923894405365 0.04250216484069824
vt 0.5898801684379578 0.008530914783477783
vt 0.5859257578849792 0.040138423442840576
vt 0.53310626745224 0.03322732448577881
vt 0.5359859466552734 0.002220630645751953
vt 0.5111889243125916 0
vt 0.53310626745224 0.03322732448577881
vt 0.5111889243125916 0
vt 0.5058957934379578 0.0308990478515625
vt 0.5330562591552734 0.04774749279022217
vt 0.5366060733795166 0.01795017719268799
vt 0.5148095488548279 0.015914559364318848
vt 0.5330562591552734 0.04774749279022217
vt 0.5148095488548279 0.015914559364318848
vt 0.5082592368125916 0.04552704095840454
vt 0.5495620369911194 0.05299252271652222
vt 0.5542818903923035 0.027357041835784912
vt 0.5400490760803223 0.025928914546966553
vt 0.5495620369911194 0.05299252271652222
vt 0.5400490760803223 0.025928914546966553
vt 0.5313060879707336 0.05122143030166626
vt 0.5542818903923035 0.027357041835784912
vt 0.5594778060913086 0.004680931568145752
vt 0.5496839284896851 0.0036692023277282715
vt 0.5542818903923035 0.027357041835784912
vt 0.5496839284896851 0.0036692023277282715
vt 0.5400490760803223 0.025928914546966553
vt 0.4960012435913086 0.3551275134086609
vt 0.5015828013420105 0.33599066734313965
vt 0.4965639114379883 0.3354593515396118
vt 0.4960012435913086 0.3551275134086609
vt 0.4965639114379883 0.3354593515396118
vt 0.48620733618736267 0.3541157841682434
vt 0.4965639114379883 0.3354593515396118
vt 0.5015828013420105 0.33599066734313965
vt 0.5074448585510254 0.32095468044281006
vt 0.49430984258651733 0.7525343894958496
vt 0.4893043637275696 0.7521048188209534
vt 0.505690336227417 0.7490429878234863
vt 0.49430984258651733 0.7525343894958496
vt 0.4835757911205292 0.7504593729972839
vt 0.47380828857421875 0.7496188879013062
vt 0.49430984258651733 0.7525343894958496
vt 0.47380828857421875 0.7496188879013062
vt 0.4893043637275696 0.7521048188209534
vt 0.4835757911205292 0.7504593729972839
vt 0.47371968626976013 0.7431184649467468
vt 0.4595426619052887 0.741879403591156
vt 0.4835757911205292 0.7504593729972839
vt 0.4595426619052887 0.741879403591156
vt 0.47380828857421875 0.7496188879013062
vt 0.47371968626976013 0.7431184649467468
vt 0.4649313986301422 0.7309125065803528
vt 0.44679000973701477 0.7292839288711548
vt 0.47371968626976013 0.7431184649467468
vt 0.44679000973701477 0.7292839288711548
vt 0.4595426619052887 0.741879403591156
vt 0.4649313986301422 0.7309125065803528
vt 0.4573606252670288 0.7143154740333557
vt 0.4357762634754181 0.7123067378997803
vt 0.4649313986301422 0.7309125065803528
vt 0.4357762634754181 0.7123067378997803
vt 0.44679000973701477 0.7292839288711548
vt 0.4573606252670288 0.7143154740333557
vt 0.45112061500549316 0.6938507556915283
vt 0.42667484283447266 0.6914751529693604
vt 0.4573606252670288 0.7143154740333557
vt 0.42667484283447266 0.6914751529693604
vt 0.4357762634754181 0.7123067378997803
vt 0.45112061500549316 0.6938507556915283
vt 0.4462921917438507 0.6700717210769653
vt 0.41960999369621277 0.6673502922058105
vt 0.45112061500549316 0.6938507556915283
vt 0.41960999369621277 0.6673502922058105
vt 0.42667484283447266 0.6914751529693604
vt 0.4462921917438507 0.6700717210769653
vt 0.44292688369750977 0.6435478329658508
vt 0.4146639108657837 0.6405125260353088
vt 0.4462921917438507 0.6700717210769653
vt 0.4146639108657837 0.6405125260353088
vt 0.41960999369621277 0.6673502922058105
vt 0.44292688369750977 0.6435478329658508
vt 0.4410513937473297 0.614855170249939
vt 0.41188061237335205 0.6115509271621704
vt 0.44292688369750977 0.6435478329658508
vt 0.41188061237335205 0.6115509271621704
vt 0.4146639108657837 0.6405125260353088
vt 0.4410513937473297 0.614855170249939
vt 0.44067123532295227 0.5845712423324585
vt 0.41127094626426697 0.5810574889183044
vt 0.4410513937473297 0.614855170249939
vt 0.41127094626426697 0.5810574889183044
vt 0.41188061237335205 0.6115509271621704
vt 0.5822728276252747 0.10317814350128174
vt 0.5833740830421448 0.07187873125076294
vt 0.5544186234474182 0.06823045015335083
vt 0.5822728276252747 0.10317814350128174
vt 0.5544186234474182 0.06823045015335083
vt 0.5528724789619446 0.09966450929641724
vt 0.5833740830421448 0.07187873125076294
vt 0.5859257578849792 0.040138423442840576
vt 0.5580743551254272 0.03644484281539917
vt 0.5833740830421448 0.07187873125076294
vt 0.5580743551254272 0.03644484281539917
vt 0.5544186234474182 0.06823045015335083
vt 0.5859257578849792 0.040138423442840576
vt 0.5898801684379578 0.008530914783477783
vt 0.5637694001197815 0.004894852638244629
vt 0.5859257578849792 0.040138423442840576
vt 0.5637694001197815 0.004894852638244629
vt 0.5580743551254272 0.03644484281539917
vt 0.5029661059379578 0.03436422348022461
vt 0.5082592368125916 0.0034651756286621094
vt 0.48449280858039856 0
vt 0.5029661059379578 0.03436422348022461
vt 0.48449280858039856 0
vt 0.4768553078174591 0.03072810173034668
vt 0.46431389451026917 0.06011468172073364
vt 0.4708642065525055 0.03050220012664795
vt 0.4500046968460083 0.027328908443450928
vt 0.46431389451026917 0.06011468172073364
vt 0.4500046968460083 0.027328908443450928
vt 0.44054749608039856 0.05664968490600586
vt 0.4708642065525055 0.03050220012664795
vt 0.47857171297073364 0.0027577877044677734
vt 0.46113109588623047 0
vt 0.4708642065525055 0.03050220012664795
vt 0.46113109588623047 0
vt 0.4500046968460083 0.027328908443450928
vt 0.5313060879707336 0.05122143030166626
vt 0.5400490760803223 0.025928914546966553
vt 0.5264798402786255 0.023707985877990723
vt 0.5313060879707336 0.05122143030166626
vt 0.5264798402786255 0.023707985877990723
vt 0.5138654708862305 0.04846358299255371
vt 0.5400490760803223 0.025928914546966553
vt 0.5496839284896851 0.0036692023277282715
vt 0.5403671860694885 0.0020979642868041992
vt 0.5400490760803223 0.025928914546966553
vt 0.5403671860694885 0.0020979642868041992
vt 0.5264798402786255 0.023707985877990723
vt 0.48620733618736267 0.3541157841682434
vt 0.4965639114379883 0.3354593515396118
vt 0.49180078506469727 0.33463597297668457
vt 0.48620733618736267 0.3541157841682434
vt 0.49180078506469727 0.33463597297668457
vt 0.4768906235694885 0.35254454612731934
vt 0.49180078506469727 0.33463597297668457
vt 0.4965639114379883 0.3354593515396118
vt 0.5074448585510254 0.32095468044281006
vt 0.4893043637275696 0.7521048188209534
vt 0.48468515276908875 0.7515324950218201
vt 0.505690336227417 0.7490429878234863
vt 0.4893043637275696 0.7521048188209534
vt 0.47380828857421875 0.7496188879013062
vt 0.4647611081600189 0.7484962344169617
vt 0.4893043637275696 0.7521048188209534
vt 0.4647611081600189 0.7484962344169617
vt 0.48468515276908875 0.7515324950218201
vt 0.47380828857421875 0.7496188879013062
vt 0.4595426619052887 0.741879403591156
vt 0.44636592268943787 0.7402207851409912
vt 0.47380828857421875 0.7496188879013062
vt 0.44636592268943787 0.7402207851409912
vt 0.4647611081600189 0.7484962344169617
vt 0.4595426619052887 0.741879403591156
vt 0.44679000973701477 0.7292839288711548
vt 0.4298773407936096 0.7270998358726501
vt 0.4595426619052887 0.741879403591156
vt 0.4298773407936096 0.7270998358726501
vt 0.44636592268943787 0.7402207851409912
vt 0.44679000973701477 0.7292839288711548
vt 0.4357762634754181 0.7123067378997803
vt 0.4156007766723633 0.709608256816864
vt 0.44679000973701477 0.7292839288711548
vt 0.4156007766723633 0.709608256816864
vt 0.4298773407936096 0.7270998358726501
vt 0.4357762634754181 0.7123067378997803
vt 0.42667484283447266 0.6914751529693604
vt 0.40377452969551086 0.6882798671722412
vt 0.4357762634754181 0.7123067378997803
vt 0.40377452969551086 0.6882798671722412
vt 0.4156007766723633 0.709608256816864
vt 0.42667484283447266 0.6914751529693604
vt 0.41960999369621277 0.6673502922058105
vt 0.3945721983909607 0.6636859178543091
vt 0.42667484283447266 0.6914751529693604
vt 0.3945721983909607 0.6636859178543091
vt 0.40377452969551086 0.6882798671722412
vt 0.41960999369621277 0.6673502922058105
vt 0.4146639108657837 0.6405125260353088
vt 0.3881109356880188 0.636422336101532
vt 0.41960999369621277 0.6673502922058105
vt 0.3881109356880188 0.636422336101532
vt 0.3945721983909607 0.6636859178543091
vt 0.4146639108657837 0.6405125260353088
vt 0.41188061237335205 0.6115509271621704
vt 0.38445594906806946 0.607096254825592
vt 0.4146639108657837 0.6405125260353088
vt 0.38445594906806946 0.607096254825592
vt 0.3881109356880188 0.636422336101532
vt 0.41188061237335205 0.6115509271621704
vt 0.41127094626426697 0.5810574889183044
vt 0.38362640142440796 0.5763199925422668
vt 0.41188061237335205 0.6115509271621704
vt 0.38362640142440796 0.5763199925422668
vt 0.38445594906806946 0.607096254825592
vt 0.5528724789619446 0.09966450929641724
vt 0.5544186234474182 0.06823045015335083
vt 0.527201235294342 0.06331253051757812
vt 0.5528724789619446 0.09966450929641724
vt 0.527201235294342 0.06331253051757812
vt 0.525227963924408 0.09492701292037964
vt 0.5544186234474182 0.06823045015335083
vt 0.5580743551254272 0.03644484281539917
vt 0.5319175124168396 0.03146845102310181
vt 0.5544186234474182 0.06823045015335083
vt 0.5319175124168396 0.03146845102310181
vt 0.527201235294342 0.06331253051757812
vt 0.5580743551254272 0.03644484281539917
vt 0.5637694001197815 0.004894852638244629
vt 0.5392796993255615 0
vt 0.5580743551254272 0.03644484281539917
vt 0.5392796993255615 0
vt 0.5319175124168396 0.03146845102310181
vt 0.4563474953174591 0.04117095470428467
vt 0.46398499608039856 0.010442793369293213
vt 0.4417343735694885 0.005783259868621826
vt 0.4563474953174591 0.04117095470428467
vt 0.4417343735694885 0.005783259868621826
vt 0.4318578243255615 0.03627610206604004
vt 0.44054749608039856 0.05664968490600586
vt 0.4500046968460083 0.027328908443450928
vt 0.43051937222480774 0.0230676531791687
vt 0.44054749608039856 0.05664968490600586
vt 0.43051937222480774 0.0230676531791687
vt 0.4182968735694885 0.05199015140533447
vt 0.5339890718460083 0.03559720516204834
vt 0.5451154708862305 0.008268296718597412
vt 0.5288671851158142 0.004571080207824707
vt 0.5339890718460083 0.03559720516204834
vt 0.5288671851158142 0.004571080207824707
vt 0.5145037770271301 0.03133594989776611
vt 0.5138654708862305 0.04846358299255371
vt 0.5264798402786255 0.023707985877990723
vt 0.5138757824897766 0.02073591947555542
vt 0.5138654708862305 0.04846358299255371
vt 0.5138757824897766 0.02073591947555542
vt 0.4976171851158142 0.04476642608642578
vt 0.5264798402786255 0.023707985877990723
vt 0.5403671860694885 0.0020979642868041992
vt 0.5317420363426208 0
vt 0.5264798402786255 0.023707985877990723
vt 0.5317420363426208 0
vt 0.5138757824897766 0.02073591947555542
vt 0.4768906235694885 0.35254454612731934
vt 0.49180078506469727 0.33463597297668457
vt 0.4874068796634674 0.33353859186172485
vt 0.4768906235694885 0.35254454612731934
vt 0.4874068796634674 0.33353859186172485
vt 0.46826547384262085 0.35044658184051514
vt 0.4874068796634674 0.33353859186172485
vt 0.49180078506469727 0.33463597297668457
vt 0.5074448585510254 0.32095468044281006
vt 0.48468515276908875 0.7515324950218201
vt 0.4805639088153839 0.7508301734924316
vt 0.505690336227417 0.7490429878234863
vt 0.48468515276908875 0.7515324950218201
vt 0.4647611081600189 0.7484962344169617
vt 0.45664656162261963 0.7471148371696472
vt 0.48468515276908875 0.7515324950218201
vt 0.45664656162261963 0.7471148371696472
vt 0.4805639088153839 0.7508301734924316
vt 0.4647611081600189 0.7484962344169617
vt 0.44636592268943787 0.7402207851409912
vt 0.43449172377586365 0.7381743788719177
vt 0.4647611081600189 0.7484962344169617
vt 0.43449172377586365 0.7381743788719177
vt 0.45664656162261963 0.7471148371696472
vt 0.44636592268943787 0.7402207851409912
vt 0.4298773407936096 0.7270998358726501
vt 0.41457125544548035 0.7243984341621399
vt 0.44636592268943787 0.7402207851409912
vt 0.41457125544548035 0.7243984341621399
vt 0.43449172377586365 0.7381743788719177
vt 0.4298773407936096 0.7270998358726501
vt 0.4156007766723633 0.709608256816864
vt 0.3972751498222351 0.7062637209892273
vt 0.4298773407936096 0.7270998358726501
vt 0.3972751498222351 0.7062637209892273
vt 0.41457125544548035 0.7243984341621399
vt 0.4156007766723633 0.709608256816864
vt 0.40377452969551086 0.6882798671722412
vt 0.3829106390476227 0.6843120455741882
vt 0.4156007766723633 0.709608256816864
vt 0.3829106390476227 0.6843120455741882
vt 0.3972751498222351 0.7062637209892273
vt 0.40377452969551086 0.6882798671722412
vt 0.3945721983909607 0.6636859178543091
vt 0.37170764803886414 0.6591296792030334
vt 0.40377452969551086 0.6882798671722412
vt 0.37170764803886414 0.6591296792030334
vt 0.3829106390476227 0.6843120455741882
vt 0.3945721983909607 0.6636859178543091
vt 0.3881109356880188 0.636422336101532
vt 0.3638228178024292 0.6313315629959106
vt 0.3945721983909607 0.6636859178543091
vt 0.3638228178024292 0.6313315629959106
vt 0.37170764803886414 0.6591296792030334
vt 0.3881109356880188 0.636422336101532
vt 0.38445594906806946 0.607096254825592
vt 0.3593467175960541 0.6015489101409912
vt 0.3881109356880188 0.636422336101532
vt 0.3593467175960541 0.6015489101409912
vt 0.3638228178024292 0.6313315629959106
vt 0.38445594906806946 0.607096254825592
vt 0.38362640142440796 0.5763199925422668
vt 0.3583098351955414 0.5704196691513062
vt 0.38445594906806946 0.607096254825592
vt 0.3583098351955414 0.5704196691513062
vt 0.3593467175960541 0.6015489101409912
vt 0.38362640142440796 0.5763199925422668
vt 0.38559967279434204 0.5447054505348206
vt 0.36068686842918396 0.5385820269584656
vt 0.38362640142440796 0.5763199925422668
vt 0.36068686842918396 0.5385820269584656
vt 0.3583098351955414 0.5704196691513062
vt 0.38559967279434204 0.5447054505348206
vt 0.3903159499168396 0.5128615498542786
vt 0.3664015531539917 0.5066695213317871
vt 0.38559967279434204 0.5447054505348206
vt 0.3664015531539917 0.5066695213317871
vt 0.36068686842918396 0.5385820269584656
vt 0.4244956374168396 0.06774455308914185
vt 0.4318578243255615 0.03627610206604004
vt 0.4095093607902527 0.030192017555236816
vt 0.4244956374168396 0.06774455308914185
vt 0.4095093607902527 0.030192017555236816
vt 0.4005812406539917 0.06155264377593994
vt 0.4318578243255615 0.03627610206604004
vt 0.4417343735694885 0.005783259868621826
vt 0.4214792251586914 0
vt 0.4318578243255615 0.03627610206604004
vt 0.4214792251586914 0
vt 0.4095093607902527 0.030192017555236816
vt 0.5145037770271301 0.03133594989776611
vt 0.5288671851158142 0.004571080207824707
vt 0.5141754746437073 0
vt 0.5145037770271301 0.03133594989776611
vt 0.5141754746437073 0
vt 0.49682092666625977 0.026056408882141113
vt 0.4976171851158142 0.04476642608642578
vt 0.5138757824897766 0.02073591947555542
vt 0.5025267004966736 0.017070293426513672
vt 0.4976171851158142 0.04476642608642578
vt 0.5025267004966736 0.017070293426513672
vt 0.4829254746437073 0.0401952862739563
vt 0.4503992199897766 0.37118250131607056
vt 0.46826547384262085 0.35044658184051514
vt 0.46053454279899597 0.3478654623031616
vt 0.4503992199897766 0.37118250131607056
vt 0.46053454279899597 0.3478654623031616
vt 0.43905016779899597 0.3675168752670288
vt 0.46826547384262085 0.35044658184051514
vt 0.4874068796634674 0.33353859186172485
vt 0.4834882915019989 0.3321925401687622
vt 0.46826547384262085 0.35044658184051514
vt 0.4834882915019989 0.3321925401687622
vt 0.46053454279899597 0.3478654623031616
vt 0.4834882915019989 0.3321925401687622
vt 0.4874068796634674 0.33353859186172485
vt 0.5074448585510254 0.32095468044281006
vt 0.4805639088153839 0.7508301734924316
vt 0.47704076766967773 0.750014066696167
vt 0.505690336227417 0.7490429878234863
vt 0.4805639088153839 0.7508301734924316
vt 0.45664656162261963 0.7471148371696472
vt 0.44966140389442444 0.7455037236213684
vt 0.4805639088153839 0.7508301734924316
vt 0.44966140389442444 0.7455037236213684
vt 0.47704076766967773 0.750014066696167
vt 0.45664656162261963 0.7471148371696472
vt 0.43449172377586365 0.7381743788719177
vt 0.4242036044597626 0.7357802987098694
vt 0.45664656162261963 0.7471148371696472
vt 0.4242036044597626 0.7357802987098694
vt 0.44966140389442444 0.7455037236213684
vt 0.43449172377586365 0.7381743788719177
vt 0.41457125544548035 0.7243984341621399
vt 0.4012342095375061 0.7212287783622742
vt 0.43449172377586365 0.7381743788719177
vt 0.4012342095375061 0.7212287783622742
vt 0.4242036044597626 0.7357802987098694
vt 0.41457125544548035 0.7243984341621399
vt 0.3972751498222351 0.7062637209892273
vt 0.38122764229774475 0.7023293972015381
vt 0.41457125544548035 0.7243984341621399
vt 0.38122764229774475 0.7023293972015381
vt 0.4012342095375061 0.7212287783622742
vt 0.3972751498222351 0.7062637209892273
vt 0.3829106390476227 0.6843120455741882
vt 0.3645664155483246 0.679634690284729
vt 0.3972751498222351 0.7062637209892273
vt 0.3645664155483246 0.679634690284729
vt 0.38122764229774475 0.7023293972015381
vt 0.3829106390476227 0.6843120455741882
vt 0.37170764803886414 0.6591296792030334
vt 0.35154014825820923 0.6537495255470276
vt 0.3829106390476227 0.6843120455741882
vt 0.35154014825820923 0.6537495255470276
vt 0.3645664155483246 0.679634690284729
vt 0.37170764803886414 0.6591296792030334
vt 0.3638228178024292 0.6313315629959106
vt 0.342352032661438 0.6253134608268738
vt 0.37170764803886414 0.6591296792030334
vt 0.342352032661438 0.6253134608268738
vt 0.35154014825820923 0.6537495255470276
vt 0.3638228178024292 0.6313315629959106
vt 0.3593467175960541 0.6015489101409912
vt 0.33712220191955566 0.5949865579605103
vt 0.3638228178024292 0.6313315629959106
vt 0.33712220191955566 0.5949865579605103
vt 0.342352032661438 0.6253134608268738
vt 0.3593467175960541 0.6015489101409912
vt 0.3583098351955414 0.5704196691513062
vt 0.3358946740627289 0.5634385943412781
vt 0.3593467175960541 0.6015489101409912
vt 0.3358946740627289 0.5634385943412781
vt 0.33712220191955566 0.5949865579605103
vt 0.3583098351955414 0.5704196691513062
vt 0.36068686842918396 0.5385820269584656
vt 0.33864328265190125 0.5313392281532288
vt 0.3583098351955414 0.5704196691513062
vt 0.33864328265190125 0.5313392281532288
vt 0.3358946740627289 0.5634385943412781
vt 0.36068686842918396 0.5385820269584656
vt 0.3664015531539917 0.5066695213317871
vt 0.34527483582496643 0.49935173988342285
vt 0.36068686842918396 0.5385820269584656
vt 0.34527483582496643 0.49935173988342285
vt 0.33864328265190125 0.5313392281532288
vt 0.4005812406539917 0.06155264377593994
vt 0.4095093607902527 0.030192017555236816
vt 0.3898145258426666 0.02301090955734253
vt 0.4005812406539917 0.06155264377593994
vt 0.3898145258426666 0.02301090955734253
vt 0.37945452332496643 0.054234862327575684
vt 0.4544312357902527 0.07184064388275146
vt 0.4664011001586914 0.04164856672286987
vt 0.44861140847206116 0.03483450412750244
vt 0.4544312357902527 0.07184064388275146
vt 0.44861140847206116 0.03483450412750244
vt 0.4347364008426666 0.06465953588485718
vt 0.46557092666625977 0.06625169515609741
vt 0.4829254746437073 0.0401952862739563
vt 0.4701387584209442 0.03483450412750244
vt 0.46557092666625977 0.06625169515609741
vt 0.4701387584209442 0.03483450412750244
vt 0.450104683637619 0.06004452705383301
vt 0.4194489121437073 0.3906416893005371
vt 0.43905016779899597 0.3675168752670288
vt 0.42922765016555786 0.3632303476333618
vt 0.4194489121437073 0.3906416893005371
vt 0.42922765016555786 0.3632303476333618
vt 0.4066621959209442 0.3852810859680176
vt 0.43905016779899597 0.3675168752670288
vt 0.46053454279899597 0.3478654623031616
vt 0.45388561487197876 0.3448565602302551
vt 0.43905016779899597 0.3675168752670288
vt 0.45388561487197876 0.3448565602302551
vt 0.42922765016555786 0.3632303476333618
vt 0.46053454279899597 0.3478654623031616
vt 0.4834882915019989 0.3321925401687622
vt 0.4801402986049652 0.3306286334991455
vt 0.46053454279899597 0.3478654623031616
vt 0.4801402986049652 0.3306286334991455
vt 0.45388561487197876 0.3448565602302551
vt 0.4801402986049652 0.3306286334991455
vt 0.4834882915019989 0.3321925401687622
vt 0.5074448585510254 0.32095468044281006
vt 0.47704076766967773 0.750014066696167
vt 0.4742037355899811 0.7491031289100647
vt 0.505690336227417 0.7490429878234863
vt 0.47704076766967773 0.750014066696167
vt 0.44966140389442444 0.7455037236213684
vt 0.4439810812473297 0.7436982989311218
vt 0.47704076766967773 0.750014066696167
vt 0.4439810812473297 0.7436982989311218
vt 0.4742037355899811 0.7491031289100647
vt 0.44966140389442444 0.7455037236213684
vt 0.4242036044597626 0.7357802987098694
vt 0.4157628118991852 0.733086884021759
vt 0.44966140389442444 0.7455037236213684
vt 0.4157628118991852 0.733086884021759
vt 0.4439810812473297 0.7436982989311218
vt 0.4242036044597626 0.7357802987098694
vt 0.4012342095375061 0.7212287783622742
vt 0.390204519033432 0.7176509499549866
vt 0.4242036044597626 0.7357802987098694
vt 0.390204519033432 0.7176509499549866
vt 0.4157628118991852 0.733086884021759
vt 0.4012342095375061 0.7212287783622742
vt 0.38122764229774475 0.7023293972015381
vt 0.3678660988807678 0.6978753209114075
vt 0.4012342095375061 0.7212287783622742
vt 0.3678660988807678 0.6978753209114075
vt 0.390204519033432 0.7176509499549866
vt 0.38122764229774475 0.7023293972015381
vt 0.3645664155483246 0.679634690284729
vt 0.3492065668106079 0.6743268966674805
vt 0.38122764229774475 0.7023293972015381
vt 0.3492065668106079 0.6743268966674805
vt 0.3678660988807678 0.6978753209114075
vt 0.3645664155483246 0.679634690284729
vt 0.35154014825820923 0.6537495255470276
vt 0.3345806300640106 0.647632360458374
vt 0.3645664155483246 0.679634690284729
vt 0.3345806300640106 0.647632360458374
vt 0.3492065668106079 0.6743268966674805
vt 0.35154014825820923 0.6537495255470276
vt 0.342352032661438 0.6253134608268738
vt 0.32424139976501465 0.6184614300727844
vt 0.35154014825820923 0.6537495255470276
vt 0.32424139976501465 0.6184614300727844
vt 0.3345806300640106 0.647632360458374
vt 0.342352032661438 0.6253134608268738
vt 0.33712220191955566 0.5949865579605103
vt 0.31834328174591064 0.5875092148780823
vt 0.342352032661438 0.6253134608268738
vt 0.31834328174591064 0.5875092148780823
vt 0.32424139976501465 0.6184614300727844
vt 0.33712220191955566 0.5949865579605103
vt 0.3358946740627289 0.5634385943412781
vt 0.31694719195365906 0.5554825067520142
vt 0.33712220191955566 0.5949865579605103
vt 0.31694719195365906 0.5554825067520142
vt 0.31834328174591064 0.5875092148780823
vt 0.3358946740627289 0.5634385943412781
vt 0.33864328265190125 0.5313392281532288
vt 0.3200259506702423 0.5230880975723267
vt 0.3358946740627289 0.5634385943412781
vt 0.3200259506702423 0.5230880975723267
vt 0.31694719195365906 0.5554825067520142
vt 0.33864328265190125 0.5313392281532288
vt 0.34527483582496643 0.49935173988342285
vt 0.32747015357017517 0.49102312326431274
vt 0.33864328265190125 0.5313392281532288
vt 0.32747015357017517 0.49102312326431274
vt 0.3200259506702423 0.5230880975723267
vt 0.34527483582496643 0.49935173988342285
vt 0.3556348383426666 0.468127965927124
vt 0.3390935957431793 0.4599671959877014
vt 0.34527483582496643 0.49935173988342285
vt 0.3390935957431793 0.4599671959877014
vt 0.32747015357017517 0.49102312326431274
vt 0.386628121137619 0.41049110889434814
vt 0.4066621959209442 0.3852810859680176
vt 0.3961053192615509 0.37923359870910645
vt 0.386628121137619 0.41049110889434814
vt 0.3961053192615509 0.37923359870910645
vt 0.3737717270851135 0.40346843004226685
vt 0.4066621959209442 0.3852810859680176
vt 0.42922765016555786 0.3632303476333618
vt 0.42118141055107117 0.35841047763824463
vt 0.4066621959209442 0.3852810859680176
vt 0.42118141055107117 0.35841047763824463
vt 0.3961053192615509 0.37923359870910645
vt 0.42922765016555786 0.3632303476333618
vt 0.45388561487197876 0.3448565602302551
vt 0.44848546385765076 0.3414856195449829
vt 0.42922765016555786 0.3632303476333618
vt 0.44848546385765076 0.3414856195449829
vt 0.42118141055107117 0.35841047763824463
vt 0.45388561487197876 0.3448565602302551
vt 0.4801402986049652 0.3306286334991455
vt 0.47744688391685486 0.32888293266296387
vt 0.45388561487197876 0.3448565602302551
vt 0.47744688391685486 0.32888293266296387
vt 0.44848546385765076 0.3414856195449829
vt 0.47744688391685486 0.32888293266296387
vt 0.4801402986049652 0.3306286334991455
vt 0.5074448585510254 0.32095468044281006
vt 0.4742037355899811 0.7491031289100647
vt 0.47212594747543335 0.7481185793876648
vt 0.505690336227417 0.7490429878234863
vt 0.4742037355899811 0.7491031289100647
vt 0.4439810812473297 0.7436982989311218
vt 0.43975719809532166 0.7417382597923279
vt 0.4742037355899811 0.7491031289100647
vt 0.43975719809532166 0.7417382597923279
vt 0.47212594747543335 0.7481185793876648
vt 0.4439810812473297 0.7436982989311218
vt 0.4157628118991852 0.733086884021759
vt 0.40939953923225403 0.7301511168479919
vt 0.4439810812473297 0.7436982989311218
vt 0.40939953923225403 0.7301511168479919
vt 0.43975719809532166 0.7417382597923279
vt 0.4157628118991852 0.733086884021759
vt 0.390204519033432 0.7176509499549866
vt 0.3817893862724304 0.7137367129325867
vt 0.4157628118991852 0.733086884021759
vt 0.3817893862724304 0.7137367129325867
vt 0.40939953923225403 0.7301511168479919
vt 0.390204519033432 0.7176509499549866
vt 0.3678660988807678 0.6978753209114075
vt 0.35756781697273254 0.6929867267608643
vt 0.390204519033432 0.7176509499549866
vt 0.35756781697273254 0.6929867267608643
vt 0.3817893862724304 0.7137367129325867
vt 0.3678660988807678 0.6978753209114075
vt 0.3492065668106079 0.6743268966674805
vt 0.33726969361305237 0.6684848666191101
vt 0.3678660988807678 0.6978753209114075
vt 0.33726969361305237 0.6684848666191101
vt 0.35756781697273254 0.6929867267608643
vt 0.3492065668106079 0.6743268966674805
vt 0.3345806300640106 0.647632360458374
vt 0.3213162422180176 0.6408852934837341
vt 0.3492065668106079 0.6743268966674805
vt 0.3213162422180176 0.6408852934837341
vt 0.33726969361305237 0.6684848666191101
vt 0.3345806300640106 0.647632360458374
vt 0.32424139976501465 0.6184614300727844
vt 0.3100132942199707 0.610892653465271
vt 0.3345806300640106 0.647632360458374
vt 0.3100132942199707 0.610892653465271
vt 0.3213162422180176 0.6408852934837341
vt 0.32424139976501465 0.6184614300727844
vt 0.31834328174591064 0.5875092148780823
vt 0.3035528063774109 0.5792421698570251
vt 0.32424139976501465 0.6184614300727844
vt 0.3035528063774109 0.5792421698570251
vt 0.3100132942199707 0.610892653465271
vt 0.31834328174591064 0.5875092148780823
vt 0.31694719195365906 0.5554825067520142
vt 0.30201438069343567 0.546684205532074
vt 0.31834328174591064 0.5875092148780823
vt 0.30201438069343567 0.546684205532074
vt 0.3035528063774109 0.5792421698570251
vt 0.31694719195365906 0.5554825067520142
vt 0.3200259506702423 0.5230880975723267
vt 0.3053726553916931 0.5139673352241516
vt 0.31694719195365906 0.5554825067520142
vt 0.3053726553916931 0.5139673352241516
vt 0.30201438069343567 0.546684205532074
vt 0.3200259506702423 0.5230880975723267
vt 0.32747015357017517 0.49102312326431274
vt 0.3135007917881012 0.4818265438079834
vt 0.3200259506702423 0.5230880975723267
vt 0.3135007917881012 0.4818265438079834
vt 0.3053726553916931 0.5139673352241516
vt 0.32747015357017517 0.49102312326431274
vt 0.3390935957431793 0.4599671959877014
vt 0.32618001103401184 0.45097094774246216
vt 0.32747015357017517 0.49102312326431274
vt 0.32618001103401184 0.45097094774246216
vt 0.3135007917881012 0.4818265438079834
vt 0.3390935957431793 0.4599671959877014
vt 0.3546367287635803 0.43057453632354736
vt 0.34310421347618103 0.42207419872283936
vt 0.3390935957431793 0.4599671959877014
vt 0.34310421347618103 0.42207419872283936
vt 0.32618001103401184 0.45097094774246216
vt 0.3546367287635803 0.43057453632354736
vt 0.3737717270851135 0.40346843004226685
vt 0.36388733983039856 0.39576566219329834
vt 0.3546367287635803 0.43057453632354736
vt 0.36388733983039856 0.39576566219329834
vt 0.34310421347618103 0.42207419872283936
vt 0.3737717270851135 0.40346843004226685
vt 0.3961053192615509 0.37923359870910645
vt 0.3880712389945984 0.372622013092041
vt 0.3737717270851135 0.40346843004226685
vt 0.3880712389945984 0.372622013092041
vt 0.36388733983039856 0.39576566219329834
vt 0.3961053192615509 0.37923359870910645
vt 0.42118141055107117 0.35841047763824463
vt 0.415129691362381 0.35316002368927
vt 0.3961053192615509 0.37923359870910645
vt 0.415129691362381 0.35316002368927
vt 0.3880712389945984 0.372622013092041
vt 0.42118141055107117 0.35841047763824463
vt 0.44848546385765076 0.3414856195449829
vt 0.4444778263568878 0.33782780170440674
vt 0.42118141055107117 0.35841047763824463
vt 0.4444778263568878 0.33782780170440674
vt 0.415129691362381 0.35316002368927
vt 0.44848546385765076 0.3414856195449829
vt 0.47744688391685486 0.32888293266296387
vt 0.47547703981399536 0.3269968628883362
vt 0.44848546385765076 0.3414856195449829
vt 0.47547703981399536 0.3269968628883362
vt 0.4444778263568878 0.33782780170440674
vt 0.47547703981399536 0.3269968628883362
vt 0.47744688391685486 0.32888293266296387
vt 0.5074448585510254 0.32095468044281006
vt 0.47212594747543335 0.7481185793876648
vt 0.47086313366889954 0.7470837235450745
vt 0.505690336227417 0.7490429878234863
vt 0.47212594747543335 0.7481185793876648
vt 0.43975719809532166 0.7417382597923279
vt 0.4371110796928406 0.7396687269210815
vt 0.47212594747543335 0.7481185793876648
vt 0.4371110796928406 0.7396687269210815
vt 0.47086313366889954 0.7470837235450745
vt 0.43975719809532166 0.7417382597923279
vt 0.40939953923225403 0.7301511168479919
vt 0.40530702471733093 0.7270376682281494
vt 0.43975719809532166 0.7417382597923279
vt 0.40530702471733093 0.7270376682281494
vt 0.4371110796928406 0.7396687269210815
vt 0.40939953923225403 0.7301511168479919
vt 0.3817893862724304 0.7137367129325867
vt 0.3762551546096802 0.7095687389373779
vt 0.40939953923225403 0.7301511168479919
vt 0.3762551546096802 0.7095687389373779
vt 0.40530702471733093 0.7270376682281494
vt 0.3817893862724304 0.7137367129325867
vt 0.35756781697273254 0.6929867267608643
vt 0.35066843032836914 0.6877627968788147
vt 0.3817893862724304 0.7137367129325867
vt 0.35066843032836914 0.6877627968788147
vt 0.3762551546096802 0.7095687389373779
vt 0.35756781697273254 0.6929867267608643
vt 0.33726969361305237 0.6684848666191101
vt 0.3291529715061188 0.6622240543365479
vt 0.35756781697273254 0.6929867267608643
vt 0.3291529715061188 0.6622240543365479
vt 0.35066843032836914 0.6877627968788147
vt 0.33726969361305237 0.6684848666191101
vt 0.3213162422180176 0.6408852934837341
vt 0.3121948540210724 0.6336376667022705
vt 0.33726969361305237 0.6684848666191101
vt 0.3121948540210724 0.6336376667022705
vt 0.3291529715061188 0.6622240543365479
vt 0.3213162422180176 0.6408852934837341
vt 0.3100132942199707 0.610892653465271
vt 0.30015358328819275 0.6027485728263855
vt 0.3213162422180176 0.6408852934837341
vt 0.30015358328819275 0.6027485728263855
vt 0.3121948540210724 0.6336376667022705
vt 0.3100132942199707 0.610892653465271
vt 0.3035528063774109 0.5792421698570251
vt 0.2932584285736084 0.5703386068344116
vt 0.3100132942199707 0.610892653465271
vt 0.2932584285736084 0.5703386068344116
vt 0.30015358328819275 0.6027485728263855
vt 0.3035528063774109 0.5792421698570251
vt 0.30201438069343567 0.546684205532074
vt 0.2916103005409241 0.5372059345245361
vt 0.3035528063774109 0.5792421698570251
vt 0.2916103005409241 0.5372059345245361
vt 0.2932584285736084 0.5703386068344116
vt 0.30201438069343567 0.546684205532074
vt 0.3053726553916931 0.5139673352241516
vt 0.29518577456474304 0.5041465759277344
vt 0.30201438069343567 0.546684205532074
vt 0.29518577456474304 0.5041465759277344
vt 0.2916103005409241 0.5372059345245361
vt 0.3053726553916931 0.5139673352241516
vt 0.3135007917881012 0.4818265438079834
vt 0.3038425147533417 0.4719352722167969
vt 0.3053726553916931 0.5139673352241516
vt 0.3038425147533417 0.4719352722167969
vt 0.29518577456474304 0.5041465759277344
vt 0.3135007917881012 0.4818265438079834
vt 0.32618001103401184 0.45097094774246216
vt 0.31732890009880066 0.4413127899169922
vt 0.3135007917881012 0.4818265438079834
vt 0.31732890009880066 0.4413127899169922
vt 0.3038425147533417 0.4719352722167969
vt 0.32618001103401184 0.45097094774246216
vt 0.34310421347618103 0.42207419872283936
vt 0.3352939188480377 0.41297048330307007
vt 0.32618001103401184 0.45097094774246216
vt 0.3352939188480377 0.41297048330307007
vt 0.31732890009880066 0.4413127899169922
vt 0.34310421347618103 0.42207419872283936
vt 0.36388733983039856 0.39576566219329834
vt 0.3572954833507538 0.3875408172607422
vt 0.34310421347618103 0.42207419872283936
vt 0.3572954833507538 0.3875408172607422
vt 0.3352939188480377 0.41297048330307007
vt 0.36388733983039856 0.39576566219329834
vt 0.3880712389945984 0.372622013092041
vt 0.38281264901161194 0.3655867576599121
vt 0.36388733983039856 0.39576566219329834
vt 0.38281264901161194 0.3655867576599121
vt 0.3572954833507538 0.3875408172607422
vt 0.3880712389945984 0.372622013092041
vt 0.415129691362381 0.35316002368927
vt 0.4112556278705597 0.34759485721588135
vt 0.3880712389945984 0.372622013092041
vt 0.4112556278705597 0.34759485721588135
vt 0.38281264901161194 0.3655867576599121
vt 0.415129691362381 0.35316002368927
vt 0.4444778263568878 0.33782780170440674
vt 0.4419771730899811 0.3339672088623047
vt 0.415129691362381 0.35316002368927
vt 0.4419771730899811 0.3339672088623047
vt 0.4112556278705597 0.34759485721588135
vt 0.4444778263568878 0.33782780170440674
vt 0.47547703981399536 0.3269968628883362
vt 0.4742834270000458 0.32501518726348877
vt 0.4444778263568878 0.33782780170440674
vt 0.4742834270000458 0.32501518726348877
vt 0.4419771730899811 0.3339672088623047
vt 0.4742834270000458 0.32501518726348877
vt 0.47547703981399536 0.3269968628883362
vt 0.5074448585510254 0.32095468044281006
vt 0.47086313366889954 0.7470837235450745
vt 0.47045233845710754 0.7460237741470337
vt 0.505690336227417 0.7490429878234863
vt 0.47086313366889954 0.7470837235450745
vt 0.4371110796928406 0.7396687269210815
vt 0.4361303150653839 0.7375384569168091
vt 0.47086313366889954 0.7470837235450745
vt 0.4361303150653839 0.7375384569168091
vt 0.47045233845710754 0.7460237741470337
vt 0.4371110796928406 0.7396687269210815
vt 0.40530702471733093 0.7270376682281494
vt 0.4036334455013275 0.7238181233406067
vt 0.4371110796928406 0.7396687269210815
vt 0.4036334455013275 0.7238181233406067
vt 0.4361303150653839 0.7375384569168091
vt 0.40530702471733093 0.7270376682281494
vt 0.3762551546096802 0.7095687389373779
vt 0.3738148510456085 0.7052404880523682
vt 0.40530702471733093 0.7270376682281494
vt 0.3738148510456085 0.7052404880523682
vt 0.4036334455013275 0.7238181233406067
vt 0.3762551546096802 0.7095687389373779
vt 0.35066843032836914 0.6877627968788147
vt 0.3474467098712921 0.6823177933692932
vt 0.3762551546096802 0.7095687389373779
vt 0.3474467098712921 0.6823177933692932
vt 0.3738148510456085 0.7052404880523682
vt 0.35066843032836914 0.6877627968788147
vt 0.3291529715061188 0.6622240543365479
vt 0.32519593834877014 0.6556777954101562
vt 0.35066843032836914 0.6877627968788147
vt 0.32519593834877014 0.6556777954101562
vt 0.3474467098712921 0.6823177933692932
vt 0.3291529715061188 0.6622240543365479
vt 0.3121948540210724 0.6336376667022705
vt 0.307607501745224 0.6260409355163574
vt 0.3291529715061188 0.6622240543365479
vt 0.307607501745224 0.6260409355163574
vt 0.32519593834877014 0.6556777954101562
vt 0.3121948540210724 0.6336376667022705
vt 0.30015358328819275 0.6027485728263855
vt 0.29509061574935913 0.5941973328590393
vt 0.3121948540210724 0.6336376667022705
vt 0.29509061574935913 0.5941973328590393
vt 0.307607501745224 0.6260409355163574
vt 0.30015358328819275 0.6027485728263855
vt 0.2932584285736084 0.5703386068344116
vt 0.28791141510009766 0.5609801411628723
vt 0.30015358328819275 0.6027485728263855
vt 0.28791141510009766 0.5609801411628723
vt 0.29509061574935913 0.5941973328590393
vt 0.2932584285736084 0.5703386068344116
vt 0.2916103005409241 0.5372059345245361
vt 0.2861917316913605 0.5272412300109863
vt 0.2932584285736084 0.5703386068344116
vt 0.2861917316913605 0.5272412300109863
vt 0.28791141510009766 0.5609801411628723
vt 0.2916103005409241 0.5372059345245361
vt 0.29518577456474304 0.5041465759277344
vt 0.2899109423160553 0.49382656812667847
vt 0.2916103005409241 0.5372059345245361
vt 0.2899109423160553 0.49382656812667847
vt 0.2861917316913605 0.5272412300109863
vt 0.29518577456474304 0.5041465759277344
vt 0.3038425147533417 0.4719352722167969
vt 0.29891344904899597 0.4615544080734253
vt 0.29518577456474304 0.5041465759277344
vt 0.29891344904899597 0.4615544080734253
vt 0.2899109423160553 0.49382656812667847
vt 0.3038425147533417 0.4719352722167969
vt 0.31732890009880066 0.4413127899169922
vt 0.31291764974594116 0.4311959743499756
vt 0.3038425147533417 0.4719352722167969
vt 0.31291764974594116 0.4311959743499756
vt 0.29891344904899597 0.4615544080734253
vt 0.31732890009880066 0.4413127899169922
vt 0.3352939188480377 0.41297048330307007
vt 0.3315306305885315 0.4034590721130371
vt 0.31732890009880066 0.4413127899169922
vt 0.3315306305885315 0.4034590721130371
vt 0.31291764974594116 0.4311959743499756
vt 0.3352939188480377 0.41297048330307007
vt 0.3572954833507538 0.3875408172607422
vt 0.35425999760627747 0.3789745569229126
vt 0.3352939188480377 0.41297048330307007
vt 0.35425999760627747 0.3789745569229126
vt 0.3315306305885315 0.4034590721130371
vt 0.3572954833507538 0.3875408172607422
vt 0.38281264901161194 0.3655867576599121
vt 0.38053014874458313 0.35828638076782227
vt 0.3572954833507538 0.3875408172607422
vt 0.38053014874458313 0.35828638076782227
vt 0.35425999760627747 0.3789745569229126
vt 0.38281264901161194 0.3655867576599121
vt 0.4112556278705597 0.34759485721588135
vt 0.40969765186309814 0.34184372425079346
vt 0.38281264901161194 0.3655867576599121
vt 0.40969765186309814 0.34184372425079346
vt 0.38053014874458313 0.35828638076782227
vt 0.4112556278705597 0.34759485721588135
vt 0.4419771730899811 0.3339672088623047
vt 0.4410659372806549 0.32999515533447266
vt 0.4112556278705597 0.34759485721588135
vt 0.4410659372806549 0.32999515533447266
vt 0.40969765186309814 0.34184372425079346
vt 0.4419771730899811 0.3339672088623047
vt 0.4742834270000458 0.32501518726348877
vt 0.4739009439945221 0.3229856491088867
vt 0.4419771730899811 0.3339672088623047
vt 0.4739009439945221 0.3229856491088867
vt 0.4410659372806549 0.32999515533447266
vt 0.4739009439945221 0.3229856491088867
vt 0.4742834270000458 0.32501518726348877
vt 0.5074448585510254 0.32095468044281006
vt 0.47045233845710754 0.7460237741470337
vt 0.4709101617336273 0.7449645400047302
vt 0.505690336227417 0.7490429878234863
vt 0.47045233845710754 0.7460237741470337
vt 0.4361303150653839 0.7375384569168091
vt 0.4368645250797272 0.7353992462158203
vt 0.47045233845710754 0.7460237741470337
vt 0.4368645250797272 0.7353992462158203
vt 0.4709101617336273 0.7449645400047302
vt 0.4361303150653839 0.7375384569168091
vt 0.4036334455013275 0.7238181233406067
vt 0.40447327494621277 0.7205695509910583
vt 0.4361303150653839 0.7375384569168091
vt 0.40447327494621277 0.7205695509910583
vt 0.4368645250797272 0.7353992462158203
vt 0.4036334455013275 0.7238181233406067
vt 0.3738148510456085 0.7052404880523682
vt 0.3746178150177002 0.7008546590805054
vt 0.4036334455013275 0.7238181233406067
vt 0.3746178150177002 0.7008546590805054
vt 0.40447327494621277 0.7205695509910583
vt 0.3738148510456085 0.7052404880523682
vt 0.3474467098712921 0.6823177933692932
vt 0.34810906648635864 0.6767793893814087
vt 0.3738148510456085 0.7052404880523682
vt 0.34810906648635864 0.6767793893814087
vt 0.3746178150177002 0.7008546590805054
vt 0.3474467098712921 0.6823177933692932
vt 0.32519593834877014 0.6556777954101562
vt 0.3256607949733734 0.6489976644515991
vt 0.3474467098712921 0.6823177933692932
vt 0.3256607949733734 0.6489976644515991
vt 0.34810906648635864 0.6767793893814087
vt 0.32519593834877014 0.6556777954101562
vt 0.307607501745224 0.6260409355163574
vt 0.3078642189502716 0.6182692050933838
vt 0.32519593834877014 0.6556777954101562
vt 0.3078642189502716 0.6182692050933838
vt 0.3256607949733734 0.6489976644515991
vt 0.307607501745224 0.6260409355163574
vt 0.29509061574935913 0.5941973328590393
vt 0.2951710820198059 0.5854329466819763
vt 0.307607501745224 0.6260409355163574
vt 0.2951710820198059 0.5854329466819763
vt 0.3078642189502716 0.6182692050933838
vt 0.29509061574935913 0.5941973328590393
vt 0.28791141510009766 0.5609801411628723
vt 0.28788062930107117 0.5513784289360046
vt 0.29509061574935913 0.5941973328590393
vt 0.28788062930107117 0.5513784289360046
vt 0.2951710820198059 0.5854329466819763
vt 0.28791141510009766 0.5609801411628723
vt 0.2861917316913605 0.5272412300109863
vt 0.2861328125 0.5170146822929382
vt 0.28791141510009766 0.5609801411628723
vt 0.2861328125 0.5170146822929382
vt 0.28788062930107117 0.5513784289360046
vt 0.2861917316913605 0.5272412300109863
vt 0.2899109423160553 0.49382656812667847
vt 0.28991204500198364 0.4832409620285034
vt 0.2861917316913605 0.5272412300109863
vt 0.28991204500198364 0.4832409620285034
vt 0.2861328125 0.5170146822929382
vt 0.2899109423160553 0.49382656812667847
vt 0.29891344904899597 0.4615544080734253
vt 0.2990504801273346 0.4509196877479553
vt 0.2899109423160553 0.49382656812667847
vt 0.2990504801273346 0.4509196877479553
vt 0.28991204500198364 0.4832409620285034
vt 0.29891344904899597 0.4615544080734253
vt 0.31291764974594116 0.4311959743499756
vt 0.31324344873428345 0.4208526611328125
vt 0.29891344904899597 0.4615544080734253
vt 0.31324344873428345 0.4208526611328125
vt 0.2990504801273346 0.4509196877479553
vt 0.31291764974594116 0.4311959743499756
vt 0.3315306305885315 0.4034590721130371
vt 0.33206233382225037 0.3937603235244751
vt 0.31291764974594116 0.4311959743499756
vt 0.33206233382225037 0.3937603235244751
vt 0.31324344873428345 0.4208526611328125
vt 0.3315306305885315 0.4034590721130371
vt 0.35425999760627747 0.3789745569229126
vt 0.3549743890762329 0.3702681064605713
vt 0.3315306305885315 0.4034590721130371
vt 0.3549743890762329 0.3702681064605713
vt 0.33206233382225037 0.3937603235244751
vt 0.35425999760627747 0.3789745569229126
vt 0.38053014874458313 0.35828638076782227
vt 0.38136234879493713 0.35089433193206787
vt 0.35425999760627747 0.3789745569229126
vt 0.38136234879493713 0.35089433193206787
vt 0.3549743890762329 0.3702681064605713
vt 0.38053014874458313 0.35828638076782227
vt 0.40969765186309814 0.34184372425079346
vt 0.4105431139469147 0.33604466915130615
vt 0.38053014874458313 0.35828638076782227
vt 0.4105431139469147 0.33604466915130615
vt 0.38136234879493713 0.35089433193206787
vt 0.40969765186309814 0.34184372425079346
vt 0.4410659372806549 0.32999515533447266
vt 0.44178906083106995 0.3260080814361572
vt 0.40969765186309814 0.34184372425079346
vt 0.44178906083106995 0.3260080814361572
vt 0.4105431139469147 0.33604466915130615
vt 0.4410659372806549 0.32999515533447266
vt 0.4739009439945221 0.3229856491088867
vt 0.4743447005748749 0.32095813751220703
vt 0.4410659372806549 0.32999515533447266
vt 0.4743447005748749 0.32095813751220703
vt 0.44178906083106995 0.3260080814361572
vt 0.4743447005748749 0.32095813751220703
vt 0.4739009439945221 0.3229856491088867
vt 0.5074448585510254 0.32095468044281006
vt 0.4709101617336273 0.7449645400047302
vt 0.4722318649291992 0.7439324855804443
vt 0.505690336227417 0.7490429878234863
vt 0.4709101617336273 0.7449645400047302
vt 0.4368645250797272 0.7353992462158203
vt 0.43932047486305237 0.7333042025566101
vt 0.4709101617336273 0.7449645400047302
vt 0.43932047486305237 0.7333042025566101
vt 0.4722318649291992 0.7439324855804443
vt 0.4368645250797272 0.7353992462158203
vt 0.40447327494621277 0.7205695509910583
vt 0.40786126255989075 0.7173737287521362
vt 0.4368645250797272 0.7353992462158203
vt 0.40786126255989075 0.7173737287521362
vt 0.43932047486305237 0.7333042025566101
vt 0.40447327494621277 0.7205695509910583
vt 0.3746178150177002 0.7008546590805054
vt 0.3787367045879364 0.6965214014053345
vt 0.40447327494621277 0.7205695509910583
vt 0.3787367045879364 0.6965214014053345
vt 0.40786126255989075 0.7173737287521362
vt 0.3746178150177002 0.7008546590805054
vt 0.34810906648635864 0.6767793893814087
vt 0.3527732789516449 0.671286404132843
vt 0.3746178150177002 0.7008546590805054
vt 0.3527732789516449 0.671286404132843
vt 0.3787367045879364 0.6965214014053345
vt 0.34810906648635864 0.6767793893814087
vt 0.3256607949733734 0.6489976644515991
vt 0.33071014285087585 0.6423509120941162
vt 0.34810906648635864 0.6767793893814087
vt 0.33071014285087585 0.6423509120941162
vt 0.3527732789516449 0.671286404132843
vt 0.3256607949733734 0.6489976644515991
vt 0.3078642189502716 0.6182692050933838
vt 0.31316936016082764 0.6105160713195801
vt 0.3256607949733734 0.6489976644515991
vt 0.31316936016082764 0.6105160713195801
vt 0.33071014285087585 0.6423509120941162
vt 0.3078642189502716 0.6182692050933838
vt 0.2951710820198059 0.5854329466819763
vt 0.300632506608963 0.5766737461090088
vt 0.3078642189502716 0.6182692050933838
vt 0.300632506608963 0.5766737461090088
vt 0.31316936016082764 0.6105160713195801
vt 0.2951710820198059 0.5854329466819763
vt 0.28788062930107117 0.5513784289360046
vt 0.293422669172287 0.541772186756134
vt 0.2951710820198059 0.5854329466819763
vt 0.293422669172287 0.541772186756134
vt 0.300632506608963 0.5766737461090088
vt 0.28788062930107117 0.5513784289360046
vt 0.2861328125 0.5170146822929382
vt 0.29169610142707825 0.5067804455757141
vt 0.28788062930107117 0.5513784289360046
vt 0.29169610142707825 0.5067804455757141
vt 0.293422669172287 0.541772186756134
vt 0.2861328125 0.5170146822929382
vt 0.28991204500198364 0.4832409620285034
vt 0.2954404652118683 0.472652792930603
vt 0.2861328125 0.5170146822929382
vt 0.2954404652118683 0.472652792930603
vt 0.29169610142707825 0.5067804455757141
vt 0.28991204500198364 0.4832409620285034
vt 0.2990504801273346 0.4509196877479553
vt 0.3044823408126831 0.4402964115142822
vt 0.28991204500198364 0.4832409620285034
vt 0.3044823408126831 0.4402964115142822
vt 0.2954404652118683 0.472652792930603
vt 0.2990504801273346 0.4509196877479553
vt 0.31324344873428345 0.4208526611328125
vt 0.3184993863105774 0.41054093837738037
vt 0.2990504801273346 0.4509196877479553
vt 0.3184993863105774 0.41054093837738037
vt 0.3044823408126831 0.4402964115142822
vt 0.31324344873428345 0.4208526611328125
vt 0.33206233382225037 0.3937603235244751
vt 0.33704015612602234 0.3841174840927124
vt 0.31324344873428345 0.4208526611328125
vt 0.33704015612602234 0.3841174840927124
vt 0.3184993863105774 0.41054093837738037
vt 0.33206233382225037 0.3937603235244751
vt 0.3549743890762329 0.3702681064605713
vt 0.3595457673072815 0.36164015531539917
vt 0.33206233382225037 0.3937603235244751
vt 0.3595457673072815 0.36164015531539917
vt 0.33704015612602234 0.3841174840927124
vt 0.3549743890762329 0.3702681064605713
vt 0.38136234879493713 0.35089433193206787
vt 0.385373592376709 0.34359657764434814
vt 0.3549743890762329 0.3702681064605713
vt 0.385373592376709 0.34359657764434814
vt 0.3595457673072815 0.36164015531539917
vt 0.38136234879493713 0.35089433193206787
vt 0.4105431139469147 0.33604466915130615
vt 0.4138215482234955 0.33034324645996094
vt 0.38136234879493713 0.35089433193206787
vt 0.4138215482234955 0.33034324645996094
vt 0.385373592376709 0.34359657764434814
vt 0.4105431139469147 0.33604466915130615
vt 0.44178906083106995 0.3260080814361572
vt 0.44415155053138733 0.3221057653427124
vt 0.4105431139469147 0.33604466915130615
vt 0.44415155053138733 0.3221057653427124
vt 0.4138215482234955 0.33034324645996094
vt 0.44178906083106995 0.3260080814361572
vt 0.4743447005748749 0.32095813751220703
vt 0.47560983896255493 0.3189828395843506
vt 0.44178906083106995 0.3260080814361572
vt 0.47560983896255493 0.3189828395843506
vt 0.44415155053138733 0.3221057653427124
vt 0.47560983896255493 0.3189828395843506
vt 0.4743447005748749 0.32095813751220703
vt 0.5074448585510254 0.32095468044281006
vt 0.4722318649291992 0.7439324855804443
vt 0.47439029812812805 0.7429534196853638
vt 0.505690336227417 0.7490429878234863
vt 0.4722318649291992 0.7439324855804443
vt 0.43932047486305237 0.7333042025566101
vt 0.44346123933792114 0.7313078045845032
vt 0.4722318649291992 0.7439324855804443
vt 0.44346123933792114 0.7313078045845032
vt 0.47439029812812805 0.7429534196853638
vt 0.43932047486305237 0.7333042025566101
vt 0.40786126255989075 0.7173737287521362
vt 0.4137645363807678 0.7143142223358154
vt 0.43932047486305237 0.7333042025566101
vt 0.4137645363807678 0.7143142223358154
vt 0.44346123933792114 0.7313078045845032
vt 0.40786126255989075 0.7173737287521362
vt 0.3787367045879364 0.6965214014053345
vt 0.3861564099788666 0.6923556327819824
vt 0.40786126255989075 0.7173737287521362
vt 0.3861564099788666 0.6923556327819824
vt 0.4137645363807678 0.7143142223358154
vt 0.3787367045879364 0.6965214014053345
vt 0.3527732789516449 0.671286404132843
vt 0.36145079135894775 0.6659861207008362
vt 0.3787367045879364 0.6965214014053345
vt 0.36145079135894775 0.6659861207008362
vt 0.3861564099788666 0.6923556327819824
vt 0.3527732789516449 0.671286404132843
vt 0.33071014285087585 0.6423509120941162
vt 0.3403871953487396 0.6359168887138367
vt 0.3527732789516449 0.671286404132843
vt 0.3403871953487396 0.6359168887138367
vt 0.36145079135894775 0.6659861207008362
vt 0.33071014285087585 0.6423509120941162
vt 0.31316936016082764 0.6105160713195801
vt 0.3235960900783539 0.6029923558235168
vt 0.33071014285087585 0.6423509120941162
vt 0.3235960900783539 0.6029923558235168
vt 0.3403871953487396 0.6359168887138367
vt 0.31316936016082764 0.6105160713195801
vt 0.300632506608963 0.5766737461090088
vt 0.31157186627388 0.5681581497192383
vt 0.31316936016082764 0.6105160713195801
vt 0.31157186627388 0.5681581497192383
vt 0.3235960900783539 0.6029923558235168
vt 0.300632506608963 0.5766737461090088
vt 0.293422669172287 0.541772186756134
vt 0.3046504557132721 0.5324231386184692
vt 0.300632506608963 0.5766737461090088
vt 0.3046504557132721 0.5324231386184692
vt 0.31157186627388 0.5681581497192383
vt 0.293422669172287 0.541772186756134
vt 0.29169610142707825 0.5067804455757141
vt 0.30299749970436096 0.4968174695968628
vt 0.293422669172287 0.541772186756134
vt 0.30299749970436096 0.4968174695968628
vt 0.3046504557132721 0.5324231386184692
vt 0.29169610142707825 0.5067804455757141
vt 0.2954404652118683 0.472652792930603
vt 0.30660563707351685 0.4623509645462036
vt 0.29169610142707825 0.5067804455757141
vt 0.30660563707351685 0.4623509645462036
vt 0.30299749970436096 0.4968174695968628
vt 0.2954404652118683 0.472652792930603
vt 0.3044823408126831 0.4402964115142822
vt 0.31529921293258667 0.42997312545776367
vt 0.2954404652118683 0.472652792930603
vt 0.31529921293258667 0.42997312545776367
vt 0.30660563707351685 0.4623509645462036
vt 0.3044823408126831 0.4402964115142822
vt 0.3184993863105774 0.41054093837738037
vt 0.32875001430511475 0.4005407691001892
vt 0.3044823408126831 0.4402964115142822
vt 0.32875001430511475 0.4005407691001892
vt 0.31529921293258667 0.42997312545776367
vt 0.3184993863105774 0.41054093837738037
vt 0.33704015612602234 0.3841174840927124
vt 0.3464987576007843 0.3747903108596802
vt 0.3184993863105774 0.41054093837738037
vt 0.3464987576007843 0.3747903108596802
vt 0.32875001430511475 0.4005407691001892
vt 0.33704015612602234 0.3841174840927124
vt 0.3595457673072815 0.36164015531539917
vt 0.36797860264778137 0.35332125425338745
vt 0.33704015612602234 0.3841174840927124
vt 0.36797860264778137 0.35332125425338745
vt 0.3464987576007843 0.3747903108596802
vt 0.3595457673072815 0.36164015531539917
vt 0.385373592376709 0.34359657764434814
vt 0.39254453778266907 0.3365861177444458
vt 0.3595457673072815 0.36164015531539917
vt 0.39254453778266907 0.3365861177444458
vt 0.36797860264778137 0.35332125425338745
vt 0.385373592376709 0.34359657764434814
vt 0.4138215482234955 0.33034324645996094
vt 0.4194984436035156 0.3248887062072754
vt 0.385373592376709 0.34359657764434814
vt 0.4194984436035156 0.3248887062072754
vt 0.39254453778266907 0.3365861177444458
vt 0.4138215482234955 0.33034324645996094
vt 0.44415155053138733 0.3221057653427124
vt 0.4481167197227478 0.3183884620666504
vt 0.4138215482234955 0.33034324645996094
vt 0.4481167197227478 0.3183884620666504
vt 0.4194984436035156 0.3248887062072754
vt 0.44415155053138733 0.3221057653427124
vt 0.47560983896255493 0.3189828395843506
vt 0.47767016291618347 0.31710970401763916
vt 0.44415155053138733 0.3221057653427124
vt 0.47767016291618347 0.31710970401763916
vt 0.4481167197227478 0.3183884620666504
vt 0.47767016291618347 0.31710970401763916
vt 0.47560983896255493 0.3189828395843506
vt 0.5074448585510254 0.32095468044281006
vt 0.47439029812812805 0.7429534196853638
vt 0.477337509393692 0.7420524954795837
vt 0.505690336227417 0.7490429878234863
vt 0.47439029812812805 0.7429534196853638
vt 0.44346123933792114 0.7313078045845032
vt 0.4492028057575226 0.7294626832008362
vt 0.47439029812812805 0.7429534196853638
vt 0.4492028057575226 0.7294626832008362
vt 0.477337509393692 0.7420524954795837
vt 0.44346123933792114 0.7313078045845032
vt 0.4137645363807678 0.7143142223358154
vt 0.4220796823501587 0.7114745378494263
vt 0.44346123933792114 0.7313078045845032
vt 0.4220796823501587 0.7114745378494263
vt 0.4492028057575226 0.7294626832008362
vt 0.4137645363807678 0.7143142223358154
vt 0.3861564099788666 0.6923556327819824
vt 0.3967660963535309 0.6884738802909851
vt 0.4137645363807678 0.7143142223358154
vt 0.3967660963535309 0.6884738802909851
vt 0.4220796823501587 0.7114745378494263
vt 0.3861564099788666 0.6923556327819824
vt 0.36145079135894775 0.6659861207008362
vt 0.37403467297554016 0.6610295176506042
vt 0.3861564099788666 0.6923556327819824
vt 0.37403467297554016 0.6610295176506042
vt 0.3967660963535309 0.6884738802909851
vt 0.36145079135894775 0.6659861207008362
vt 0.3403871953487396 0.6359168887138367
vt 0.3545953035354614 0.6298820376396179
vt 0.36145079135894775 0.6659861207008362
vt 0.3545953035354614 0.6298820376396179
vt 0.37403467297554016 0.6610295176506042
vt 0.3403871953487396 0.6359168887138367
vt 0.3235960900783539 0.6029923558235168
vt 0.3390617072582245 0.5959181189537048
vt 0.3403871953487396 0.6359168887138367
vt 0.3390617072582245 0.5959181189537048
vt 0.3545953035354614 0.6298820376396179
vt 0.3235960900783539 0.6029923558235168
vt 0.31157186627388 0.5681581497192383
vt 0.32791921496391296 0.5601375102996826
vt 0.3235960900783539 0.6029923558235168
vt 0.32791921496391296 0.5601375102996826
vt 0.3390617072582245 0.5959181189537048
vt 0.31157186627388 0.5681581497192383
vt 0.3046504557132721 0.5324231386184692
vt 0.32150235772132874 0.5236087441444397
vt 0.31157186627388 0.5681581497192383
vt 0.32150235772132874 0.5236087441444397
vt 0.32791921496391296 0.5601375102996826
vt 0.3046504557132721 0.5324231386184692
vt 0.30299749970436096 0.4968174695968628
vt 0.31997859477996826 0.48742222785949707
vt 0.3046504557132721 0.5324231386184692
vt 0.31997859477996826 0.48742222785949707
vt 0.32150235772132874 0.5236087441444397
vt 0.30299749970436096 0.4968174695968628
vt 0.30660563707351685 0.4623509645462036
vt 0.3233436048030853 0.45264047384262085
vt 0.30299749970436096 0.4968174695968628
vt 0.3233436048030853 0.45264047384262085
vt 0.31997859477996826 0.48742222785949707
vt 0.30660563707351685 0.4623509645462036
vt 0.31529921293258667 0.42997312545776367
vt 0.3314271867275238 0.4202547073364258
vt 0.30660563707351685 0.4623509645462036
vt 0.3314271867275238 0.4202547073364258
vt 0.3233436048030853 0.45264047384262085
vt 0.31529921293258667 0.42997312545776367
vt 0.32875001430511475 0.4005407691001892
vt 0.3439086079597473 0.39114391803741455
vt 0.31529921293258667 0.42997312545776367
vt 0.3439086079597473 0.39114391803741455
vt 0.3314271867275238 0.4202547073364258
vt 0.32875001430511475 0.4005407691001892
vt 0.3464987576007843 0.3747903108596802
vt 0.36033764481544495 0.36604809761047363
vt 0.32875001430511475 0.4005407691001892
vt 0.36033764481544495 0.36604809761047363
vt 0.3439086079597473 0.39114391803741455
vt 0.3464987576007843 0.3747903108596802
vt 0.36797860264778137 0.35332125425338745
vt 0.3801642060279846 0.34554779529571533
vt 0.3464987576007843 0.3747903108596802
vt 0.3801642060279846 0.34554779529571533
vt 0.36033764481544495 0.36604809761047363
vt 0.36797860264778137 0.35332125425338745
vt 0.39254453778266907 0.3365861177444458
vt 0.40276452898979187 0.33005809783935547
vt 0.36797860264778137 0.35332125425338745
vt 0.40276452898979187 0.33005809783935547
vt 0.3801642060279846 0.34554779529571533
vt 0.39254453778266907 0.3365861177444458
vt 0.4194984436035156 0.3248887062072754
vt 0.42747217416763306 0.3198288679122925
vt 0.39254453778266907 0.3365861177444458
vt 0.42747217416763306 0.3198288679122925
vt 0.40276452898979187 0.33005809783935547
vt 0.4194984436035156 0.3248887062072754
vt 0.4481167197227478 0.3183884620666504
vt 0.4536031186580658 0.3149542212486267
vt 0.4194984436035156 0.3248887062072754
vt 0.4536031186580658 0.3149542212486267
vt 0.42747217416763306 0.3198288679122925
vt 0.4481167197227478 0.3183884620666504
vt 0.47767016291618347 0.31710970401763916
vt 0.4804792106151581 0.31538623571395874
vt 0.4481167197227478 0.3183884620666504
vt 0.4804792106151581 0.31538623571395874
vt 0.4536031186580658 0.3149542212486267
vt 0.4804792106151581 0.31538623571395874
vt 0.47767016291618347 0.31710970401763916
vt 0.5074448585510254 0.32095468044281006
vt 0.477337509393692 0.7420524954795837
vt 0.48100313544273376 0.741253137588501
vt 0.505690336227417 0.7490429878234863
vt 0.477337509393692 0.7420524954795837
vt 0.4492028057575226 0.7294626832008362
vt 0.4564165771007538 0.7278187274932861
vt 0.477337509393692 0.7420524954795837
vt 0.4564165771007538 0.7278187274932861
vt 0.48100313544273376 0.741253137588501
vt 0.4492028057575226 0.7294626832008362
vt 0.4220796823501587 0.7114745378494263
vt 0.4326286017894745 0.708935022354126
vt 0.4492028057575226 0.7294626832008362
vt 0.4326286017894745 0.708935022354126
vt 0.4564165771007538 0.7278187274932861
vt 0.4220796823501587 0.7114745378494263
vt 0.3967660963535309 0.6884738802909851
vt 0.4103529751300812 0.6849896907806396
vt 0.4220796823501587 0.7114745378494263
vt 0.4103529751300812 0.6849896907806396
vt 0.4326286017894745 0.708935022354126
vt 0.3967660963535309 0.6884738802909851
vt 0.37403467297554016 0.6610295176506042
vt 0.3902878165245056 0.6565662622451782
vt 0.3967660963535309 0.6884738802909851
vt 0.3902878165245056 0.6565662622451782
vt 0.4103529751300812 0.6849896907806396
vt 0.37403467297554016 0.6610295176506042
vt 0.3545953035354614 0.6298820376396179
vt 0.3730839192867279 0.6244326829910278
vt 0.37403467297554016 0.6610295176506042
vt 0.3730839192867279 0.6244326829910278
vt 0.3902878165245056 0.6565662622451782
vt 0.3545953035354614 0.6298820376396179
vt 0.3390617072582245 0.5959181189537048
vt 0.3593079745769501 0.5895162224769592
vt 0.3545953035354614 0.6298820376396179
vt 0.3593079745769501 0.5895162224769592
vt 0.3730839192867279 0.6244326829910278
vt 0.3390617072582245 0.5959181189537048
vt 0.32791921496391296 0.5601375102996826
vt 0.3494143784046173 0.5528674721717834
vt 0.3390617072582245 0.5959181189537048
vt 0.3494143784046173 0.5528674721717834
vt 0.3593079745769501 0.5895162224769592
vt 0.32791921496391296 0.5601375102996826
vt 0.32150235772132874 0.5236087441444397
vt 0.3437179625034332 0.5156117081642151
vt 0.32791921496391296 0.5601375102996826
vt 0.3437179625034332 0.5156117081642151
vt 0.3494143784046173 0.5528674721717834
vt 0.32150235772132874 0.5236087441444397
vt 0.31997859477996826 0.48742222785949707
vt 0.34237828850746155 0.47889578342437744
vt 0.32150235772132874 0.5236087441444397
vt 0.34237828850746155 0.47889578342437744
vt 0.3437179625034332 0.5156117081642151
vt 0.31997859477996826 0.48742222785949707
vt 0.3233436048030853 0.45264047384262085
vt 0.3453935980796814 0.44383251667022705
vt 0.31997859477996826 0.48742222785949707
vt 0.3453935980796814 0.44383251667022705
vt 0.34237828850746155 0.47889578342437744
vt 0.3233436048030853 0.45264047384262085
vt 0.3314271867275238 0.4202547073364258
vt 0.3526064157485962 0.4114490747451782
vt 0.3233436048030853 0.45264047384262085
vt 0.3526064157485962 0.4114490747451782
vt 0.3453935980796814 0.44383251667022705
vt 0.3314271867275238 0.4202547073364258
vt 0.3439086079597473 0.39114391803741455
vt 0.363717645406723 0.38264501094818115
vt 0.3314271867275238 0.4202547073364258
vt 0.363717645406723 0.38264501094818115
vt 0.3526064157485962 0.4114490747451782
vt 0.3439086079597473 0.39114391803741455
vt 0.36033764481544495 0.36604809761047363
vt 0.37830889225006104 0.3581591844558716
vt 0.3439086079597473 0.39114391803741455
vt 0.37830889225006104 0.3581591844558716
vt 0.363717645406723 0.38264501094818115
vt 0.36033764481544495 0.36604809761047363
vt 0.3801642060279846 0.34554779529571533
vt 0.39586907625198364 0.33855295181274414
vt 0.36033764481544495 0.36604809761047363
vt 0.39586907625198364 0.33855295181274414
vt 0.37830889225006104 0.3581591844558716
vt 0.3801642060279846 0.34554779529571533
vt 0.40276452898979187 0.33005809783935547
vt 0.4158257842063904 0.32420265674591064
vt 0.3801642060279846 0.34554779529571533
vt 0.4158257842063904 0.32420265674591064
vt 0.39586907625198364 0.33855295181274414
vt 0.40276452898979187 0.33005809783935547
vt 0.42747217416763306 0.3198288679122925
vt 0.43757063150405884 0.31530624628067017
vt 0.40276452898979187 0.33005809783935547
vt 0.43757063150405884 0.31530624628067017
vt 0.4158257842063904 0.32420265674591064
vt 0.42747217416763306 0.3198288679122925
vt 0.4536031186580658 0.3149542212486267
vt 0.46048703789711 0.31189578771591187
vt 0.42747217416763306 0.3198288679122925
vt 0.46048703789711 0.31189578771591187
vt 0.43757063150405884 0.31530624628067017
vt 0.4536031186580658 0.3149542212486267
vt 0.4804792106151581 0.31538623571395874
vt 0.4839703142642975 0.3138574957847595
vt 0.4536031186580658 0.3149542212486267
vt 0.4839703142642975 0.3138574957847595
vt 0.46048703789711 0.31189578771591187
vt 0.4839703142642975 0.3138574957847595
vt 0.4804792106151581 0.31538623571395874
vt 0.5074448585510254 0.32095468044281006
vt 0.48100313544273376 0.741253137588501
vt 0.4852982759475708 0.7405762672424316
vt 0.505690336227417 0.7490429878234863
vt 0.48100313544273376 0.741253137588501
vt 0.4564165771007538 0.7278187274932861
vt 0.46492812037467957 0.7264218926429749
vt 0.48100313544273376 0.741253137588501
vt 0.46492812037467957 0.7264218926429749
vt 0.4852982759475708 0.7405762672424316
vt 0.4564165771007538 0.7278187274932861
vt 0.4326286017894745 0.708935022354126
vt 0.4451618790626526 0.7067697048187256
vt 0.4564165771007538 0.7278187274932861
vt 0.4451618790626526 0.7067697048187256
vt 0.46492812037467957 0.7264218926429749
vt 0.4326286017894745 0.708935022354126
vt 0.4103529751300812 0.6849896907806396
vt 0.42660078406333923 0.6820096969604492
vt 0.4326286017894745 0.708935022354126
vt 0.42660078406333923 0.6820096969604492
vt 0.4451618790626526 0.7067697048187256
vt 0.4103529751300812 0.6849896907806396
vt 0.3902878165245056 0.6565662622451782
vt 0.4098401665687561 0.6527379751205444
vt 0.4103529751300812 0.6849896907806396
vt 0.4098401665687561 0.6527379751205444
vt 0.42660078406333923 0.6820096969604492
vt 0.3902878165245056 0.6565662622451782
vt 0.3730839192867279 0.6244326829910278
vt 0.39543968439102173 0.6197470426559448
vt 0.3902878165245056 0.6565662622451782
vt 0.39543968439102173 0.6197470426559448
vt 0.4098401665687561 0.6527379751205444
vt 0.3730839192867279 0.6244326829910278
vt 0.3593079745769501 0.5895162224769592
vt 0.3838917315006256 0.5840006470680237
vt 0.3730839192867279 0.6244326829910278
vt 0.3838917315006256 0.5840006470680237
vt 0.39543968439102173 0.6197470426559448
vt 0.3593079745769501 0.5895162224769592
vt 0.3494143784046173 0.5528674721717834
vt 0.375592976808548 0.5465951561927795
vt 0.3593079745769501 0.5895162224769592
vt 0.375592976808548 0.5465951561927795
vt 0.3838917315006256 0.5840006470680237
vt 0.3494143784046173 0.5528674721717834
vt 0.3437179625034332 0.5156117081642151
vt 0.370821088552475 0.5087063908576965
vt 0.3494143784046173 0.5528674721717834
vt 0.370821088552475 0.5087063908576965
vt 0.375592976808548 0.5465951561927795
vt 0.3437179625034332 0.5156117081642151
vt 0.34237828850746155 0.47889578342437744
vt 0.3697173297405243 0.4715319871902466
vt 0.3437179625034332 0.5156117081642151
vt 0.3697173297405243 0.4715319871902466
vt 0.370821088552475 0.5087063908576965
vt 0.34237828850746155 0.47889578342437744
vt 0.3453935980796814 0.44383251667022705
vt 0.3722821772098541 0.43622827529907227
vt 0.34237828850746155 0.47889578342437744
vt 0.3722821772098541 0.43622827529907227
vt 0.3697173297405243 0.4715319871902466
vt 0.3453935980796814 0.44383251667022705
vt 0.3526064157485962 0.4114490747451782
vt 0.3783774971961975 0.4038548469543457
vt 0.3453935980796814 0.44383251667022705
vt 0.3783774971961975 0.4038548469543457
vt 0.3722821772098541 0.43622827529907227
vt 0.3526064157485962 0.4114490747451782
vt 0.363717645406723 0.38264501094818115
vt 0.3877415657043457 0.3753262758255005
vt 0.3526064157485962 0.4114490747451782
vt 0.3877415657043457 0.3753262758255005
vt 0.3783774971961975 0.4038548469543457
vt 0.363717645406723 0.38264501094818115
vt 0.37830889225006104 0.3581591844558716
vt 0.40000858902931213 0.35137999057769775
vt 0.363717645406723 0.38264501094818115
vt 0.40000858902931213 0.35137999057769775
vt 0.3877415657043457 0.3753262758255005
vt 0.37830889225006104 0.3581591844558716
vt 0.39586907625198364 0.33855295181274414
vt 0.41473421454429626 0.33255672454833984
vt 0.37830889225006104 0.3581591844558716
vt 0.41473421454429626 0.33255672454833984
vt 0.40000858902931213 0.35137999057769775
vt 0.39586907625198364 0.33855295181274414
vt 0.4158257842063904 0.32420265674591064
vt 0.43142327666282654 0.3191973567008972
vt 0.39586907625198364 0.33855295181274414
vt 0.43142327666282654 0.3191973567008972
vt 0.41473421454429626 0.33255672454833984
vt 0.4158257842063904 0.32420265674591064
vt 0.43757063150405884 0.31530624628067017
vt 0.449553906917572 0.31145191192626953
vt 0.4158257842063904 0.32420265674591064
vt 0.449553906917572 0.31145191192626953
vt 0.43142327666282654 0.3191973567008972
vt 0.43757063150405884 0.31530624628067017
vt 0.46048703789711 0.31189578771591187
vt 0.46860188245773315 0.3092978000640869
vt 0.43757063150405884 0.31530624628067017
vt 0.46860188245773315 0.3092978000640869
vt 0.449553906917572 0.31145191192626953
vt 0.46048703789711 0.31189578771591187
vt 0.4839703142642975 0.3138574957847595
vt 0.4880584478378296 0.31256330013275146
vt 0.46048703789711 0.31189578771591187
vt 0.4880584478378296 0.31256330013275146
vt 0.46860188245773315 0.3092978000640869
vt 0.4880584478378296 0.31256330013275146
vt 0.4839703142642975 0.3138574957847595
vt 0.5074448585510254 0.32095468044281006
vt 0.4852982759475708 0.7405762672424316
vt 0.49011561274528503 0.7400398254394531
vt 0.505690336227417 0.7490429878234863
vt 0.4852982759475708 0.7405762672424316
vt 0.46492812037467957 0.7264218926429749
vt 0.4745236039161682 0.7253115773200989
vt 0.4852982759475708 0.7405762672424316
vt 0.4745236039161682 0.7253115773200989
vt 0.49011561274528503 0.7400398254394531
vt 0.46492812037467957 0.7264218926429749
vt 0.4451618790626526 0.7067697048187256
vt 0.45936140418052673 0.7050437331199646
vt 0.46492812037467957 0.7264218926429749
vt 0.45936140418052673 0.7050437331199646
vt 0.4745236039161682 0.7253115773200989
vt 0.4451618790626526 0.7067697048187256
vt 0.42660078406333923 0.6820096969604492
vt 0.44509610533714294 0.6796282529830933
vt 0.4451618790626526 0.7067697048187256
vt 0.44509610533714294 0.6796282529830933
vt 0.45936140418052673 0.7050437331199646
vt 0.42660078406333923 0.6820096969604492
vt 0.4098401665687561 0.6527379751205444
vt 0.4321923553943634 0.6496712565422058
vt 0.42660078406333923 0.6820096969604492
vt 0.4321923553943634 0.6496712565422058
vt 0.44509610533714294 0.6796282529830933
vt 0.4098401665687561 0.6527379751205444
vt 0.39543968439102173 0.6197470426559448
vt 0.4210914075374603 0.6159859299659729
vt 0.4098401665687561 0.6527379751205444
vt 0.4210914075374603 0.6159859299659729
vt 0.4321923553943634 0.6496712565422058
vt 0.39543968439102173 0.6197470426559448
vt 0.3838917315006256 0.5840006470680237
vt 0.41218358278274536 0.579566240310669
vt 0.39543968439102173 0.6197470426559448
vt 0.41218358278274536 0.579566240310669
vt 0.4210914075374603 0.6159859299659729
vt 0.3838917315006256 0.5840006470680237
vt 0.375592976808548 0.5465951561927795
vt 0.40578562021255493 0.541546106338501
vt 0.3838917315006256 0.5840006470680237
vt 0.40578562021255493 0.541546106338501
vt 0.41218358278274536 0.579566240310669
vt 0.375592976808548 0.5465951561927795
vt 0.370821088552475 0.5087063908576965
vt 0.40211889147758484 0.5031442046165466
vt 0.375592976808548 0.5465951561927795
vt 0.40211889147758484 0.5031442046165466
vt 0.40578562021255493 0.541546106338501
vt 0.370821088552475 0.5087063908576965
vt 0.3697173297405243 0.4715319871902466
vt 0.40129780769348145 0.4655994176864624
vt 0.370821088552475 0.5087063908576965
vt 0.40129780769348145 0.4655994176864624
vt 0.40211889147758484 0.5031442046165466
vt 0.3697173297405243 0.4715319871902466
vt 0.3722821772098541 0.43622827529907227
vt 0.4033217132091522 0.43010425567626953
vt 0.3697173297405243 0.4715319871902466
vt 0.4033217132091522 0.43010425567626953
vt 0.40129780769348145 0.4655994176864624
vt 0.3722821772098541 0.43622827529907227
vt 0.3783774971961975 0.4038548469543457
vt 0.4080812633037567 0.3977435827255249
vt 0.3722821772098541 0.43622827529907227
vt 0.4080812633037567 0.3977435827255249
vt 0.4033217132091522 0.43010419607162476
vt 0.3783774971961975 0.4038548469543457
vt 0.3877415657043457 0.3753262758255005
vt 0.4153653085231781 0.36944448947906494
vt 0.3783774971961975 0.4038548469543457
vt 0.4153653085231781 0.36944448947906494
vt 0.4080812633037567 0.3977435827255249
vt 0.3877415657043457 0.3753262758255005
vt 0.40000858902931213 0.35137999057769775
vt 0.424882173538208 0.34594106674194336
vt 0.3877415657043457 0.3753262758255005
vt 0.424882173538208 0.34594106674194336
vt 0.4153653085231781 0.36944448947906494
vt 0.40000858902931213 0.35137999057769775
vt 0.41473421454429626 0.33255672454833984
vt 0.4362781345844269 0.32775580883026123
vt 0.40000858902931213 0.35137999057769775
vt 0.4362781345844269 0.32775580883026123
vt 0.424882173538208 0.34594106674194336
vt 0.41473421454429626 0.33255672454833984
vt 0.43142327666282654 0.3191973567008972
vt 0.44916045665740967 0.315199077129364
vt 0.41473421454429626 0.33255672454833984
vt 0.44916045665740967 0.315199077129364
vt 0.4362781345844269 0.32775580883026123
vt 0.43142327666282654 0.3191973567008972
vt 0.449553906917572 0.31145191192626953
vt 0.4631185829639435 0.3083810806274414
vt 0.43142327666282654 0.3191973567008972
vt 0.4631185829639435 0.3083810806274414
vt 0.44916045665740967 0.315199077129364
vt 0.449553906917572 0.31145191192626953
vt 0.46860188245773315 0.3092978000640869
vt 0.47774359583854675 0.30723345279693604
vt 0.449553906917572 0.31145191192626953
vt 0.47774359583854675 0.30723345279693604
vt 0.4631185829639435 0.3083810806274414
vt 0.46860188245773315 0.3092978000640869
vt 0.4880584478378296 0.31256330013275146
vt 0.4926415681838989 0.311537504196167
vt 0.46860188245773315 0.3092978000640869
vt 0.4926415681838989 0.311537504196167
vt 0.47774359583854675 0.30723345279693604
vt 0.4926415681838989 0.311537504196167
vt 0.4880584478378296 0.31256330013275146
vt 0.5074448585510254 0.32095468044281006
vt 0.49011561274528503 0.7400398254394531
vt 0.4953329563140869 0.7396581172943115
vt 0.505690336227417 0.7490429878234863
vt 0.49011561274528503 0.7400398254394531
vt 0.4745236039161682 0.7253115773200989
vt 0.4849535822868347 0.7245198488235474
vt 0.49011561274528503 0.7400398254394531
vt 0.4849535822868347 0.7245198488235474
vt 0.4953329563140869 0.7396581172943115
vt 0.4745236039161682 0.7253115773200989
vt 0.45936140418052673 0.7050437331199646
vt 0.47485047578811646 0.7038103342056274
vt 0.4745236039161682 0.7253115773200989
vt 0.47485047578811646 0.7038103342056274
vt 0.4849535822868347 0.7245198488235474
vt 0.45936140418052673 0.7050437331199646
vt 0.44509610533714294 0.6796282529830933
vt 0.46533703804016113 0.677922785282135
vt 0.45936140418052673 0.7050437331199646
vt 0.46533703804016113 0.677922785282135
vt 0.47485047578811646 0.7038103342056274
vt 0.44509610533714294 0.6796282529830933
vt 0.4321923553943634 0.6496712565422058
vt 0.45672765374183655 0.6474712491035461
vt 0.44509610533714294 0.6796282529830933
vt 0.45672765374183655 0.6474712491035461
vt 0.46533703804016113 0.677922785282135
vt 0.4321923553943634 0.6496712565422058
vt 0.4210914075374603 0.6159859299659729
vt 0.44932156801223755 0.6132837533950806
vt 0.4321923553943634 0.6496712565422058
vt 0.44932156801223755 0.6132837533950806
vt 0.45672765374183655 0.6474712491035461
vt 0.4210914075374603 0.6159859299659729
vt 0.41218358278274536 0.579566240310669
vt 0.44338467717170715 0.5763760805130005
vt 0.4210914075374603 0.6159859299659729
vt 0.44338467717170715 0.5763760805130005
vt 0.44932156801223755 0.6132837533950806
vt 0.41218358278274536 0.579566240310669
vt 0.40578562021255493 0.541546106338501
vt 0.43913233280181885 0.5379106402397156
vt 0.41218358278274536 0.579566240310669
vt 0.43913233280181885 0.5379106402397156
vt 0.44338467717170715 0.5763760805130005
vt 0.40578562021255493 0.541546106338501
vt 0.40211889147758484 0.5031442046165466
vt 0.43671703338623047 0.4991370439529419
vt 0.40578562021255493 0.541546106338501
vt 0.43671703338623047 0.4991370439529419
vt 0.43913233280181885 0.5379106402397156
vt 0.40211889147758484 0.5031442046165466
vt 0.40129780769348145 0.4655994176864624
vt 0.43621546030044556 0.46132469177246094
vt 0.40211889147758484 0.5031442046165466
vt 0.43621546030044556 0.46132469177246094
vt 0.43671703338623047 0.4991370439529419
vt 0.40129780769348145 0.4655994176864624
vt 0.4033217132091522 0.43010425567626953
vt 0.43762657046318054 0.42569267749786377
vt 0.40129780769348145 0.4655994176864624
vt 0.43762657046318054 0.42569267749786377
vt 0.43621546030044556 0.46132469177246094
vt 0.4033217132091522 0.43010425567626953
vt 0.4080812633037567 0.3977435827255249
vt 0.44087329506874084 0.3933442234992981
vt 0.4033217132091522 0.43010425567626953
vt 0.44087329506874084 0.3933442234992981
vt 0.43762657046318054 0.42569267749786377
vt 0.4080812633037567 0.3977435827255249
vt 0.4153653085231781 0.36944448947906494
vt 0.44581061601638794 0.3652147054672241
vt 0.4080812633037567 0.3977435827255249
vt 0.44581061601638794 0.3652147054672241
vt 0.44087329506874084 0.3933442234992981
vt 0.4153653085231781 0.36944448947906494
vt 0.424882173538208 0.34594106674194336
vt 0.4522364139556885 0.3420346975326538
vt 0.4153653085231781 0.36944448947906494
vt 0.4522364139556885 0.3420346975326538
vt 0.44581061601638794 0.3652147054672241
vt 0.424882173538208 0.34594106674194336
vt 0.4362781345844269 0.32775580883026123
vt 0.459908127784729 0.3243129253387451
vt 0.424882173538208 0.34594106674194336
vt 0.459908127784729 0.3243129253387451
vt 0.4522364139556885 0.3420346975326538
vt 0.4362781345844269 0.32775580883026123
vt 0.44916045665740967 0.315199077129364
vt 0.4685575067996979 0.3123370409011841
vt 0.4362781345844269 0.32775580883026123
vt 0.4685575067996979 0.3123370409011841
vt 0.459908127784729 0.3243129253387451
vt 0.44916045665740967 0.315199077129364
vt 0.4631185829639435 0.3083810806274414
vt 0.47790563106536865 0.3061870336532593
vt 0.44916045665740967 0.315199077129364
vt 0.47790563106536865 0.3061870336532593
vt 0.4685575067996979 0.3123370409011841
vt 0.4631185829639435 0.3083810806274414
vt 0.47774359583854675 0.30723345279693604
vt 0.4876757860183716 0.30576157569885254
vt 0.4631185829639435 0.3083810806274414
vt 0.4876757860183716 0.30576157569885254
vt 0.47790563106536865 0.3061870336532593
vt 0.47774359583854675 0.30723345279693604
vt 0.4926415681838989 0.311537504196167
vt 0.49760374426841736 0.31080764532089233
vt 0.47774359583854675 0.30723345279693604
vt 0.49760374426841736 0.31080764532089233
vt 0.4876757860183716 0.30576157569885254
vt 0.49760374426841736 0.31080764532089233
vt 0.4926415681838989 0.311537504196167
vt 0.5074448585510254 0.32095468044281006
vt 0.4953329563140869 0.7396581172943115
vt 0.5008174777030945 0.7394412755966187
vt 0.505690336227417 0.7490429878234863
vt 0.4953329563140869 0.7396581172943115
vt 0.4849535822868347 0.7245198488235474
vt 0.49594172835350037 0.7240695357322693
vt 0.4953329563140869 0.7396581172943115
vt 0.49594172835350037 0.7240695357322693
vt 0.5008174777030945 0.7394412755966187
vt 0.4849535822868347 0.7245198488235474
vt 0.47485047578811646 0.7038103342056274
vt 0.49120375514030457 0.7031079530715942
vt 0.4849535822868347 0.7245198488235474
vt 0.49120375514030457 0.7031079530715942
vt 0.49594172835350037 0.7240695357322693
vt 0.47485047578811646 0.7038103342056274
vt 0.46533703804016113 0.677922785282135
vt 0.4867517054080963 0.6769506335258484
vt 0.47485047578811646 0.7038103342056274
vt 0.4867517054080963 0.6769506335258484
vt 0.49120375514030457 0.7031079530715942
vt 0.46533703804016113 0.677922785282135
vt 0.45672765374183655 0.6474712491035461
vt 0.4827345311641693 0.6462154984474182
vt 0.46533703804016113 0.677922785282135
vt 0.4827345311641693 0.6462154984474182
vt 0.4867517054080963 0.6769506335258484
vt 0.45672765374183655 0.6474712491035461
vt 0.44932156801223755 0.6132837533950806
vt 0.4792932868003845 0.6117395162582397
vt 0.45672765374183655 0.6474712491035461
vt 0.4792932868003845 0.6117395162582397
vt 0.4827345311641693 0.6462154984474182
vt 0.44932156801223755 0.6132837533950806
vt 0.44338467717170715 0.5763760805130005
vt 0.4765532910823822 0.5745517015457153
vt 0.44932156801223755 0.6132837533950806
vt 0.4765532910823822 0.5745517015457153
vt 0.4792932868003845 0.6117395162582397
vt 0.44338467717170715 0.5763760805130005
vt 0.43913233280181885 0.5379106402397156
vt 0.47461608052253723 0.5358303189277649
vt 0.44338467717170715 0.5763760805130005
vt 0.47461608052253723 0.5358303189277649
vt 0.4765532910823822 0.5745517015457153
vt 0.43913233280181885 0.5379106402397156
vt 0.43671703338623047 0.4991370439529419
vt 0.47355157136917114 0.49684327840805054
vt 0.43913233280181885 0.5379106402397156
vt 0.47355157136917114 0.49684327840805054
vt 0.47461608052253723 0.5358303189277649
vt 0.43671703338623047 0.4991370439529419
vt 0.43621546030044556 0.46132469177246094
vt 0.4733951687812805 0.45887768268585205
vt 0.43671703338623047 0.4991370439529419
vt 0.4733951687812805 0.45887768268585205
vt 0.47355157136917114 0.49684327840805054
vt 0.43621546030044556 0.46132469177246094
vt 0.43762657046318054 0.42569267749786377
vt 0.47414281964302063 0.4231676459312439
vt 0.43621546030044556 0.46132469177246094
vt 0.47414281964302063 0.4231676459312439
vt 0.4733951687812805 0.45887768268585205
vt 0.43762657046318054 0.42569267749786377
vt 0.44087329506874084 0.3933442234992981
vt 0.4757562577724457 0.39082735776901245
vt 0.43762657046318054 0.42569267749786377
vt 0.4757562577724457 0.39082735776901245
vt 0.47414281964302063 0.4231676459312439
vt 0.44087329506874084 0.3933442234992981
vt 0.44581061601638794 0.3652147054672241
vt 0.47816264629364014 0.36279624700546265
vt 0.44087329506874084 0.3933442234992981
vt 0.47816264629364014 0.36279624700546265
vt 0.4757562577724457 0.39082735776901245
vt 0.44581061601638794 0.3652147054672241
vt 0.4522364139556885 0.3420346975326538
vt 0.48126405477523804 0.33980298042297363
vt 0.44581061601638794 0.3652147054672241
vt 0.48126405477523804 0.33980298042297363
vt 0.47816264629364014 0.36279624700546265
vt 0.4522364139556885 0.3420346975326538
vt 0.459908127784729 0.3243129253387451
vt 0.48494264483451843 0.3223482370376587
vt 0.4522364139556885 0.3420346975326538
vt 0.48494264483451843 0.3223482370376587
vt 0.48126405477523804 0.33980298042297363
vt 0.459908127784729 0.3243129253387451
vt 0.4685575067996979 0.3123370409011841
vt 0.48906922340393066 0.31070566177368164
vt 0.459908127784729 0.3243129253387451
vt 0.48906922340393066 0.31070566177368164
vt 0.48494264483451843 0.3223482370376587
vt 0.4685575067996979 0.3123370409011841
vt 0.47790563106536865 0.3061870336532593
vt 0.4935109317302704 0.3049379587173462
vt 0.4685575067996979 0.3123370409011841
vt 0.4935109317302704 0.3049379587173462
vt 0.48906922340393066 0.31070566177368164
vt 0.47790563106536865 0.3061870336532593
vt 0.4876757860183716 0.30576157569885254
vt 0.4981354773044586 0.30492472648620605
vt 0.47790563106536865 0.3061870336532593
vt 0.4981354773044586 0.30492472648620605
vt 0.4935109317302704 0.3049379587173462
vt 0.4876757860183716 0.30576157569885254
vt 0.49760374426841736 0.31080764532089233
vt 0.5028184652328491 0.3103932738304138
vt 0.4876757860183716 0.30576157569885254
vt 0.5028184652328491 0.3103932738304138
vt 0.4981354773044586 0.30492472648620605
vt 0.5028184652328491 0.3103932738304138
vt 0.49760374426841736 0.31080764532089233
vt 0.5074448585510254 0.32095468044281006
vt 0.5008174777030945 0.7394412755966187
vt 0.5064276456832886 0.7393953204154968
vt 0.505690336227417 0.7490429878234863
vt 0.5008174777030945 0.7394412755966187
vt 0.49594172835350037 0.7240695357322693
vt 0.5071924924850464 0.7239740490913391
vt 0.5008174777030945 0.7394412755966187
vt 0.5071924924850464 0.7239740490913391
vt 0.5064276456832886 0.7393953204154968
vt 0.49594172835350037 0.7240695357322693
vt 0.49120375514030457 0.7031079530715942
vt 0.5079640746116638 0.7029590606689453
vt 0.49594172835350037 0.7240695357322693
vt 0.5079640746116638 0.7029590606689453
vt 0.5071924924850464 0.7239740490913391
vt 0.49120375514030457 0.7031079530715942
vt 0.4867517054080963 0.6769506335258484
vt 0.5087196826934814 0.6767440438270569
vt 0.49120375514030457 0.7031079530715942
vt 0.5087196826934814 0.6767440438270569
vt 0.5079640746116638 0.7029590606689453
vt 0.4867517054080963 0.6769506335258484
vt 0.4827345311641693 0.6462154984474182
vt 0.5094348192214966 0.6459487676620483
vt 0.4867517054080963 0.6769506335258484
vt 0.5094348192214966 0.6459487676620483
vt 0.5087196826934814 0.6767440438270569
vt 0.4827345311641693 0.6462154984474182
vt 0.4792932868003845 0.6117395162582397
vt 0.5100856423377991 0.6114113926887512
vt 0.4827345311641693 0.6462154984474182
vt 0.5100856423377991 0.6114113926887512
vt 0.5094348192214966 0.6459487676620483
vt 0.4792932868003845 0.6117395162582397
vt 0.4765532910823822 0.5745517015457153
vt 0.5106496810913086 0.5741637349128723
vt 0.4792932868003845 0.6117395162582397
vt 0.5106496810913086 0.5741637349128723
vt 0.5100856423377991 0.6114113926887512
vt 0.4765532910823822 0.5745517015457153
vt 0.47461608052253723 0.5358303189277649
vt 0.511106550693512 0.5353879928588867
vt 0.4765532910823822 0.5745517015457153
vt 0.511106550693512 0.5353879928588867
vt 0.5106496810913086 0.5741637349128723
vt 0.47461608052253723 0.5358303189277649
vt 0.47355157136917114 0.49684327840805054
vt 0.5114409327507019 0.4963552951812744
vt 0.47461608052253723 0.5358303189277649
vt 0.5114409327507019 0.4963552951812744
vt 0.511106550693512 0.5353879928588867
vt 0.47355157136917114 0.49684327840805054
vt 0.4733951687812805 0.45887768268585205
vt 0.5116407871246338 0.45835721492767334
vt 0.47355157136917114 0.49684327840805054
vt 0.5116407871246338 0.45835721492767334
vt 0.5114409327507019 0.4963552951812744
vt 0.4733951687812805 0.45887768268585205
vt 0.47414281964302063 0.4231676459312439
vt 0.5117018818855286 0.4226306676864624
vt 0.4733951687812805 0.45887768268585205
vt 0.5117018818855286 0.4226306676864624
vt 0.5116407871246338 0.45835721492767334
vt 0.47414281964302063 0.4231676459312439
vt 0.4757562577724457 0.39082735776901245
vt 0.5116236209869385 0.3902921676635742
vt 0.47414281964302063 0.4231676459312439
vt 0.5116236209869385 0.3902921676635742
vt 0.5117018818855286 0.4226306676864624
vt 0.4757562577724457 0.39082735776901245
vt 0.47816264629364014 0.36279624700546265
vt 0.5114126801490784 0.36228203773498535
vt 0.4757562577724457 0.39082735776901245
vt 0.5114126801490784 0.36228203773498535
vt 0.5116236209869385 0.3902921676635742
vt 0.47816264629364014 0.36279624700546265
vt 0.48126405477523804 0.33980298042297363
vt 0.5110790729522705 0.3393287658691406
vt 0.47816264629364014 0.36279624700546265
vt 0.5110790729522705 0.3393287658691406
vt 0.5114126801490784 0.36228203773498535
vt 0.48126405477523804 0.33980298042297363
vt 0.48494264483451843 0.3223482370376587
vt 0.510637640953064 0.3219311237335205
vt 0.48126405477523804 0.33980298042297363
vt 0.510637640953064 0.3219311237335205
vt 0.5110790729522705 0.3393287658691406
vt 0.48494264483451843 0.3223482370376587
vt 0.48906922340393066 0.31070566177368164
vt 0.5101051330566406 0.31035923957824707
vt 0.48494264483451843 0.3223482370376587
vt 0.5101051330566406 0.31035923957824707
vt 0.510637640953064 0.3219311237335205
vt 0.48906922340393066 0.31070566177368164
vt 0.4935109317302704 0.3049379587173462
vt 0.5095004439353943 0.3046729564666748
vt 0.48906922340393066 0.31070566177368164
vt 0.5095004439353943 0.3046729564666748
vt 0.5101051330566406 0.31035923957824707
vt 0.4935109317302704 0.3049379587173462
vt 0.4981354773044586 0.30492472648620605
vt 0.508842945098877 0.30474722385406494
vt 0.4935109317302704 0.3049379587173462
vt 0.508842945098877 0.30474722385406494
vt 0.5095004439353943 0.3046729564666748
vt 0.4981354773044586 0.30492472648620605
vt 0.5028184652328491 0.3103932738304138
vt 0.5081518888473511 0.31030547618865967
vt 0.4981354773044586 0.30492472648620605
vt 0.5081518888473511 0.31030547618865967
vt 0.508842945098877 0.30474722385406494
vt 0.5081518888473511 0.31030547618865967
vt 0.5028184652328491 0.3103932738304138
vt 0.5074448585510254 0.32095468044281006
vt 0.5064276456832886 0.7393953204154968
vt 0.5120184421539307 0.7395213842391968
vt 0.505690336227417 0.7490429878234863
vt 0.5064276456832886 0.7393953204154968
vt 0.5071924924850464 0.7239740490913391
vt 0.5184018611907959 0.724236249923706
vt 0.5064276456832886 0.7393953204154968
vt 0.5184018611907959 0.724236249923706
vt 0.5120184421539307 0.7395213842391968
vt 0.5071924924850464 0.7239740490913391
vt 0.5079640746116638 0.7029590606689453
vt 0.5246589183807373 0.7033679485321045
vt 0.5071924924850464 0.7239740490913391
vt 0.5246589183807373 0.7033679485321045
vt 0.5184018611907959 0.724236249923706
vt 0.5079640746116638 0.7029590606689453
vt 0.5087196826934814 0.6767440438270569
vt 0.5305964350700378 0.6773106455802917
vt 0.5079640746116638 0.7029590606689453
vt 0.5305964350700378 0.6773106455802917
vt 0.5246589183807373 0.7033679485321045
vt 0.5087196826934814 0.6767440438270569
vt 0.5094348192214966 0.6459487676620483
vt 0.5360189080238342 0.6466806530952454
vt 0.5087196826934814 0.6767440438270569
vt 0.5360189080238342 0.6466806530952454
vt 0.5305964350700378 0.6773106455802917
vt 0.5094348192214966 0.6459487676620483
vt 0.5100856423377991 0.6114113926887512
vt 0.540738582611084 0.6123117208480835
vt 0.5094348192214966 0.6459487676620483
vt 0.540738582611084 0.6123117208480835
vt 0.5360189080238342 0.6466806530952454
vt 0.5100856423377991 0.6114113926887512
vt 0.5106496810913086 0.5741637349128723
vt 0.5445861220359802 0.575227677822113
vt 0.5100856423377991 0.6114113926887512
vt 0.5445861220359802 0.575227677822113
vt 0.540738582611084 0.6123117208480835
vt 0.5106496810913086 0.5741637349128723
vt 0.511106550693512 0.5353879928588867
vt 0.5474223494529724 0.5366012454032898
vt 0.5106496810913086 0.5741637349128723
vt 0.5474223494529724 0.5366012454032898
vt 0.5445861220359802 0.575227677822113
vt 0.511106550693512 0.5353879928588867
vt 0.5114409327507019 0.4963552951812744
vt 0.5491453409194946 0.49769341945648193
vt 0.511106550693512 0.5353879928588867
vt 0.5491453409194946 0.49769341945648193
vt 0.5474223494529724 0.5366012454032898
vt 0.5114409327507019 0.4963552951812744
vt 0.5116407871246338 0.45835721492767334
vt 0.5496995449066162 0.45978450775146484
vt 0.5114409327507019 0.4963552951812744
vt 0.5496995449066162 0.45978450775146484
vt 0.5491453409194946 0.49769341945648193
vt 0.5116407871246338 0.45835721492767334
vt 0.5117018818855286 0.4226306676864624
vt 0.5490773320198059 0.42410361766815186
vt 0.5116407871246338 0.45835721492767334
vt 0.5490773320198059 0.42410361766815186
vt 0.5496995449066162 0.45978450775146484
vt 0.5117018818855286 0.4226306676864624
vt 0.5116236209869385 0.3902921676635742
vt 0.5473185777664185 0.391759991645813
vt 0.5117018818855286 0.4226306676864624
vt 0.5473185777664185 0.391759991645813
vt 0.5490773320198059 0.42410361766815186
vt 0.5116236209869385 0.3902921676635742
vt 0.5114126801490784 0.36228203773498535
vt 0.544505774974823 0.36369234323501587
vt 0.5116236209869385 0.3902921676635742
vt 0.544505774974823 0.36369234323501587
vt 0.5473185777664185 0.391759991645813
vt 0.5114126801490784 0.36228203773498535
vt 0.5110790729522705 0.3393287658691406
vt 0.5407578349113464 0.34062981605529785
vt 0.5114126801490784 0.36228203773498535
vt 0.5407578349113464 0.34062981605529785
vt 0.544505774974823 0.36369234323501587
vt 0.5110790729522705 0.3393287658691406
vt 0.510637640953064 0.3219311237335205
vt 0.5362193584442139 0.32307595014572144
vt 0.5110790729522705 0.3393287658691406
vt 0.5362193584442139 0.32307595014572144
vt 0.5407578349113464 0.34062981605529785
vt 0.510637640953064 0.3219311237335205
vt 0.5101051330566406 0.31035923957824707
vt 0.5310523509979248 0.31130969524383545
vt 0.510637640953064 0.3219311237335205
vt 0.5310523509979248 0.31130969524383545
vt 0.5362193584442139 0.32307595014572144
vt 0.5101051330566406 0.31035923957824707
vt 0.5095004439353943 0.3046729564666748
vt 0.5254262685775757 0.3054003119468689
vt 0.5101051330566406 0.31035923957824707
vt 0.5254262685775757 0.3054003119468689
vt 0.5310523509979248 0.31130969524383545
vt 0.5095004439353943 0.3046729564666748
vt 0.508842945098877 0.30474722385406494
vt 0.5195101499557495 0.3052343726158142
vt 0.5095004439353943 0.3046729564666748
vt 0.5195101499557495 0.3052343726158142
vt 0.5254262685775757 0.3054003119468689
vt 0.508842945098877 0.30474722385406494
vt 0.5081518888473511 0.31030547618865967
vt 0.5134662389755249 0.3105465769767761
vt 0.508842945098877 0.30474722385406494
vt 0.5134662389755249 0.3105465769767761
vt 0.5195101499557495 0.3052343726158142
vt 0.5134662389755249 0.3105465769767761
vt 0.5081518888473511 0.31030547618865967
vt 0.5074448585510254 0.32095468044281006
vt 0.5120184421539307 0.7395213842391968
vt 0.5174456238746643 0.7398162484169006
vt 0.505690336227417 0.7490429878234863
vt 0.5120184421539307 0.7395213842391968
vt 0.5184018611907959 0.724236249923706
vt 0.5292676687240601 0.7248481512069702
vt 0.5120184421539307 0.7395213842391968
vt 0.5292676687240601 0.7248481512069702
vt 0.5174456238746643 0.7398162484169006
vt 0.5184018611907959 0.724236249923706
vt 0.5246589183807373 0.7033679485321045
vt 0.540818452835083 0.7043220400810242
vt 0.5184018611907959 0.724236249923706
vt 0.540818452835083 0.7043220400810242
vt 0.5292676687240601 0.7248481512069702
vt 0.5246589183807373 0.7033679485321045
vt 0.5305964350700378 0.6773106455802917
vt 0.551742672920227 0.6786307692527771
vt 0.5246589183807373 0.7033679485321045
vt 0.551742672920227 0.6786307692527771
vt 0.540818452835083 0.7043220400810242
vt 0.5305964350700378 0.6773106455802917
vt 0.5360189080238342 0.6466806530952454
vt 0.5616832971572876 0.6483849883079529
vt 0.5305964350700378 0.6773106455802917
vt 0.5616832971572876 0.6483849883079529
vt 0.551742672920227 0.6786307692527771
vt 0.5360189080238342 0.6466806530952454
vt 0.540738582611084 0.6123117208480835
vt 0.5702992081642151 0.614406406879425
vt 0.5360189080238342 0.6466806530952454
vt 0.5702992081642151 0.614406406879425
vt 0.5616832971572876 0.6483849883079529
vt 0.540738582611084 0.6123117208480835
vt 0.5445861220359802 0.575227677822113
vt 0.5772852897644043 0.5777018666267395
vt 0.540738582611084 0.6123117208480835
vt 0.5772852897644043 0.5777018666267395
vt 0.5702992081642151 0.614406406879425
vt 0.5445861220359802 0.575227677822113
vt 0.5474223494529724 0.5366012454032898
vt 0.5823912620544434 0.5394217371940613
vt 0.5445861220359802 0.575227677822113
vt 0.5823912620544434 0.5394217371940613
vt 0.5772852897644043 0.5777018666267395
vt 0.5474223494529724 0.5366012454032898
vt 0.5491453409194946 0.49769341945648193
vt 0.5854384303092957 0.5008029937744141
vt 0.5474223494529724 0.5366012454032898
vt 0.5854384303092957 0.5008029937744141
vt 0.5823912620544434 0.5394217371940613
vt 0.5491453409194946 0.49769341945648193
vt 0.5496995449066162 0.45978450775146484
vt 0.5863295197486877 0.463101863861084
vt 0.5491453409194946 0.49769341945648193
vt 0.5863295197486877 0.463101863861084
vt 0.5854384303092957 0.5008029937744141
vt 0.5496995449066162 0.45978450775146484
vt 0.5490773320198059 0.42410361766815186
vt 0.5850560665130615 0.427526593208313
vt 0.5496995449066162 0.45978450775146484
vt 0.5850560665130615 0.427526593208313
vt 0.5863295197486877 0.463101863861084
vt 0.5490773320198059 0.42410361766815186
vt 0.5473185777664185 0.391759991645813
vt 0.5816938877105713 0.3951728343963623
vt 0.5490773320198059 0.42410361766815186
vt 0.5816938877105713 0.3951728343963623
vt 0.5850560665130615 0.427526593208313
vt 0.5473185777664185 0.391759991645813
vt 0.544505774974823 0.36369234323501587
vt 0.5763973593711853 0.36697232723236084
vt 0.5473185777664185 0.391759991645813
vt 0.5763973593711853 0.36697232723236084
vt 0.5816938877105713 0.3951728343963623
vt 0.544505774974823 0.36369234323501587
vt 0.5407578349113464 0.34062981605529785
vt 0.5693839192390442 0.34365737438201904
vt 0.544505774974823 0.36369234323501587
vt 0.5693839192390442 0.34365737438201904
vt 0.5763973593711853 0.36697232723236084
vt 0.5407578349113464 0.34062981605529785
vt 0.5362193584442139 0.32307595014572144
vt 0.5609201788902283 0.3257426619529724
vt 0.5407578349113464 0.34062981605529785
vt 0.5609201788902283 0.3257426619529724
vt 0.5693839192390442 0.34365737438201904
vt 0.5362193584442139 0.32307595014572144
vt 0.5310523509979248 0.31130969524383545
vt 0.5513026714324951 0.3135249614715576
vt 0.5362193584442139 0.32307595014572144
vt 0.5513026714324951 0.3135249614715576
vt 0.5609201788902283 0.3257426619529724
vt 0.5310523509979248 0.31130969524383545
vt 0.5254262685775757 0.3054003119468689
vt 0.5408426523208618 0.3070971965789795
vt 0.5310523509979248 0.31130969524383545
vt 0.5408426523208618 0.3070971965789795
vt 0.5513026714324951 0.3135249614715576
vt 0.5254262685775757 0.3054003119468689
vt 0.5195101499557495 0.3052343726158142
vt 0.5298503041267395 0.30637186765670776
vt 0.5254262685775757 0.3054003119468689
vt 0.5298503041267395 0.30637186765670776
vt 0.5408426523208618 0.3070971965789795
vt 0.5195101499557495 0.3052343726158142
vt 0.5134662389755249 0.3105465769767761
vt 0.5186246633529663 0.31111013889312744
vt 0.5195101499557495 0.3052343726158142
vt 0.5186246633529663 0.31111013889312744
vt 0.5298503041267395 0.30637186765670776
vt 0.5186246633529663 0.31111013889312744
vt 0.5134662389755249 0.3105465769767761
vt 0.5074448585510254 0.32095468044281006
vt 0.5174456238746643 0.7398162484169006
vt 0.5225701332092285 0.7402718663215637
vt 0.505690336227417 0.7490429878234863
vt 0.5174456238746643 0.7398162484169006
vt 0.5292676687240601 0.7248481512069702
vt 0.5394989252090454 0.7257921695709229
vt 0.5174456238746643 0.7398162484169006
vt 0.5394989252090454 0.7257921695709229
vt 0.5225701332092285 0.7402718663215637
vt 0.5292676687240601 0.7248481512069702
vt 0.540818452835083 0.7043220400810242
vt 0.5559934377670288 0.7057911157608032
vt 0.5292676687240601 0.7248481512069702
vt 0.5559934377670288 0.7057911157608032
vt 0.5394989252090454 0.7257921695709229
vt 0.540818452835083 0.7043220400810242
vt 0.551742672920227 0.6786307692527771
vt 0.5715506076812744 0.6806601285934448
vt 0.540818452835083 0.7043220400810242
vt 0.5715506076812744 0.6806601285934448
vt 0.5559934377670288 0.7057911157608032
vt 0.551742672920227 0.6786307692527771
vt 0.5616832971572876 0.6483849883079529
vt 0.5856684446334839 0.6510009169578552
vt 0.551742672920227 0.6786307692527771
vt 0.5856684446334839 0.6510009169578552
vt 0.5715506076812744 0.6806601285934448
vt 0.5616832971572876 0.6483849883079529
vt 0.5702992081642151 0.614406406879425
vt 0.5978704690933228 0.617617666721344
vt 0.5616832971572876 0.6483849883079529
vt 0.5978704690933228 0.617617666721344
vt 0.5856684446334839 0.6510009169578552
vt 0.5702992081642151 0.614406406879425
vt 0.5772852897644043 0.5777018666267395
vt 0.6077345609664917 0.5814907550811768
vt 0.5702992081642151 0.614406406879425
vt 0.6077345609664917 0.5814907550811768
vt 0.5978704690933228 0.617617666721344
vt 0.5772852897644043 0.5777018666267395
vt 0.5823912620544434 0.5394217371940613
vt 0.6149162650108337 0.5437381267547607
vt 0.5772852897644043 0.5777018666267395
vt 0.6149162650108337 0.5437381267547607
vt 0.6077345609664917 0.5814907550811768
vt 0.5823912620544434 0.5394217371940613
vt 0.5854384303092957 0.5008029937744141
vt 0.6191710829734802 0.5055593848228455
vt 0.5823912620544434 0.5394217371940613
vt 0.6191710829734802 0.5055593848228455
vt 0.6149162650108337 0.5437381267547607
vt 0.5854384303092957 0.5008029937744141
vt 0.5863295197486877 0.463101863861084
vt 0.6203693747520447 0.46817547082901
vt 0.5854384303092957 0.5008029937744141
vt 0.6203693747520447 0.46817547082901
vt 0.6191710829734802 0.5055593848228455
vt 0.5863295197486877 0.463101863861084
vt 0.5850560665130615 0.427526593208313
vt 0.6185010671615601 0.4327632784843445
vt 0.5863295197486877 0.463101863861084
vt 0.6185010671615601 0.4327632784843445
vt 0.6203693747520447 0.46817547082901
vt 0.5850560665130615 0.427526593208313
vt 0.5816938877105713 0.3951728343963623
vt 0.6136747002601624 0.4003964066505432
vt 0.5850560665130615 0.427526593208313
vt 0.6136747002601624 0.4003964066505432
vt 0.6185010671615601 0.4327632784843445
vt 0.5816938877105713 0.3951728343963623
vt 0.5763973593711853 0.36697232723236084
vt 0.6061043739318848 0.37199699878692627
vt 0.5816938877105713 0.3951728343963623
vt 0.6061043739318848 0.37199699878692627
vt 0.6136747002601624 0.4003964066505432
vt 0.5763973593711853 0.36697232723236084
vt 0.5693839192390442 0.34365737438201904
vt 0.5960937738418579 0.34830033779144287
vt 0.5763973593711853 0.36697232723236084
vt 0.5960937738418579 0.34830033779144287
vt 0.6061043739318848 0.37199699878692627
vt 0.5693839192390442 0.34365737438201904
vt 0.5609201788902283 0.3257426619529724
vt 0.5840134620666504 0.32983720302581787
vt 0.5693839192390442 0.34365737438201904
vt 0.5840134620666504 0.32983720302581787
vt 0.5960937738418579 0.34830033779144287
vt 0.5609201788902283 0.3257426619529724
vt 0.5513026714324951 0.3135249614715576
vt 0.5702778100967407 0.3169313669204712
vt 0.5609201788902283 0.3257426619529724
vt 0.5702778100967407 0.3169313669204712
vt 0.5840134620666504 0.32983720302581787
vt 0.5513026714324951 0.3135249614715576
vt 0.5408426523208618 0.3070971965789795
vt 0.5553231239318848 0.3097107410430908
vt 0.5513026714324951 0.3135249614715576
vt 0.5553231239318848 0.3097107410430908
vt 0.5702778100967407 0.3169313669204712
vt 0.5408426523208618 0.3070971965789795
vt 0.5298503041267395 0.30637186765670776
vt 0.539587676525116 0.30812668800354004
vt 0.5408426523208618 0.3070971965789795
vt 0.539587676525116 0.30812668800354004
vt 0.5553231239318848 0.3097107410430908
vt 0.5298503041267395 0.30637186765670776
vt 0.5186246633529663 0.31111013889312744
vt 0.5234954953193665 0.31198108196258545
vt 0.5298503041267395 0.30637186765670776
vt 0.5234954953193665 0.31198108196258545
vt 0.539587676525116 0.30812668800354004
vt 0.5234954953193665 0.31198108196258545
vt 0.5186246633529663 0.31111013889312744
vt 0.5074448585510254 0.32095468044281006
vt 0.5225701332092285 0.7402718663215637
vt 0.5272612571716309 0.7408759593963623
vt 0.505690336227417 0.7490429878234863
vt 0.5225701332092285 0.7402718663215637
vt 0.5394989252090454 0.7257921695709229
vt 0.5488260984420776 0.7270406484603882
vt 0.5225701332092285 0.7402718663215637
vt 0.5488260984420776 0.7270406484603882
vt 0.5272612571716309 0.7408759593963623
vt 0.5394989252090454 0.7257921695709229
vt 0.5559934377670288 0.7057911157608032
vt 0.5697723627090454 0.707729697227478
vt 0.5394989252090454 0.7257921695709229
vt 0.5697723627090454 0.707729697227478
vt 0.5488260984420776 0.7270406484603882
vt 0.5559934377670288 0.7057911157608032
vt 0.5715506076812744 0.6806601285934448
vt 0.5894683003425598 0.6833318471908569
vt 0.5559934377670288 0.7057911157608032
vt 0.5894683003425598 0.6833318471908569
vt 0.5697723627090454 0.707729697227478
vt 0.5715506076812744 0.6806601285934448
vt 0.5856684446334839 0.6510009169578552
vt 0.6072896718978882 0.6544378399848938
vt 0.5715506076812744 0.6806601285934448
vt 0.6072896718978882 0.6544378399848938
vt 0.5894683003425598 0.6833318471908569
vt 0.5856684446334839 0.6510009169578552
vt 0.5978704690933228 0.617617666721344
vt 0.6226506233215332 0.6218289136886597
vt 0.5856684446334839 0.6510009169578552
vt 0.6226506233215332 0.6218289136886597
vt 0.6072896718978882 0.6544378399848938
vt 0.5978704690933228 0.617617666721344
vt 0.6077345609664917 0.5814907550811768
vt 0.6350356340408325 0.5864524841308594
vt 0.5978704690933228 0.617617666721344
vt 0.6350356340408325 0.5864524841308594
vt 0.6226506233215332 0.6218289136886597
vt 0.6077345609664917 0.5814907550811768
vt 0.6149162650108337 0.5437381267547607
vt 0.6440274715423584 0.549384355545044
vt 0.6077345609664917 0.5814907550811768
vt 0.6440274715423584 0.549384355545044
vt 0.6350356340408325 0.5864524841308594
vt 0.6149162650108337 0.5437381267547607
vt 0.6191710829734802 0.5055593848228455
vt 0.6493326425552368 0.5117778182029724
vt 0.6149162650108337 0.5437381267547607
vt 0.6493326425552368 0.5117778182029724
vt 0.6440274715423584 0.549384355545044
vt 0.6191710829734802 0.5055593848228455
vt 0.6203693747520447 0.46817547082901
vt 0.6507968902587891 0.4748075008392334
vt 0.6191710829734802 0.5055593848228455
vt 0.6507968902587891 0.4748075008392334
vt 0.6493326425552368 0.5117778182029724
vt 0.6203693747520447 0.46817547082901
vt 0.6185010671615601 0.4327632784843445
vt 0.6484116911888123 0.4396103024482727
vt 0.6203693747520447 0.46817547082901
vt 0.6484116911888123 0.4396103024482727
vt 0.6507968902587891 0.4748075008392334
vt 0.6185010671615601 0.4327632784843445
vt 0.6136747002601624 0.4003964066505432
vt 0.6423101425170898 0.40723156929016113
vt 0.6185010671615601 0.4327632784843445
vt 0.6423101425170898 0.40723156929016113
vt 0.6484116911888123 0.4396103024482727
vt 0.6136747002601624 0.4003964066505432
vt 0.6061043739318848 0.37199699878692627
vt 0.6327542066574097 0.3785792589187622
vt 0.6136747002601624 0.4003964066505432
vt 0.6327542066574097 0.3785792589187622
vt 0.6423101425170898 0.40723156929016113
vt 0.6061043739318848 0.37199699878692627
vt 0.5960937738418579 0.34830033779144287
vt 0.6201140880584717 0.35439157485961914
vt 0.6061043739318848 0.37199699878692627
vt 0.6201140880584717 0.35439157485961914
vt 0.6327542066574097 0.3785792589187622
vt 0.5960937738418579 0.34830033779144287
vt 0.5840134620666504 0.32983720302581787
vt 0.604843258857727 0.33521878719329834
vt 0.5960937738418579 0.34830033779144287
vt 0.604843258857727 0.33521878719329834
vt 0.6201140880584717 0.35439157485961914
vt 0.5840134620666504 0.32983720302581787
vt 0.5702778100967407 0.3169313669204712
vt 0.5874509215354919 0.32141780853271484
vt 0.5840134620666504 0.32983720302581787
vt 0.5874509215354919 0.32141780853271484
vt 0.604843258857727 0.33521878719329834
vt 0.5702778100967407 0.3169313669204712
vt 0.5553231239318848 0.3097107410430908
vt 0.5684768557548523 0.3131604790687561
vt 0.5702778100967407 0.3169313669204712
vt 0.5684768557548523 0.3131604790687561
vt 0.5874509215354919 0.32141780853271484
vt 0.5553231239318848 0.3097107410430908
vt 0.539587676525116 0.30812668800354004
vt 0.5484668612480164 0.31044840812683105
vt 0.5553231239318848 0.3097107410430908
vt 0.5484668612480164 0.31044840812683105
vt 0.5684768557548523 0.3131604790687561
vt 0.539587676525116 0.30812668800354004
vt 0.5234954953193665 0.31198108196258545
vt 0.5279543995857239 0.3131359815597534
vt 0.539587676525116 0.30812668800354004
vt 0.5279543995857239 0.3131359815597534
vt 0.5484668612480164 0.31044840812683105
vt 0.5279543995857239 0.3131359815597534
vt 0.5234954953193665 0.31198108196258545
vt 0.5074448585510254 0.32095468044281006
vt 0.5272612571716309 0.7408759593963623
vt 0.5314003229141235 0.7416123151779175
vt 0.505690336227417 0.7490429878234863
vt 0.5272612571716309 0.7408759593963623
vt 0.5488260984420776 0.7270406484603882
vt 0.5570098161697388 0.7285581231117249
vt 0.5272612571716309 0.7408759593963623
vt 0.5570098161697388 0.7285581231117249
vt 0.5314003229141235 0.7416123151779175
vt 0.5488260984420776 0.7270406484603882
vt 0.5697723627090454 0.707729697227478
vt 0.5817949771881104 0.7100784182548523
vt 0.5488260984420776 0.7270406484603882
vt 0.5817949771881104 0.7100784182548523
vt 0.5570098161697388 0.7285581231117249
vt 0.5697723627090454 0.707729697227478
vt 0.5894683003425598 0.6833318471908569
vt 0.6050199866294861 0.6865598559379578
vt 0.5697723627090454 0.707729697227478
vt 0.6050199866294861 0.6865598559379578
vt 0.5817949771881104 0.7100784182548523
vt 0.5894683003425598 0.6833318471908569
vt 0.6072896718978882 0.6544378399848938
vt 0.6259664297103882 0.6585793495178223
vt 0.5894683003425598 0.6833318471908569
vt 0.6259664297103882 0.6585793495178223
vt 0.6050199866294861 0.6865598559379578
vt 0.6072896718978882 0.6544378399848938
vt 0.6226506233215332 0.6218289136886597
vt 0.6439678072929382 0.6268923282623291
vt 0.6072896718978882 0.6544378399848938
vt 0.6439678072929382 0.6268923282623291
vt 0.6259664297103882 0.6585793495178223
vt 0.6226506233215332 0.6218289136886597
vt 0.6350356340408325 0.5864524841308594
vt 0.658442497253418 0.5924075245857239
vt 0.6226506233215332 0.6218289136886597
vt 0.658442497253418 0.5924075245857239
vt 0.6439678072929382 0.6268923282623291
vt 0.6350356340408325 0.5864524841308594
vt 0.6440274715423584 0.549384355545044
vt 0.6689256429672241 0.5561521649360657
vt 0.6350356340408325 0.5864524841308594
vt 0.6689256429672241 0.5561521649360657
vt 0.658442497253418 0.5924075245857239
vt 0.6440274715423584 0.549384355545044
vt 0.6493326425552368 0.5117778182029724
vt 0.675092339515686 0.5192257761955261
vt 0.6440274715423584 0.549384355545044
vt 0.675092339515686 0.5192257761955261
vt 0.6689256429672241 0.5561521649360657
vt 0.6493326425552368 0.5117778182029724
vt 0.6507968902587891 0.4748075008392334
vt 0.6767740845680237 0.482749342918396
vt 0.6493326425552368 0.5117778182029724
vt 0.6767740845680237 0.482749342918396
vt 0.675092339515686 0.5192257761955261
vt 0.6507968902587891 0.4748075008392334
vt 0.6484116911888123 0.4396103024482727
vt 0.6739645600318909 0.4478127956390381
vt 0.6507968902587891 0.4748075008392334
vt 0.6739645600318909 0.4478127956390381
vt 0.6767740845680237 0.482749342918396
vt 0.6484116911888123 0.4396103024482727
vt 0.6423101425170898 0.40723156929016113
vt 0.6668151617050171 0.41542720794677734
vt 0.6484116911888123 0.4396103024482727
vt 0.6668151617050171 0.41542720794677734
vt 0.6739645600318909 0.4478127956390381
vt 0.6423101425170898 0.40723156929016113
vt 0.6327542066574097 0.3785792589187622
vt 0.6556198596954346 0.386482834815979
vt 0.6423101425170898 0.40723156929016113
vt 0.6556198596954346 0.386482834815979
vt 0.6668151617050171 0.41542720794677734
vt 0.6327542066574097 0.3785792589187622
vt 0.6201140880584717 0.35439157485961914
vt 0.6407951712608337 0.36171936988830566
vt 0.6327542066574097 0.3785792589187622
vt 0.6407951712608337 0.36171936988830566
vt 0.6556198596954346 0.386482834815979
vt 0.6201140880584717 0.35439157485961914
vt 0.604843258857727 0.33521878719329834
vt 0.6228517293930054 0.3417074680328369
vt 0.6201140880584717 0.35439157485961914
vt 0.6228517293930054 0.3417074680328369
vt 0.6407951712608337 0.36171936988830566
vt 0.604843258857727 0.33521878719329834
vt 0.5874509215354919 0.32141780853271484
vt 0.6023679971694946 0.3268411159515381
vt 0.604843258857727 0.33521878719329834
vt 0.6023679971694946 0.3268411159515381
vt 0.6228517293930054 0.3417074680328369
vt 0.5874509215354919 0.32141780853271484
vt 0.5684768557548523 0.3131604790687561
vt 0.5799606442451477 0.3173421621322632
vt 0.5874509215354919 0.32141780853271484
vt 0.5799606442451477 0.3173421621322632
vt 0.6023679971694946 0.3268411159515381
vt 0.5684768557548523 0.3131604790687561
vt 0.5484668612480164 0.31044840812683105
vt 0.5562602877616882 0.31327128410339355
vt 0.5684768557548523 0.3131604790687561
vt 0.5562602877616882 0.31327128410339355
vt 0.5799606442451477 0.3173421621322632
vt 0.5484668612480164 0.31044840812683105
vt 0.5279543995857239 0.3131359815597534
vt 0.5318890810012817 0.3145443797111511
vt 0.5484668612480164 0.31044840812683105
vt 0.5318890810012817 0.3145443797111511
vt 0.5562602877616882 0.31327128410339355
vt 0.5318890810012817 0.3145443797111511
vt 0.5279543995857239 0.3131359815597534
vt 0.5074448585510254 0.32095468044281006
vt 0.5314003229141235 0.7416123151779175
vt 0.5348856449127197 0.7424618601799011
vt 0.505690336227417 0.7490429878234863
vt 0.5314003229141235 0.7416123151779175
vt 0.5570098161697388 0.7285581231117249
vt 0.5638468861579895 0.7303020358085632
vt 0.5314003229141235 0.7416123151779175
vt 0.5638468861579895 0.7303020358085632
vt 0.5348856449127197 0.7424618601799011
vt 0.5570098161697388 0.7285581231117249
vt 0.5817949771881104 0.7100784182548523
vt 0.5917632579803467 0.7127678394317627
vt 0.5570098161697388 0.7285581231117249
vt 0.5917632579803467 0.7127678394317627
vt 0.5638468861579895 0.7303020358085632
vt 0.5817949771881104 0.7100784182548523
vt 0.6050199866294861 0.6865598559379578
vt 0.6178210973739624 0.6902434229850769
vt 0.5817949771881104 0.7100784182548523
vt 0.6178210973739624 0.6902434229850769
vt 0.5917632579803467 0.7127678394317627
vt 0.6050199866294861 0.6865598559379578
vt 0.6259664297103882 0.6585793495178223
vt 0.6412387490272522 0.6632912755012512
vt 0.6050199866294861 0.6865598559379578
vt 0.6412387490272522 0.6632912755012512
vt 0.6178210973739624 0.6902434229850769
vt 0.6259664297103882 0.6585793495178223
vt 0.6439678072929382 0.6268923282623291
vt 0.6612993478775024 0.6326379776000977
vt 0.6259664297103882 0.6585793495178223
vt 0.6612993478775024 0.6326379776000977
vt 0.6412387490272522 0.6632912755012512
vt 0.6439678072929382 0.6268923282623291
vt 0.658442497253418 0.5924075245857239
vt 0.677385151386261 0.5991507768630981
vt 0.6439678072929382 0.6268923282623291
vt 0.677385151386261 0.5991507768630981
vt 0.6612993478775024 0.6326379776000977
vt 0.658442497253418 0.5924075245857239
vt 0.6689256429672241 0.5561521649360657
vt 0.6890068650245667 0.5638042092323303
vt 0.658442497253418 0.5924075245857239
vt 0.6890068650245667 0.5638042092323303
vt 0.677385151386261 0.5991507768630981
vt 0.6689256429672241 0.5561521649360657
vt 0.675092339515686 0.5192257761955261
vt 0.6958270072937012 0.5276395082473755
vt 0.6689256429672241 0.5561521649360657
vt 0.6958270072937012 0.5276395082473755
vt 0.6890068650245667 0.5638042092323303
vt 0.675092339515686 0.5192257761955261
vt 0.6767740845680237 0.482749342918396
vt 0.697672963142395 0.49171876907348633
vt 0.675092339515686 0.5192257761955261
vt 0.697672963142395 0.49171876907348633
vt 0.6958270072937012 0.5276395082473755
vt 0.6767740845680237 0.482749342918396
vt 0.6739645600318909 0.4478127956390381
vt 0.6945413947105408 0.45708078145980835
vt 0.6767740845680237 0.482749342918396
vt 0.6945413947105408 0.45708078145980835
vt 0.697672963142395 0.49171876907348633
vt 0.6739645600318909 0.4478127956390381
vt 0.6668151617050171 0.41542720794677734
vt 0.6865943670272827 0.42469704151153564
vt 0.6739645600318909 0.4478127956390381
vt 0.6865943670272827 0.42469704151153564
vt 0.6945413947105408 0.45708078145980835
vt 0.6668151617050171 0.41542720794677734
vt 0.6556198596954346 0.386482834815979
vt 0.6741437315940857 0.39543718099594116
vt 0.6668151617050171 0.41542720794677734
vt 0.6741437315940857 0.39543718099594116
vt 0.6865943670272827 0.42469704151153564
vt 0.6556198596954346 0.386482834815979
vt 0.6407951712608337 0.36171936988830566
vt 0.6576293706893921 0.37003952264785767
vt 0.6556198596954346 0.386482834815979
vt 0.6576293706893921 0.37003952264785767
vt 0.6741437315940857 0.39543718099594116
vt 0.6407951712608337 0.36171936988830566
vt 0.6228517293930054 0.3417074680328369
vt 0.637594997882843 0.3490942120552063
vt 0.6407951712608337 0.36171936988830566
vt 0.637594997882843 0.3490942120552063
vt 0.6576293706893921 0.37003952264785767
vt 0.6228517293930054 0.3417074680328369
vt 0.6023679971694946 0.3268411159515381
vt 0.6146595478057861 0.33303356170654297
vt 0.6228517293930054 0.3417074680328369
vt 0.6146595478057861 0.33303356170654297
vt 0.637594997882843 0.3490942120552063
vt 0.6023679971694946 0.3268411159515381
vt 0.5799606442451477 0.3173421621322632
vt 0.5894898176193237 0.32213282585144043
vt 0.6023679971694946 0.3268411159515381
vt 0.5894898176193237 0.32213282585144043
vt 0.6146595478057861 0.33303356170654297
vt 0.5799606442451477 0.3173421621322632
vt 0.5562602877616882 0.31327128410339355
vt 0.5627742409706116 0.31651628017425537
vt 0.5799606442451477 0.3173421621322632
vt 0.5627742409706116 0.31651628017425537
vt 0.5894898176193237 0.32213282585144043
vt 0.5562602877616882 0.31327128410339355
vt 0.5318890810012817 0.3145443797111511
vt 0.5352023243904114 0.3161693811416626
vt 0.5562602877616882 0.31327128410339355
vt 0.5352023243904114 0.3161693811416626
vt 0.5627742409706116 0.31651628017425537
vt 0.5352023243904114 0.3161693811416626
vt 0.5318890810012817 0.3145443797111511
vt 0.5074448585510254 0.32095468044281006
vt 0.5348856449127197 0.7424618601799011
vt 0.5376325249671936 0.743402361869812
vt 0.505690336227417 0.7490429878234863
vt 0.5348856449127197 0.7424618601799011
vt 0.5638468861579895 0.7303020358085632
vt 0.5691759586334229 0.7322242259979248
vt 0.5348856449127197 0.7424618601799011
vt 0.5691759586334229 0.7322242259979248
vt 0.5376325249671936 0.743402361869812
vt 0.5638468861579895 0.7303020358085632
vt 0.5917632579803467 0.7127678394317627
vt 0.59944748878479 0.7157202959060669
vt 0.5638468861579895 0.7303020358085632
vt 0.59944748878479 0.7157202959060669
vt 0.5691759586334229 0.7322242259979248
vt 0.5917632579803467 0.7127678394317627
vt 0.6178210973739624 0.6902434229850769
vt 0.6275862455368042 0.6942723393440247
vt 0.5917632579803467 0.7127678394317627
vt 0.6275862455368042 0.6942723393440247
vt 0.59944748878479 0.7157202959060669
vt 0.6178210973739624 0.6902434229850769
vt 0.6412387490272522 0.6632912755012512
vt 0.6527770161628723 0.6684271693229675
vt 0.6178210973739624 0.6902434229850769
vt 0.6527770161628723 0.6684271693229675
vt 0.6275862455368042 0.6942723393440247
vt 0.6412387490272522 0.6632912755012512
vt 0.6612993478775024 0.6326379776000977
vt 0.6742832660675049 0.6388825178146362
vt 0.6412387490272522 0.6632912755012512
vt 0.6742832660675049 0.6388825178146362
vt 0.6527770161628723 0.6684271693229675
vt 0.6612993478775024 0.6326379776000977
vt 0.677385151386261 0.5991507768630981
vt 0.6914782524108887 0.6064626574516296
vt 0.6612993478775024 0.6326379776000977
vt 0.6914782524108887 0.6064626574516296
vt 0.6742832660675049 0.6388825178146362
vt 0.677385151386261 0.5991507768630981
vt 0.6890068650245667 0.5638042092323303
vt 0.7038722038269043 0.572087824344635
vt 0.677385151386261 0.5991507768630981
vt 0.7038722038269043 0.572087824344635
vt 0.6914782524108887 0.6064626574516296
vt 0.6890068650245667 0.5638042092323303
vt 0.6958270072937012 0.5276395082473755
vt 0.7111301422119141 0.5367385745048523
vt 0.6890068650245667 0.5638042092323303
vt 0.7111301422119141 0.5367385745048523
vt 0.7038722038269043 0.572087824344635
vt 0.6958270072937012 0.5276395082473755
vt 0.697672963142395 0.49171876907348633
vt 0.7130845189094543 0.5014167428016663
vt 0.6958270072937012 0.5276395082473755
vt 0.7130845189094543 0.5014167428016663
vt 0.7111301422119141 0.5367385745048523
vt 0.697672963142395 0.49171876907348633
vt 0.6945413947105408 0.45708078145980835
vt 0.7097371816635132 0.4671059250831604
vt 0.697672963142395 0.49171876907348633
vt 0.7097371816635132 0.4671059250831604
vt 0.7130845189094543 0.5014167428016663
vt 0.6945413947105408 0.45708078145980835
vt 0.6865943670272827 0.42469704151153564
vt 0.701252818107605 0.43473637104034424
vt 0.6945413947105408 0.45708078145980835
vt 0.701252818107605 0.43473637104034424
vt 0.7097371816635132 0.4671059250831604
vt 0.6865943670272827 0.42469704151153564
vt 0.6741437315940857 0.39543718099594116
vt 0.6879462599754333 0.40515249967575073
vt 0.6865943670272827 0.42469704151153564
vt 0.6879462599754333 0.40515249967575073
vt 0.701252818107605 0.43473637104034424
vt 0.6741437315940857 0.39543718099594116
vt 0.6576293706893921 0.37003952264785767
vt 0.670262336730957 0.37908875942230225
vt 0.6741437315940857 0.39543718099594116
vt 0.670262336730957 0.37908875942230225
vt 0.6879462599754333 0.40515249967575073
vt 0.6576293706893921 0.37003952264785767
vt 0.637594997882843 0.3490942120552063
vt 0.6487526297569275 0.35715174674987793
vt 0.6576293706893921 0.37003952264785767
vt 0.6487526297569275 0.35715174674987793
vt 0.670262336730957 0.37908875942230225
vt 0.637594997882843 0.3490942120552063
vt 0.6146595478057861 0.33303356170654297
vt 0.6240501403808594 0.3398110866546631
vt 0.637594997882843 0.3490942120552063
vt 0.6240501403808594 0.3398110866546631
vt 0.6487526297569275 0.35715174674987793
vt 0.6146595478057861 0.33303356170654297
vt 0.5894898176193237 0.32213282585144043
vt 0.5968440771102905 0.3273952007293701
vt 0.6146595478057861 0.33303356170654297
vt 0.5968440771102905 0.3273952007293701
vt 0.6240501403808594 0.3398110866546631
vt 0.5894898176193237 0.32213282585144043
vt 0.5627742409706116 0.31651628017425537
vt 0.5678550004959106 0.3200947046279907
vt 0.5894898176193237 0.32213282585144043
vt 0.5678550004959106 0.3200947046279907
vt 0.5968440771102905 0.3273952007293701
vt 0.5627742409706116 0.31651628017425537
vt 0.5352023243904114 0.3161693811416626
vt 0.537814199924469 0.3179684281349182
vt 0.5627742409706116 0.31651628017425537
vt 0.537814199924469 0.3179684281349182
vt 0.5678550004959106 0.3200947046279907
vt 0.537814199924469 0.3179684281349182
vt 0.5352023243904114 0.3161693811416626
vt 0.5074448585510254 0.32095468044281006
vt 0.5376325249671936 0.743402361869812
vt 0.5395770072937012 0.7444092035293579
vt 0.505690336227417 0.7490429878234863
vt 0.5376325249671936 0.743402361869812
vt 0.5691759586334229 0.7322242259979248
vt 0.5728803277015686 0.7342732548713684
vt 0.5376325249671936 0.743402361869812
vt 0.5728803277015686 0.7342732548713684
vt 0.5395770072937012 0.7444092035293579
vt 0.5691759586334229 0.7322242259979248
vt 0.59944748878479 0.7157202959060669
vt 0.6046923398971558 0.7188538908958435
vt 0.5691759586334229 0.7322242259979248
vt 0.6046923398971558 0.7188538908958435
vt 0.5728803277015686 0.7342732548713684
vt 0.59944748878479 0.7157202959060669
vt 0.6275862455368042 0.6942723393440247
vt 0.6341331005096436 0.6985307931900024
vt 0.59944748878479 0.7157202959060669
vt 0.6341331005096436 0.6985307931900024
vt 0.6046923398971558 0.7188538908958435
vt 0.6275862455368042 0.6942723393440247
vt 0.6527770161628723 0.6684271693229675
vt 0.6603838801383972 0.6738361120223999
vt 0.6275862455368042 0.6942723393440247
vt 0.6603838801383972 0.6738361120223999
vt 0.6341331005096436 0.6985307931900024
vt 0.6527770161628723 0.6684271693229675
vt 0.6742832660675049 0.6388825178146362
vt 0.6827157735824585 0.6454389095306396
vt 0.6527770161628723 0.6684271693229675
vt 0.6827157735824585 0.6454389095306396
vt 0.6603838801383972 0.6738361120223999
vt 0.6742832660675049 0.6388825178146362
vt 0.6914782524108887 0.6064626574516296
vt 0.7005187273025513 0.6141204833984375
vt 0.6742832660675049 0.6388825178146362
vt 0.7005187273025513 0.6141204833984375
vt 0.6827157735824585 0.6454389095306396
vt 0.6914782524108887 0.6064626574516296
vt 0.7038722038269043 0.572087824344635
vt 0.7133206129074097 0.5807477831840515
vt 0.6914782524108887 0.6064626574516296
vt 0.7133206129074097 0.5807477831840515
vt 0.7005187273025513 0.6141204833984375
vt 0.7038722038269043 0.572087824344635
vt 0.7111301422119141 0.5367385745048523
vt 0.7208037376403809 0.5462415814399719
vt 0.7038722038269043 0.572087824344635
vt 0.7208037376403809 0.5462415814399719
vt 0.7133206129074097 0.5807477831840515
vt 0.7111301422119141 0.5367385745048523
vt 0.7130845189094543 0.5014167428016663
vt 0.722812831401825 0.5115423202514648
vt 0.7111301422119141 0.5367385745048523
vt 0.722812831401825 0.5115423202514648
vt 0.7208037376403809 0.5462415814399719
vt 0.7130845189094543 0.5014167428016663
vt 0.7097371816635132 0.4671059250831604
vt 0.7193536162376404 0.4775787591934204
vt 0.7130845189094543 0.5014167428016663
vt 0.7193536162376404 0.4775787591934204
vt 0.722812831401825 0.5115423202514648
vt 0.7097371816635132 0.4671059250831604
vt 0.701252818107605 0.43473637104034424
vt 0.7105890512466431 0.44523686170578003
vt 0.7097371816635132 0.4671059250831604
vt 0.7105890512466431 0.44523686170578003
vt 0.7193536162376404 0.4775787591934204
vt 0.701252818107605 0.43473637104034424
vt 0.6879462599754333 0.40515249967575073
vt 0.6968241930007935 0.4153338670730591
vt 0.701252818107605 0.43473637104034424
vt 0.6968241930007935 0.4153338670730591
vt 0.7105890512466431 0.44523686170578003
vt 0.6879462599754333 0.40515249967575073
vt 0.670262336730957 0.37908875942230225
vt 0.6784917116165161 0.38859641551971436
vt 0.6879462599754333 0.40515249967575073
vt 0.6784917116165161 0.38859641551971436
vt 0.6968241930007935 0.4153338670730591
vt 0.670262336730957 0.37908875942230225
vt 0.6487526297569275 0.35715174674987793
vt 0.6561300158500671 0.3656442165374756
vt 0.670262336730957 0.37908875942230225
vt 0.6561300158500671 0.3656442165374756
vt 0.6784917116165161 0.38859641551971436
vt 0.6487526297569275 0.35715174674987793
vt 0.6240501403808594 0.3398110866546631
vt 0.6303615570068359 0.34697985649108887
vt 0.6487526297569275 0.35715174674987793
vt 0.6303615570068359 0.34697985649108887
vt 0.6561300158500671 0.3656442165374756
vt 0.6240501403808594 0.3398110866546631
vt 0.5968440771102905 0.3273952007293701
vt 0.6018728017807007 0.3329836130142212
vt 0.6240501403808594 0.3398110866546631
vt 0.6018728017807007 0.3329836130142212
vt 0.6303615570068359 0.34697985649108887
vt 0.5968440771102905 0.3273952007293701
vt 0.5678550004959106 0.3200947046279907
vt 0.5713903307914734 0.32391077280044556
vt 0.5968440771102905 0.3273952007293701
vt 0.5713903307914734 0.32391077280044556
vt 0.6018728017807007 0.3329836130142212
vt 0.5678550004959106 0.3200947046279907
vt 0.537814199924469 0.3179684281349182
vt 0.5396632552146912 0.31989532709121704
vt 0.5678550004959106 0.3200947046279907
vt 0.5396632552146912 0.31989532709121704
vt 0.5713903307914734 0.32391077280044556
vt 0.5396632552146912 0.31989532709121704
vt 0.537814199924469 0.3179684281349182
vt 0.5074448585510254 0.32095468044281006
vt 0.5395770072937012 0.7444092035293579
vt 0.5406761169433594 0.7454573512077332
vt 0.505690336227417 0.7490429878234863
vt 0.5395770072937012 0.7444092035293579
vt 0.5728803277015686 0.7342732548713684
vt 0.5748892426490784 0.7363957762718201
vt 0.5395770072937012 0.7444092035293579
vt 0.5748892426490784 0.7363957762718201
vt 0.5406761169433594 0.7454573512077332
vt 0.5728803277015686 0.7342732548713684
vt 0.6046923398971558 0.7188538908958435
vt 0.6074134111404419 0.7220847010612488
vt 0.5728803277015686 0.7342732548713684
vt 0.6074134111404419 0.7220847010612488
vt 0.5748892426490784 0.7363957762718201
vt 0.6046923398971558 0.7188538908958435
vt 0.6341331005096436 0.6985307931900024
vt 0.6373779773712158 0.7029026746749878
vt 0.6046923398971558 0.7188538908958435
vt 0.6373779773712158 0.7029026746749878
vt 0.6074134111404419 0.7220847010612488
vt 0.6341331005096436 0.6985307931900024
vt 0.6603838801383972 0.6738361120223999
vt 0.6639863848686218 0.679368257522583
vt 0.6341331005096436 0.6985307931900024
vt 0.6639863848686218 0.679368257522583
vt 0.6373779773712158 0.7029026746749878
vt 0.6603838801383972 0.6738361120223999
vt 0.6827157735824585 0.6454389095306396
vt 0.6865425109863281 0.652122974395752
vt 0.6603838801383972 0.6738361120223999
vt 0.6865425109863281 0.652122974395752
vt 0.6639863848686218 0.679368257522583
vt 0.6827157735824585 0.6454389095306396
vt 0.7005187273025513 0.6141204833984375
vt 0.7044706344604492 0.6219074726104736
vt 0.6827157735824585 0.6454389095306396
vt 0.7044706344604492 0.6219074726104736
vt 0.6865425109863281 0.652122974395752
vt 0.7005187273025513 0.6141204833984375
vt 0.7133206129074097 0.5807477831840515
vt 0.7173331379890442 0.5895380973815918
vt 0.7005187273025513 0.6141204833984375
vt 0.7173331379890442 0.5895380973815918
vt 0.7044706344604492 0.6219074726104736
vt 0.7133206129074097 0.5807477831840515
vt 0.7208037376403809 0.5462415814399719
vt 0.7248398661613464 0.5558768510818481
vt 0.7133206129074097 0.5807477831840515
vt 0.7248398661613464 0.5558768510818481
vt 0.7173331379890442 0.5895380973815918
vt 0.7208037376403809 0.5462415814399719
vt 0.722812831401825 0.5115423202514648
vt 0.7268517017364502 0.5218062400817871
vt 0.7208037376403809 0.5462415814399719
vt 0.7268517017364502 0.5218062400817871
vt 0.7248398661613464 0.5558768510818481
vt 0.722812831401825 0.5115423202514648
vt 0.7193536162376404 0.4775787591934204
vt 0.7233800292015076 0.48820018768310547
vt 0.722812831401825 0.5115423202514648
vt 0.7233800292015076 0.48820018768310547
vt 0.7268517017364502 0.5218062400817871
vt 0.7193536162376404 0.4775787591934204
vt 0.7105890512466431 0.44523686170578003
vt 0.7145792245864868 0.4559001922607422
vt 0.7193536162376404 0.4775787591934204
vt 0.7145792245864868 0.4559001922607422
vt 0.7233800292015076 0.48820018768310547
vt 0.7105890512466431 0.44523686170578003
vt 0.6968241930007935 0.4153338670730591
vt 0.7007368803024292 0.4256940484046936
vt 0.7105890512466431 0.44523686170578003
vt 0.7007368803024292 0.4256940484046936
vt 0.7145792245864868 0.4559001922607422
vt 0.6968241930007935 0.4153338670730591
vt 0.6784917116165161 0.38859641551971436
vt 0.6822583079338074 0.3982967138290405
vt 0.6968241930007935 0.4153338670730591
vt 0.6822583079338074 0.3982967138290405
vt 0.7007368803024292 0.4256940484046936
vt 0.6784917116165161 0.38859641551971436
vt 0.6561300158500671 0.3656442165374756
vt 0.6596515774726868 0.374336838722229
vt 0.6784917116165161 0.38859641551971436
vt 0.6596515774726868 0.374336838722229
vt 0.6822583079338074 0.3982967138290405
vt 0.6561300158500671 0.3656442165374756
vt 0.6303615570068359 0.34697985649108887
vt 0.6335096955299377 0.35434532165527344
vt 0.6561300158500671 0.3656442165374756
vt 0.6335096955299377 0.35434532165527344
vt 0.6596515774726868 0.374336838722229
vt 0.6303615570068359 0.34697985649108887
vt 0.6018728017807007 0.3329836130142212
vt 0.6044931411743164 0.3387489318847656
vt 0.6303615570068359 0.34697985649108887
vt 0.6044931411743164 0.3387489318847656
vt 0.6335096955299377 0.35434532165527344
vt 0.6018728017807007 0.3329836130142212
vt 0.5713903307914734 0.32391077280044556
vt 0.5733117461204529 0.3278651237487793
vt 0.6018728017807007 0.3329836130142212
vt 0.5733117461204529 0.3278651237487793
vt 0.6044931411743164 0.3387489318847656
vt 0.5713903307914734 0.32391077280044556
vt 0.5396632552146912 0.31989532709121704
vt 0.5407087206840515 0.32190126180648804
vt 0.5713903307914734 0.32391077280044556
vt 0.5407087206840515 0.32190126180648804
vt 0.5733117461204529 0.3278651237487793
vt 0.5407087206840515 0.32190126180648804
vt 0.5396632552146912 0.31989532709121704
vt 0.5074448585510254 0.32095468044281006
vt 0.5406761169433594 0.7454573512077332
vt 0.5409090518951416 0.7465201616287231
vt 0.505690336227417 0.7490429878234863
vt 0.5406761169433594 0.7454573512077332
vt 0.5748892426490784 0.7363957762718201
vt 0.5751773715019226 0.7385373711585999
vt 0.5406761169433594 0.7454573512077332
vt 0.5751773715019226 0.7385373711585999
vt 0.5409090518951416 0.7465201616287231
vt 0.5748892426490784 0.7363957762718201
vt 0.6074134111404419 0.7220847010612488
vt 0.6075968742370605 0.7253296971321106
vt 0.5748892426490784 0.7363957762718201
vt 0.6075968742370605 0.7253296971321106
vt 0.5751773715019226 0.7385373711585999
vt 0.6074134111404419 0.7220847010612488
vt 0.6373779773712158 0.7029026746749878
vt 0.6373307704925537 0.7072749733924866
vt 0.6074134111404419 0.7220847010612488
vt 0.6373307704925537 0.7072749733924866
vt 0.6075968742370605 0.7253296971321106
vt 0.6373779773712158 0.7029026746749878
vt 0.6639863848686218 0.679368257522583
vt 0.6636272072792053 0.6848796606063843
vt 0.6373779773712158 0.7029026746749878
vt 0.6636272072792053 0.6848796606063843
vt 0.6373307704925537 0.7072749733924866
vt 0.6639863848686218 0.679368257522583
vt 0.6865425109863281 0.652122974395752
vt 0.6858403086662292 0.6587603092193604
vt 0.6639863848686218 0.679368257522583
vt 0.6858403086662292 0.6587603092193604
vt 0.6636272072792053 0.6848796606063843
vt 0.6865425109863281 0.652122974395752
vt 0.7044706344604492 0.6219074726104736
vt 0.7034450173377991 0.6296206116676331
vt 0.6865425109863281 0.652122974395752
vt 0.7034450173377991 0.6296206116676331
vt 0.6858403086662292 0.6587603092193604
vt 0.7044706344604492 0.6219074726104736
vt 0.7173331379890442 0.5895380973815918
vt 0.7160479426383972 0.5982285737991333
vt 0.7044706344604492 0.6219074726104736
vt 0.7160479426383972 0.5982285737991333
vt 0.7034450173377991 0.6296206116676331
vt 0.7173331379890442 0.5895380973815918
vt 0.7248398661613464 0.5558768510818481
vt 0.7233929634094238 0.5653932690620422
vt 0.7173331379890442 0.5895380973815918
vt 0.7233929634094238 0.5653932690620422
vt 0.7160479426383972 0.5982285737991333
vt 0.7248398661613464 0.5558768510818481
vt 0.7268517017364502 0.5218062400817871
vt 0.7253609299659729 0.5319404602050781
vt 0.7248398661613464 0.5558768510818481
vt 0.7253609299659729 0.5319404602050781
vt 0.7233929634094238 0.5653932690620422
vt 0.7268517017364502 0.5218062400817871
vt 0.7233800292015076 0.48820018768310547
vt 0.7219670414924622 0.4986928105354309
vt 0.7268517017364502 0.5218062400817871
vt 0.7219670414924622 0.4986928105354309
vt 0.7253609299659729 0.5319404602050781
vt 0.7233800292015076 0.48820018768310547
vt 0.7145792245864868 0.4559001922607422
vt 0.7133548259735107 0.466447651386261
vt 0.7233800292015076 0.48820018768310547
vt 0.7133548259735107 0.466447651386261
vt 0.7219670414924622 0.4986928105354309
vt 0.7145792245864868 0.4559001922607422
vt 0.7007368803024292 0.4256940484046936
vt 0.6997862458229065 0.4359623193740845
vt 0.7145792245864868 0.4559001922607422
vt 0.6997862458229065 0.4359623193740845
vt 0.7133548259735107 0.466447651386261
vt 0.7007368803024292 0.4256940484046936
vt 0.6822583079338074 0.3982967138290405
vt 0.6816304922103882 0.40793704986572266
vt 0.7007368803024292 0.4256940484046936
vt 0.6816304922103882 0.40793704986572266
vt 0.6997862458229065 0.4359623193740845
vt 0.6822583079338074 0.3982967138290405
vt 0.6596515774726868 0.374336838722229
vt 0.6593523621559143 0.3830040693283081
vt 0.6822583079338074 0.3982967138290405
vt 0.6593523621559143 0.3830040693283081
vt 0.6816304922103882 0.40793704986572266
vt 0.6596515774726868 0.374336838722229
vt 0.6335096955299377 0.35434532165527344
vt 0.6334995031356812 0.3617170453071594
vt 0.6596515774726868 0.374336838722229
vt 0.6334995031356812 0.3617170453071594
vt 0.6593523621559143 0.3830040693283081
vt 0.6335096955299377 0.35434532165527344
vt 0.6044931411743164 0.3387489318847656
vt 0.6046890616416931 0.3445432782173157
vt 0.6335096955299377 0.35434532165527344
vt 0.6046890616416931 0.3445432782173157
vt 0.6334995031356812 0.3617170453071594
vt 0.6044931411743164 0.3387489318847656
vt 0.5733117461204529 0.3278651237487793
vt 0.5735939145088196 0.33185750246047974
vt 0.6044931411743164 0.3387489318847656
vt 0.5735939145088196 0.33185750246047974
vt 0.6046890616416931 0.3445432782173157
vt 0.5733117461204529 0.3278651237487793
vt 0.5407087206840515 0.32190126180648804
vt 0.5409303307533264 0.3239361047744751
vt 0.5733117461204529 0.3278651237487793
vt 0.5409303307533264 0.3239361047744751
vt 0.5735939145088196 0.33185750246047974
vt 0.5409303307533264 0.3239361047744751
vt 0.5407087206840515 0.32190126180648804
vt 0.5074448585510254 0.32095468044281006
vt 0.5409090518951416 0.7465201616287231
vt 0.5402767062187195 0.747571587562561
vt 0.505690336227417 0.7490429878234863
vt 0.5409090518951416 0.7465201616287231
vt 0.5751773715019226 0.7385373711585999
vt 0.5737631320953369 0.7406456470489502
vt 0.5409090518951416 0.7465201616287231
vt 0.5737631320953369 0.7406456470489502
vt 0.5402767062187195 0.747571587562561
vt 0.5751773715019226 0.7385373711585999
vt 0.6075968742370605 0.7253296971321106
vt 0.6052934527397156 0.7285090684890747
vt 0.5751773715019226 0.7385373711585999
vt 0.6052934527397156 0.7285090684890747
vt 0.5737631320953369 0.7406456470489502
vt 0.6075968742370605 0.7253296971321106
vt 0.6373307704925537 0.7072749733924866
vt 0.6340845227241516 0.7115406394004822
vt 0.6075968742370605 0.7253296971321106
vt 0.6340845227241516 0.7115406394004822
vt 0.6052934527397156 0.7285090684890747
vt 0.6373307704925537 0.7072749733924866
vt 0.6636272072792053 0.6848796606063843
vt 0.6594473719596863 0.6902365684509277
vt 0.6373307704925537 0.7072749733924866
vt 0.6594473719596863 0.6902365684509277
vt 0.6340845227241516 0.7115406394004822
vt 0.6636272072792053 0.6848796606063843
vt 0.6858403086662292 0.6587603092193604
vt 0.6807987689971924 0.6651912331581116
vt 0.6636272072792053 0.6848796606063843
vt 0.6807987689971924 0.6651912331581116
vt 0.6594473719596863 0.6902365684509277
vt 0.6858403086662292 0.6587603092193604
vt 0.7034450173377991 0.6296206116676331
vt 0.6976745128631592 0.6370747089385986
vt 0.6858403086662292 0.6587603092193604
vt 0.6976745128631592 0.6370747089385986
vt 0.6807987689971924 0.6651912331581116
vt 0.7034450173377991 0.6296206116676331
vt 0.7160479426383972 0.5982285737991333
vt 0.7097315788269043 0.6066123247146606
vt 0.7034450173377991 0.6296206116676331
vt 0.7097315788269043 0.6066123247146606
vt 0.6976745128631592 0.6370747089385986
vt 0.7160479426383972 0.5982285737991333
vt 0.7233929634094238 0.5653932690620422
vt 0.7167500257492065 0.57456374168396
vt 0.7160479426383972 0.5982285737991333
vt 0.7167500257492065 0.57456374168396
vt 0.7097315788269043 0.6066123247146606
vt 0.7233929634094238 0.5653932690620422
vt 0.7253609299659729 0.5319404602050781
vt 0.7186323404312134 0.5417042374610901
vt 0.7233929634094238 0.5653932690620422
vt 0.7186323404312134 0.5417042374610901
vt 0.7167500257492065 0.57456374168396
vt 0.7253609299659729 0.5319404602050781
vt 0.7219670414924622 0.4986928105354309
vt 0.71539705991745 0.5088067054748535
vt 0.7253609299659729 0.5319404602050781
vt 0.71539705991745 0.5088067054748535
vt 0.7186323404312134 0.5417042374610901
vt 0.7219670414924622 0.4986928105354309
vt 0.7133548259735107 0.466447651386261
vt 0.7071735858917236 0.4766274690628052
vt 0.7219670414924622 0.4986928105354309
vt 0.7071735858917236 0.4766274690628052
vt 0.71539705991745 0.5088067054748535
vt 0.7133548259735107 0.466447651386261
vt 0.6997862458229065 0.4359623193740845
vt 0.6941941976547241 0.44589221477508545
vt 0.7133548259735107 0.466447651386261
vt 0.6941941976547241 0.44589221477508545
vt 0.7071735858917236 0.4766274690628052
vt 0.6997862458229065 0.4359623193740845
vt 0.6816304922103882 0.40793704986572266
vt 0.6767860651016235 0.4172840714454651
vt 0.6997862458229065 0.4359623193740845
vt 0.6767860651016235 0.4172840714454651
vt 0.6941941976547241 0.44589221477508545
vt 0.6816304922103882 0.40793704986572266
vt 0.6593523621559143 0.3830040693283081
vt 0.6553632616996765 0.3914346694946289
vt 0.6816304922103882 0.40793704986572266
vt 0.6553632616996765 0.3914346694946289
vt 0.6767860651016235 0.4172840714454651
vt 0.6593523621559143 0.3830040693283081
vt 0.6334995031356812 0.3617170453071594
vt 0.6304162740707397 0.3689143657684326
vt 0.6593523621559143 0.3830040693283081
vt 0.6304162740707397 0.3689143657684326
vt 0.6553632616996765 0.3914346694946289
vt 0.6334995031356812 0.3617170453071594
vt 0.6046890616416931 0.3445432782173157
vt 0.6025061011314392 0.3502243757247925
vt 0.6334995031356812 0.3617170453071594
vt 0.6025061011314392 0.3502243757247925
vt 0.6304162740707397 0.3689143657684326
vt 0.6046890616416931 0.3445432782173157
vt 0.5735939145088196 0.33185750246047974
vt 0.5722529888153076 0.33578920364379883
vt 0.6046890616416931 0.3445432782173157
vt 0.5722529888153076 0.33578920364379883
vt 0.6025061011314392 0.3502243757247925
vt 0.5735939145088196 0.33185750246047974
vt 0.5409303307533264 0.3239361047744751
vt 0.5403284430503845 0.32594937086105347
vt 0.5735939145088196 0.33185750246047974
vt 0.5403284430503845 0.32594937086105347
vt 0.5722529888153076 0.33578920364379883
vt 0.5403284430503845 0.32594937086105347
vt 0.5409303307533264 0.3239361047744751
vt 0.5074448585510254 0.32095468044281006
vt 0.5402767062187195 0.747571587562561
vt 0.5388005971908569 0.7485859394073486
vt 0.505690336227417 0.7490429878234863
vt 0.5402767062187195 0.747571587562561
vt 0.5737631320953369 0.7406456470489502
vt 0.570705771446228 0.7426698207855225
vt 0.5402767062187195 0.747571587562561
vt 0.570705771446228 0.7426698207855225
vt 0.5388005971908569 0.7485859394073486
vt 0.5737631320953369 0.7406456470489502
vt 0.6052934527397156 0.7285090684890747
vt 0.6006112694740295 0.7315479516983032
vt 0.5737631320953369 0.7406456470489502
vt 0.6006112694740295 0.7315479516983032
vt 0.570705771446228 0.7426698207855225
vt 0.6052934527397156 0.7285090684890747
vt 0.6340845227241516 0.7115406394004822
vt 0.6278048157691956 0.7156009078025818
vt 0.6052934527397156 0.7285090684890747
vt 0.6278048157691956 0.7156009078025818
vt 0.6006112694740295 0.7315479516983032
vt 0.6340845227241516 0.7115406394004822
vt 0.6594473719596863 0.6902365684509277
vt 0.6516711115837097 0.6953172087669373
vt 0.6340845227241516 0.7115406394004822
vt 0.6516711115837097 0.6953172087669373
vt 0.6278048157691956 0.7156009078025818
vt 0.6594473719596863 0.6902365684509277
vt 0.6807987689971924 0.6651912331581116
vt 0.6716992259025574 0.6712718605995178
vt 0.6594473719596863 0.6902365684509277
vt 0.6716992259025574 0.6712718605995178
vt 0.6516711115837097 0.6953172087669373
vt 0.6807987689971924 0.6651912331581116
vt 0.6976745128631592 0.6370747089385986
vt 0.6874886155128479 0.6441060900688171
vt 0.6807987689971924 0.6651912331581116
vt 0.6874886155128479 0.6441060900688171
vt 0.6716992259025574 0.6712718605995178
vt 0.6976745128631592 0.6370747089385986
vt 0.7097315788269043 0.6066123247146606
vt 0.6987490653991699 0.6145071983337402
vt 0.6976745128631592 0.6370747089385986
vt 0.6987490653991699 0.6145071983337402
vt 0.6874886155128479 0.6441060900688171
vt 0.7097315788269043 0.6066123247146606
vt 0.7167500257492065 0.57456374168396
vt 0.7052986025810242 0.5831912755966187
vt 0.7097315788269043 0.6066123247146606
vt 0.7052986025810242 0.5831912755966187
vt 0.6987490653991699 0.6145071983337402
vt 0.7167500257492065 0.57456374168396
vt 0.7186323404312134 0.5417042374610901
vt 0.707059383392334 0.5508871674537659
vt 0.7167500257492065 0.57456374168396
vt 0.707059383392334 0.5508871674537659
vt 0.7052986025810242 0.5831912755966187
vt 0.7186323404312134 0.5417042374610901
vt 0.71539705991745 0.5088067054748535
vt 0.7040523290634155 0.5183238983154297
vt 0.7186323404312134 0.5417042374610901
vt 0.7040523290634155 0.5183238983154297
vt 0.707059383392334 0.5508871674537659
vt 0.71539705991745 0.5088067054748535
vt 0.7071735858917236 0.4766274690628052
vt 0.6963914036750793 0.4862179756164551
vt 0.71539705991745 0.5088067054748535
vt 0.6963914036750793 0.4862179756164551
vt 0.7040523290634155 0.5183238983154297
vt 0.7071735858917236 0.4766274690628052
vt 0.6941941976547241 0.44589221477508545
vt 0.6842774748802185 0.455264687538147
vt 0.7071735858917236 0.4766274690628052
vt 0.6842774748802185 0.455264687538147
vt 0.6963914036750793 0.4862179756164551
vt 0.6941941976547241 0.44589221477508545
vt 0.6767860651016235 0.4172840714454651
vt 0.6679928302764893 0.4261287450790405
vt 0.6941941976547241 0.44589221477508545
vt 0.6679928302764893 0.4261287450790405
vt 0.6842774748802185 0.455264687538147
vt 0.6767860651016235 0.4172840714454651
vt 0.6553632616996765 0.3914346694946289
vt 0.6478954553604126 0.3994370698928833
vt 0.6767860651016235 0.4172840714454651
vt 0.6478954553604126 0.3994370698928833
vt 0.6679928302764893 0.4261287450790405
vt 0.6553632616996765 0.3914346694946289
vt 0.6304162740707397 0.3689143657684326
vt 0.6244143843650818 0.3757704496383667
vt 0.6553632616996765 0.3914346694946289
vt 0.6244143843650818 0.3757704496383667
vt 0.6478954553604126 0.3994370698928833
vt 0.6304162740707397 0.3689143657684326
vt 0.6025061011314392 0.3502243757247925
vt 0.598045289516449 0.35565781593322754
vt 0.6304162740707397 0.3689143657684326
vt 0.598045289516449 0.35565781593322754
vt 0.6244143843650818 0.3757704496383667
vt 0.6025061011314392 0.3502243757247925
vt 0.5722529888153076 0.33578920364379883
vt 0.5693444013595581 0.33956611156463623
vt 0.6025061011314392 0.3502243757247925
vt 0.5693444013595581 0.33956611156463623
vt 0.598045289516449 0.35565781593322754
vt 0.5722529888153076 0.33578920364379883
vt 0.5403284430503845 0.32594937086105347
vt 0.5389237403869629 0.3278921842575073
vt 0.5722529888153076 0.33578920364379883
vt 0.5389237403869629 0.3278921842575073
vt 0.5693444013595581 0.33956611156463623
vt 0.5389237403869629 0.3278921842575073
vt 0.5403284430503845 0.32594937086105347
vt 0.5074448585510254 0.32095468044281006
vt 0.5388005971908569 0.7485859394073486
vt 0.5365231037139893 0.7495388984680176
vt 0.505690336227417 0.7490429878234863
vt 0.5388005971908569 0.7485859394073486
vt 0.570705771446228 0.7426698207855225
vt 0.5661014318466187 0.7445629835128784
vt 0.5388005971908569 0.7485859394073486
vt 0.5661014318466187 0.7445629835128784
vt 0.5365231037139893 0.7495388984680176
vt 0.570705771446228 0.7426698207855225
vt 0.6006112694740295 0.7315479516983032
vt 0.5937097072601318 0.7343780994415283
vt 0.570705771446228 0.7426698207855225
vt 0.5937097072601318 0.7343780994415283
vt 0.5661014318466187 0.7445629835128784
vt 0.6006112694740295 0.7315479516983032
vt 0.6278048157691956 0.7156009078025818
vt 0.61871737241745 0.7193678021430969
vt 0.6006112694740295 0.7315479516983032
vt 0.61871737241745 0.7193678021430969
vt 0.5937097072601318 0.7343780994415283
vt 0.6278048157691956 0.7156009078025818
vt 0.6516711115837097 0.6953172087669373
vt 0.6405901312828064 0.7000145316123962
vt 0.6278048157691956 0.7156009078025818
vt 0.6405901312828064 0.7000145316123962
vt 0.61871737241745 0.7193678021430969
vt 0.6516711115837097 0.6953172087669373
vt 0.6716992259025574 0.6712718605995178
vt 0.6588926315307617 0.6768776774406433
vt 0.6516711115837097 0.6953172087669373
vt 0.6588926315307617 0.6768776774406433
vt 0.6405901312828064 0.7000145316123962
vt 0.6716992259025574 0.6712718605995178
vt 0.6874886155128479 0.6441060900688171
vt 0.673288881778717 0.65057373046875
vt 0.6716992259025574 0.6712718605995178
vt 0.673288881778717 0.65057373046875
vt 0.6588926315307617 0.6768776774406433
vt 0.6874886155128479 0.6441060900688171
vt 0.6987490653991699 0.6145071983337402
vt 0.6835399866104126 0.6217575073242188
vt 0.6874886155128479 0.6441060900688171
vt 0.6835399866104126 0.6217575073242188
vt 0.673288881778717 0.65057373046875
vt 0.6987490653991699 0.6145071983337402
vt 0.7052986025810242 0.5831912755966187
vt 0.6894998550415039 0.5911067128181458
vt 0.6987490653991699 0.6145071983337402
vt 0.6894998550415039 0.5911067128181458
vt 0.6835399866104126 0.6217575073242188
vt 0.7052986025810242 0.5831912755966187
vt 0.707059383392334 0.5508871674537659
vt 0.6911090612411499 0.5593106150627136
vt 0.7052986025810242 0.5831912755966187
vt 0.6911090612411499 0.5593106150627136
vt 0.6894998550415039 0.5911067128181458
vt 0.707059383392334 0.5508871674537659
vt 0.7040523290634155 0.5183238983154297
vt 0.6883888840675354 0.5270576477050781
vt 0.707059383392334 0.5508871674537659
vt 0.6883888840675354 0.5270576477050781
vt 0.6911090612411499 0.5593106150627136
vt 0.7040523290634155 0.5183238983154297
vt 0.6963914036750793 0.4862179756164551
vt 0.6814377903938293 0.495029091835022
vt 0.7040523290634155 0.5183238983154297
vt 0.6814377903938293 0.495029091835022
vt 0.6883888840675354 0.5270576477050781
vt 0.6963914036750793 0.4862179756164551
vt 0.6842774748802185 0.455264687538147
vt 0.6704249978065491 0.46389061212539673
vt 0.6963914036750793 0.4862179756164551
vt 0.6704249978065491 0.46389061212539673
vt 0.6814377903938293 0.495029091835022
vt 0.6842774748802185 0.455264687538147
vt 0.6679928302764893 0.4261287450790405
vt 0.6555873155593872 0.4342881441116333
vt 0.6842774748802185 0.455264687538147
vt 0.6555873155593872 0.4342881441116333
vt 0.6704249978065491 0.46389061212539673
vt 0.6679928302764893 0.4261287450790405
vt 0.6478954553604126 0.3994370698928833
vt 0.6372267007827759 0.40684062242507935
vt 0.6679928302764893 0.4261287450790405
vt 0.6372267007827759 0.40684062242507935
vt 0.6555873155593872 0.4342881441116333
vt 0.6478954553604126 0.3994370698928833
vt 0.6244143843650818 0.3757704496383667
vt 0.6157078146934509 0.38213515281677246
vt 0.6478954553604126 0.3994370698928833
vt 0.6157078146934509 0.38213515281677246
vt 0.6372267007827759 0.40684062242507935
vt 0.6244143843650818 0.3757704496383667
vt 0.598045289516449 0.35565781593322754
vt 0.5914567112922668 0.3607209324836731
vt 0.6244143843650818 0.3757704496383667
vt 0.5914567112922668 0.3607209324836731
vt 0.6157078146934509 0.38213515281677246
vt 0.598045289516449 0.35565781593322754
vt 0.5693444013595581 0.33956611156463623
vt 0.5649584531784058 0.34309983253479004
vt 0.598045289516449 0.35565781593322754
vt 0.5649584531784058 0.34309983253479004
vt 0.5914567112922668 0.3607209324836731
vt 0.5693444013595581 0.33956611156463623
vt 0.5389237403869629 0.3278921842575073
vt 0.5367558002471924 0.32971811294555664
vt 0.5693444013595581 0.33956611156463623
vt 0.5367558002471924 0.32971811294555664
vt 0.5649584531784058 0.34309983253479004
vt 0.5367558002471924 0.32971811294555664
vt 0.5389237403869629 0.3278921842575073
vt 0.5074448585510254 0.32095468044281006
vt 0.5365231037139893 0.7495388984680176
vt 0.533504068851471 0.7504081130027771
vt 0.505690336227417 0.7490429878234863
vt 0.5365231037139893 0.7495388984680176
vt 0.5661014318466187 0.7445629835128784
vt 0.5600792169570923 0.7462823390960693
vt 0.5365231037139893 0.7495388984680176
vt 0.5600792169570923 0.7462823390960693
vt 0.533504068851471 0.7504081130027771
vt 0.5661014318466187 0.7445629835128784
vt 0.5937097072601318 0.7343780994415283
vt 0.5847899913787842 0.7369384169578552
vt 0.5661014318466187 0.7445629835128784
vt 0.5847899913787842 0.7369384169578552
vt 0.5600792169570923 0.7462823390960693
vt 0.5937097072601318 0.7343780994415283
vt 0.61871737241745 0.7193678021430969
vt 0.6070964336395264 0.7227632999420166
vt 0.5937097072601318 0.7343780994415283
vt 0.6070964336395264 0.7227632999420166
vt 0.5847899913787842 0.7369384169578552
vt 0.61871737241745 0.7193678021430969
vt 0.6405901312828064 0.7000145316123962
vt 0.6265475153923035 0.7042354941368103
vt 0.61871737241745 0.7193678021430969
vt 0.6265475153923035 0.7042354941368103
vt 0.6070964336395264 0.7227632999420166
vt 0.6405901312828064 0.7000145316123962
vt 0.6588926315307617 0.6768776774406433
vt 0.6427826285362244 0.6819021701812744
vt 0.6405901312828064 0.7000145316123962
vt 0.6427826285362244 0.6819021701812744
vt 0.6265475153923035 0.7042354941368103
vt 0.6588926315307617 0.6768776774406433
vt 0.673288881778717 0.65057373046875
vt 0.6555279493331909 0.6563588976860046
vt 0.6588926315307617 0.6768776774406433
vt 0.6555279493331909 0.6563588976860046
vt 0.6427826285362244 0.6819021701812744
vt 0.673288881778717 0.65057373046875
vt 0.6835399866104126 0.6217575073242188
vt 0.6645932793617249 0.6282331347465515
vt 0.673288881778717 0.65057373046875
vt 0.6645932793617249 0.6282331347465515
vt 0.6555279493331909 0.6563588976860046
vt 0.6835399866104126 0.6217575073242188
vt 0.6894998550415039 0.5911067128181458
vt 0.6698640584945679 0.5981709361076355
vt 0.6835399866104126 0.6217575073242188
vt 0.6698640584945679 0.5981709361076355
vt 0.6645932793617249 0.6282331347465515
vt 0.6894998550415039 0.5911067128181458
vt 0.6911090612411499 0.5593106150627136
vt 0.6712964177131653 0.5668262243270874
vt 0.6894998550415039 0.5911067128181458
vt 0.6712964177131653 0.5668262243270874
vt 0.6698640584945679 0.5981709361076355
vt 0.6911090612411499 0.5593106150627136
vt 0.6883888840675354 0.5270576477050781
vt 0.6689120531082153 0.5348535776138306
vt 0.6911090612411499 0.5593106150627136
vt 0.6689120531082153 0.5348535776138306
vt 0.6712964177131653 0.5668262243270874
vt 0.6883888840675354 0.5270576477050781
vt 0.6814377903938293 0.495029091835022
vt 0.6627926826477051 0.5029017329216003
vt 0.6883888840675354 0.5270576477050781
vt 0.6627926826477051 0.5029017329216003
vt 0.6689120531082153 0.5348535776138306
vt 0.6814377903938293 0.495029091835022
vt 0.6704249978065491 0.46389061212539673
vt 0.6530770063400269 0.47161030769348145
vt 0.6814377903938293 0.495029091835022
vt 0.6530770063400269 0.47161030769348145
vt 0.6627926826477051 0.5029017329216003
vt 0.6704249978065491 0.46389061212539673
vt 0.6555873155593872 0.4342881441116333
vt 0.639958918094635 0.4416056275367737
vt 0.6704249978065491 0.46389061212539673
vt 0.639958918094635 0.4416056275367737
vt 0.6530770063400269 0.47161030769348145
vt 0.6555873155593872 0.4342881441116333
vt 0.6372267007827759 0.40684062242507935
vt 0.6236853003501892 0.41349780559539795
vt 0.6555873155593872 0.4342881441116333
vt 0.6236853003501892 0.41349780559539795
vt 0.639958918094635 0.4416056275367737
vt 0.6372267007827759 0.40684062242507935
vt 0.6157078146934509 0.38213515281677246
vt 0.6045576333999634 0.38787609338760376
vt 0.6372267007827759 0.40684062242507935
vt 0.6045576333999634 0.38787609338760376
vt 0.6236853003501892 0.41349780559539795
vt 0.6157078146934509 0.38213515281677246
vt 0.5914567112922668 0.3607209324836731
vt 0.582931399345398 0.36530375480651855
vt 0.6157078146934509 0.38213515281677246
vt 0.582931399345398 0.36530375480651855
vt 0.6045576333999634 0.38787609338760376
vt 0.5914567112922668 0.3607209324836731
vt 0.5649584531784058 0.34309983253479004
vt 0.559217631816864 0.3463106155395508
vt 0.5914567112922668 0.3607209324836731
vt 0.559217631816864 0.3463106155395508
vt 0.582931399345398 0.36530375480651855
vt 0.5649584531784058 0.34309983253479004
vt 0.5367558002471924 0.32971811294555664
vt 0.5338817238807678 0.33138376474380493
vt 0.5649584531784058 0.34309983253479004
vt 0.5338817238807678 0.33138376474380493
vt 0.559217631816864 0.3463106155395508
vt 0.5338817238807678 0.33138376474380493
vt 0.5367558002471924 0.32971811294555664
vt 0.5074448585510254 0.32095468044281006
vt 0.533504068851471 0.7504081130027771
vt 0.5298206210136414 0.7511732578277588
vt 0.505690336227417 0.7490429878234863
vt 0.533504068851471 0.7504081130027771
vt 0.5600792169570923 0.7462823390960693
vt 0.5527954697608948 0.7477903366088867
vt 0.533504068851471 0.7504081130027771
vt 0.5527954697608948 0.7477903366088867
vt 0.5298206210136414 0.7511732578277588
vt 0.5600792169570923 0.7462823390960693
vt 0.5847899913787842 0.7369384169578552
vt 0.574089527130127 0.7391757965087891
vt 0.5600792169570923 0.7462823390960693
vt 0.574089527130127 0.7391757965087891
vt 0.5527954697608948 0.7477903366088867
vt 0.5847899913787842 0.7369384169578552
vt 0.6070964336395264 0.7227632999420166
vt 0.5932549834251404 0.7257212400436401
vt 0.5847899913787842 0.7369384169578552
vt 0.5932549834251404 0.7257212400436401
vt 0.574089527130127 0.7391757965087891
vt 0.6070964336395264 0.7227632999420166
vt 0.6265475153923035 0.7042354941368103
vt 0.6099246740341187 0.7079023718833923
vt 0.6070964336395264 0.7227632999420166
vt 0.6099246740341187 0.7079023718833923
vt 0.5932549834251404 0.7257212400436401
vt 0.6265475153923035 0.7042354941368103
vt 0.6427826285362244 0.6819021701812744
vt 0.6238090395927429 0.686257004737854
vt 0.6265475153923035 0.7042354941368103
vt 0.6238090395927429 0.686257004737854
vt 0.6099246740341187 0.7079023718833923
vt 0.6427826285362244 0.6819021701812744
vt 0.6555279493331909 0.6563588976860046
vt 0.634693443775177 0.6613638997077942
vt 0.6427826285362244 0.6819021701812744
vt 0.634693443775177 0.6613638997077942
vt 0.6238090395927429 0.686257004737854
vt 0.6555279493331909 0.6563588976860046
vt 0.6645932793617249 0.6282331347465515
vt 0.6424293518066406 0.6338285803794861
vt 0.6555279493331909 0.6563588976860046
vt 0.6424293518066406 0.6338285803794861
vt 0.634693443775177 0.6613638997077942
vt 0.6645932793617249 0.6282331347465515
vt 0.6698640584945679 0.5981709361076355
vt 0.6469307541847229 0.6042704582214355
vt 0.6645932793617249 0.6282331347465515
vt 0.6469307541847229 0.6042704582214355
vt 0.6424293518066406 0.6338285803794861
vt 0.6698640584945679 0.5981709361076355
vt 0.6712964177131653 0.5668262243270874
vt 0.6481667160987854 0.5733145475387573
vt 0.6698640584945679 0.5981709361076355
vt 0.6481667160987854 0.5733145475387573
vt 0.6469307541847229 0.6042704582214355
vt 0.6712964177131653 0.5668262243270874
vt 0.6689120531082153 0.5348535776138306
vt 0.6461570262908936 0.5415861010551453
vt 0.6712964177131653 0.5668262243270874
vt 0.6461570262908936 0.5415861010551453
vt 0.6481667160987854 0.5733145475387573
vt 0.6689120531082153 0.5348535776138306
vt 0.6627926826477051 0.5029017329216003
vt 0.6409677863121033 0.5097065567970276
vt 0.6689120531082153 0.5348535776138306
vt 0.6409677863121033 0.5097065567970276
vt 0.6461570262908936 0.5415861010551453
vt 0.6627926826477051 0.5029017329216003
vt 0.6530770063400269 0.47161030769348145
vt 0.6327089071273804 0.47829222679138184
vt 0.6627926826477051 0.5029017329216003
vt 0.6327089071273804 0.47829222679138184
vt 0.6409677863121033 0.5097065567970276
vt 0.6530770063400269 0.47161030769348145
vt 0.639958918094635 0.4416056275367737
vt 0.6215337514877319 0.4479515552520752
vt 0.6530770063400269 0.47161030769348145
vt 0.6215337514877319 0.4479515552520752
vt 0.6327089071273804 0.47829222679138184
vt 0.6045576333999634 0.38787609338760376
vt 0.582931399345398 0.36530375480651855
vt 0.572695791721344 0.36931031942367554
vt 0.6045576333999634 0.38787609338760376
vt 0.572695791721344 0.36931031942367554
vt 0.5912635922431946 0.392879843711853
vt 0.582931399345398 0.36530375480651855
vt 0.559217631816864 0.3463106155395508
vt 0.5522706508636475 0.3491273522377014
vt 0.582931399345398 0.36530375480651855
vt 0.5522706508636475 0.3491273522377014
vt 0.572695791721344 0.36931031942367554
vt 0.559217631816864 0.3463106155395508
vt 0.5338817238807678 0.33138376474380493
vt 0.5303745269775391 0.3328501582145691
vt 0.559217631816864 0.3463106155395508
vt 0.5303745269775391 0.3328501582145691
vt 0.5522706508636475 0.3491273522377014
vt 0.5303745269775391 0.3328501582145691
vt 0.5338817238807678 0.33138376474380493
vt 0.5074448585510254 0.32095468044281006
vt 0.5298206210136414 0.7511732578277588
vt 0.5255632996559143 0.7518166899681091
vt 0.505690336227417 0.7490429878234863
vt 0.5298206210136414 0.7511732578277588
vt 0.5527954697608948 0.7477903366088867
vt 0.5444315671920776 0.7490541934967041
vt 0.5298206210136414 0.7511732578277588
vt 0.5444315671920776 0.7490541934967041
vt 0.5255632996559143 0.7518166899681091
vt 0.5527954697608948 0.7477903366088867
vt 0.574089527130127 0.7391757965087891
vt 0.5618732571601868 0.7410456538200378
vt 0.5527954697608948 0.7477903366088867
vt 0.5618732571601868 0.7410456538200378
vt 0.5444315671920776 0.7490541934967041
vt 0.574089527130127 0.7391757965087891
vt 0.5932549834251404 0.7257212400436401
vt 0.5775349736213684 0.7281864285469055
vt 0.574089527130127 0.7391757965087891
vt 0.5775349736213684 0.7281864285469055
vt 0.5618732571601868 0.7410456538200378
vt 0.5932549834251404 0.7257212400436401
vt 0.6099246740341187 0.7079023718833923
vt 0.5911304950714111 0.7109513878822327
vt 0.5932549834251404 0.7257212400436401
vt 0.5911304950714111 0.7109513878822327
vt 0.5775349736213684 0.7281864285469055
vt 0.6099246740341187 0.7079023718833923
vt 0.6238090395927429 0.686257004737854
vt 0.6024371981620789 0.6898709535598755
vt 0.6099246740341187 0.7079023718833923
vt 0.6024371981620789 0.6898709535598755
vt 0.5911304950714111 0.7109513878822327
vt 0.6238090395927429 0.686257004737854
vt 0.634693443775177 0.6613638997077942
vt 0.6112924814224243 0.6655112504959106
vt 0.6238090395927429 0.686257004737854
vt 0.6112924814224243 0.6655112504959106
vt 0.6024371981620789 0.6898709535598755
vt 0.634693443775177 0.6613638997077942
vt 0.6424293518066406 0.6338285803794861
vt 0.6175864338874817 0.6384601593017578
vt 0.634693443775177 0.6613638997077942
vt 0.6175864338874817 0.6384601593017578
vt 0.6112924814224243 0.6655112504959106
vt 0.6424293518066406 0.6338285803794861
vt 0.6469307541847229 0.6042704582214355
vt 0.62125563621521 0.6093159317970276
vt 0.6424293518066406 0.6338285803794861
vt 0.62125563621521 0.6093159317970276
vt 0.6175864338874817 0.6384601593017578
vt 0.6469307541847229 0.6042704582214355
vt 0.6481667160987854 0.5733145475387573
vt 0.6222800016403198 0.5786807537078857
vt 0.6469307541847229 0.6042704582214355
vt 0.6222800016403198 0.5786807537078857
vt 0.62125563621521 0.6093159317970276
vt 0.6481667160987854 0.5733145475387573
vt 0.6461570262908936 0.5415861010551453
vt 0.6206753253936768 0.5471559166908264
vt 0.6481667160987854 0.5733145475387573
vt 0.6206753253936768 0.5471559166908264
vt 0.6222800016403198 0.5786807537078857
vt 0.6461570262908936 0.5415861010551453
vt 0.6409677863121033 0.5097065567970276
vt 0.6164934635162354 0.5153406262397766
vt 0.6461570262908936 0.5415861010551453
vt 0.6164934635162354 0.5153406262397766
vt 0.6206753253936768 0.5471559166908264
vt 0.6565927863121033 0.06175500154495239
vt 0.6483339071273804 0.030340611934661865
vt 0.6254425048828125 0.035879552364349365
vt 0.6565927863121033 0.06175500154495239
vt 0.6254425048828125 0.035879552364349365
vt 0.6321184635162354 0.06738907098770142
vt 0.6483339071273804 0.030340611934661865
vt 0.6371587514877319 0
vt 0.6163889169692993 0.005268752574920654
vt 0.6483339071273804 0.030340611934661865
vt 0.6163889169692993 0.005268752574920654
vt 0.6254425048828125 0.035879552364349365
vt 0.6547401547431946 0.04243326187133789
vt 0.636172354221344 0.0188637375831604
vt 0.6244798302650452 0.022213757038116455
vt 0.6547401547431946 0.04243326187133789
vt 0.6244798302650452 0.022213757038116455
vt 0.6396307945251465 0.04660564661026001
vt 0.572695791721344 0.36931031942367554
vt 0.5522706508636475 0.3491273522377014
vt 0.5442904829978943 0.3514890670776367
vt 0.572695791721344 0.36931031942367554
vt 0.5442904829978943 0.3514890670776367
vt 0.5610032677650452 0.3726602792739868
vt 0.5522706508636475 0.3491273522377014
vt 0.5303745269775391 0.3328501582145691
vt 0.5263209342956543 0.33408355712890625
vt 0.5522706508636475 0.3491273522377014
vt 0.5263209342956543 0.33408355712890625
vt 0.5442904829978943 0.3514890670776367
vt 0.5263209342956543 0.33408355712890625
vt 0.5303745269775391 0.3328501582145691
vt 0.5074448585510254 0.32095468044281006
vt 0.5255632996559143 0.7518166899681091
vt 0.5208359360694885 0.7523239254951477
vt 0.505690336227417 0.7490429878234863
vt 0.5255632996559143 0.7518166899681091
vt 0.5444315671920776 0.7490541934967041
vt 0.5351870059967041 0.7500476837158203
vt 0.5255632996559143 0.7518166899681091
vt 0.5351870059967041 0.7500476837158203
vt 0.5208359360694885 0.7523239254951477
vt 0.5444315671920776 0.7490541934967041
vt 0.5618732571601868 0.7410456538200378
vt 0.5484284162521362 0.7425116896629333
vt 0.5444315671920776 0.7490541934967041
vt 0.5484284162521362 0.7425116896629333
vt 0.5351870059967041 0.7500476837158203
vt 0.5618732571601868 0.7410456538200378
vt 0.5775349736213684 0.7281864285469055
vt 0.5602996945381165 0.7301152944564819
vt 0.5618732571601868 0.7410456538200378
vt 0.5602996945381165 0.7301152944564819
vt 0.5484284162521362 0.7425116896629333
vt 0.5775349736213684 0.7281864285469055
vt 0.5911304950714111 0.7109513878822327
vt 0.5705923438072205 0.71333247423172
vt 0.5775349736213684 0.7281864285469055
vt 0.5705923438072205 0.71333247423172
vt 0.5602996945381165 0.7301152944564819
vt 0.5911304950714111 0.7109513878822327
vt 0.6024371981620789 0.6898709535598755
vt 0.5791460871696472 0.6926887631416321
vt 0.5911304950714111 0.7109513878822327
vt 0.5791460871696472 0.6926887631416321
vt 0.5705923438072205 0.71333247423172
vt 0.6024371981620789 0.6898709535598755
vt 0.6112924814224243 0.6655112504959106
vt 0.5858446955680847 0.6687408089637756
vt 0.6024371981620789 0.6898709535598755
vt 0.5858446955680847 0.6687408089637756
vt 0.5791460871696472 0.6926887631416321
vt 0.6112924814224243 0.6655112504959106
vt 0.6175864338874817 0.6384601593017578
vt 0.5906106233596802 0.6420636177062988
vt 0.6112924814224243 0.6655112504959106
vt 0.5906106233596802 0.6420636177062988
vt 0.5858446955680847 0.6687408089637756
vt 0.6175864338874817 0.6384601593017578
vt 0.62125563621521 0.6093159317970276
vt 0.5934010744094849 0.6132397055625916
vt 0.6175864338874817 0.6384601593017578
vt 0.5934010744094849 0.6132397055625916
vt 0.5906106233596802 0.6420636177062988
vt 0.62125563621521 0.6093159317970276
vt 0.6222800016403198 0.5786807537078857
vt 0.5942015647888184 0.5828532576560974
vt 0.62125563621521 0.6093159317970276
vt 0.5942015647888184 0.5828532576560974
vt 0.5934010744094849 0.6132397055625916
vt 0.6222800016403198 0.5786807537078857
vt 0.6206753253936768 0.5471559166908264
vt 0.5930256247520447 0.5514879822731018
vt 0.6222800016403198 0.5786807537078857
vt 0.5930256247520447 0.5514879822731018
vt 0.5942015647888184 0.5828532576560974
vt 0.6206753253936768 0.5471559166908264
vt 0.6164934635162354 0.5153406262397766
vt 0.5899091958999634 0.5197251439094543
vt 0.6206753253936768 0.5471559166908264
vt 0.5899091958999634 0.5197251439094543
vt 0.5930256247520447 0.5514879822731018
vt 0.6321184635162354 0.06738907098770142
vt 0.6254425048828125 0.035879552364349365
vt 0.6005371809005737 0.040194034576416016
vt 0.6321184635162354 0.06738907098770142
vt 0.6005371809005737 0.040194034576416016
vt 0.6055341958999634 0.07177358865737915
vt 0.6254425048828125 0.035879552364349365
vt 0.6163889169692993 0.005268752574920654
vt 0.5937417149543762 0.009378135204315186
vt 0.6254425048828125 0.035879552364349365
vt 0.5937417149543762 0.009378135204315186
vt 0.6005371809005737 0.040194034576416016
vt 0.6396307945251465 0.04660564661026001
vt 0.6244798302650452 0.022213757038116455
vt 0.6116057634353638 0.024841248989105225
vt 0.6396307945251465 0.04660564661026001
vt 0.6116057634353638 0.024841248989105225
vt 0.6230562329292297 0.04987126588821411
vt 0.6244798302650452 0.022213757038116455
vt 0.6077670454978943 0.001042485237121582
vt 0.598944365978241 0.002899348735809326
vt 0.6244798302650452 0.022213757038116455
vt 0.598944365978241 0.002899348735809326
vt 0.6116057634353638 0.024841248989105225
vt 0.5442904829978943 0.3514890670776367
vt 0.5263209342956543 0.33408355712890625
vt 0.5218193531036377 0.33505576848983765
vt 0.5442904829978943 0.3514890670776367
vt 0.5218193531036377 0.33505576848983765
vt 0.535467803478241 0.35334593057632446
vt 0.5218193531036377 0.33505576848983765
vt 0.5263209342956543 0.33408355712890625
vt 0.5074448585510254 0.32095468044281006
vt 0.5208359360694885 0.7523239254951477
vt 0.5157520174980164 0.7526831030845642
vt 0.505690336227417 0.7490429878234863
vt 0.5208359360694885 0.7523239254951477
vt 0.5351870059967041 0.7500476837158203
vt 0.5252765417098999 0.7507501840591431
vt 0.5208359360694885 0.7523239254951477
vt 0.5252765417098999 0.7507501840591431
vt 0.5157520174980164 0.7526831030845642
vt 0.5351870059967041 0.7500476837158203
vt 0.5484284162521362 0.7425116896629333
vt 0.5340585708618164 0.7435465455055237
vt 0.5351870059967041 0.7500476837158203
vt 0.5340585708618164 0.7435465455055237
vt 0.5252765417098999 0.7507501840591431
vt 0.5484284162521362 0.7425116896629333
vt 0.5602996945381165 0.7301152944564819
vt 0.5419282913208008 0.7314745187759399
vt 0.5484284162521362 0.7425116896629333
vt 0.5419282913208008 0.7314745187759399
vt 0.5340585708618164 0.7435465455055237
vt 0.5602996945381165 0.7301152944564819
vt 0.5705923438072205 0.71333247423172
vt 0.5487511157989502 0.7150079607963562
vt 0.5602996945381165 0.7301152944564819
vt 0.5487511157989502 0.7150079607963562
vt 0.5419282913208008 0.7314745187759399
vt 0.5705923438072205 0.71333247423172
vt 0.5791460871696472 0.6926887631416321
vt 0.5544242262840271 0.694669246673584
vt 0.5705923438072205 0.71333247423172
vt 0.5544242262840271 0.694669246673584
vt 0.5487511157989502 0.7150079607963562
vt 0.5791460871696472 0.6926887631416321
vt 0.5858446955680847 0.6687408089637756
vt 0.5588737726211548 0.6710085868835449
vt 0.5791460871696472 0.6926887631416321
vt 0.5588737726211548 0.6710085868835449
vt 0.5544242262840271 0.694669246673584
vt 0.5858446955680847 0.6687408089637756
vt 0.5906106233596802 0.6420636177062988
vt 0.5620512366294861 0.6445925235748291
vt 0.5858446955680847 0.6687408089637756
vt 0.5620512366294861 0.6445925235748291
vt 0.5588737726211548 0.6710085868835449
vt 0.5906106233596802 0.6420636177062988
vt 0.5934010744094849 0.6132397055625916
vt 0.5639286041259766 0.61599200963974
vt 0.5906106233596802 0.6420636177062988
vt 0.5639286041259766 0.61599200963974
vt 0.5620512366294861 0.6445925235748291
vt 0.5934010744094849 0.6132397055625916
vt 0.5942015647888184 0.5828532576560974
vt 0.5644976496696472 0.585780143737793
vt 0.5934010744094849 0.6132397055625916
vt 0.5644976496696472 0.585780143737793
vt 0.5639286041259766 0.61599200963974
vt 0.7358031272888184 0.10146033763885498
vt 0.7346271872520447 0.0700950026512146
vt 0.7053681015968323 0.07313406467437744
vt 0.7358031272888184 0.10146033763885498
vt 0.7053681015968323 0.07313406467437744
vt 0.7060992121696472 0.10438704490661621
vt 0.7346271872520447 0.0700950026512146
vt 0.7315107583999634 0.03833216428756714
vt 0.7033593654632568 0.04140967130661011
vt 0.7346271872520447 0.0700950026512146
vt 0.7033593654632568 0.04140967130661011
vt 0.7053681015968323 0.07313406467437744
vt 0.7315107583999634 0.03833216428756714
vt 0.7265137434005737 0.006752490997314453
vt 0.7001096606254578 0.009782969951629639
vt 0.7315107583999634 0.03833216428756714
vt 0.7001096606254578 0.009782969951629639
vt 0.7033593654632568 0.04140967130661011
vt 0.7343262434005737 0.030815958976745605
vt 0.7275307774543762 0
vt 0.7034835815429688 0.0028890371322631836
vt 0.7343262434005737 0.030815958976745605
vt 0.7034835815429688 0.0028890371322631836
vt 0.7079221606254578 0.033846378326416016
vt 0.6230562329292297 0.04987126588821411
vt 0.6116057634353638 0.024841248989105225
vt 0.5978422164916992 0.02669626474380493
vt 0.6230562329292297 0.04987126588821411
vt 0.5978422164916992 0.02669626474380493
vt 0.6053828001022339 0.05217325687408447
vt 0.6116057634353638 0.024841248989105225
vt 0.598944365978241 0.002899348735809326
vt 0.5894845128059387 0.004212796688079834
vt 0.6116057634353638 0.024841248989105225
vt 0.5894845128059387 0.004212796688079834
vt 0.5978422164916992 0.02669626474380493
vt 0.535467803478241 0.35334593057632446
vt 0.5218193531036377 0.33505576848983765
vt 0.5169781446456909 0.3357446789741516
vt 0.535467803478241 0.35334593057632446
vt 0.5169781446456909 0.3357446789741516
vt 0.5260079503059387 0.35465937852859497
vt 0.5169781446456909 0.3357446789741516
vt 0.5218193531036377 0.33505576848983765
vt 0.5074448585510254 0.32095468044281006
vt 0.5157520174980164 0.7526831030845642
vt 0.5104312300682068 0.7528865337371826
vt 0.505690336227417 0.7490429878234863
vt 0.5157520174980164 0.7526831030845642
vt 0.5252765417098999 0.7507501840591431
vt 0.5149262547492981 0.7511475086212158
vt 0.5157520174980164 0.7526831030845642
vt 0.5149262547492981 0.7511475086212158
vt 0.5104312300682068 0.7528865337371826
vt 0.5252765417098999 0.7507501840591431
vt 0.5340585708618164 0.7435465455055237
vt 0.5190787315368652 0.7441310882568359
vt 0.5252765417098999 0.7507501840591431
vt 0.5190787315368652 0.7441310882568359
vt 0.5149262547492981 0.7511475086212158
vt 0.5340585708618164 0.7435465455055237
vt 0.5419282913208008 0.7314745187759399
vt 0.5228092074394226 0.7322413921356201
vt 0.5340585708618164 0.7435465455055237
vt 0.5228092074394226 0.7322413921356201
vt 0.5190787315368652 0.7441310882568359
vt 0.5419282913208008 0.7314745187759399
vt 0.5487511157989502 0.7150079607963562
vt 0.5260540843009949 0.7159525156021118
vt 0.5419282913208008 0.7314745187759399
vt 0.5260540843009949 0.7159525156021118
vt 0.5228092074394226 0.7322413921356201
vt 0.5487511157989502 0.7150079607963562
vt 0.5544242262840271 0.694669246673584
vt 0.5287646651268005 0.695784866809845
vt 0.5487511157989502 0.7150079607963562
vt 0.5287646651268005 0.695784866809845
vt 0.5260540843009949 0.7159525156021118
vt 0.5544242262840271 0.694669246673584
vt 0.5588737726211548 0.6710085868835449
vt 0.5309065580368042 0.6722854971885681
vt 0.5544242262840271 0.694669246673584
vt 0.5309065580368042 0.6722854971885681
vt 0.5287646651268005 0.695784866809845
vt 0.5588737726211548 0.6710085868835449
vt 0.5620512366294861 0.6445925235748291
vt 0.5324558019638062 0.646015465259552
vt 0.5588737726211548 0.6710085868835449
vt 0.5324558019638062 0.646015465259552
vt 0.5309065580368042 0.6722854971885681
vt 0.5620512366294861 0.6445925235748291
vt 0.5639286041259766 0.61599200963974
vt 0.5333994030952454 0.6175405979156494
vt 0.5620512366294861 0.6445925235748291
vt 0.5333994030952454 0.6175405979156494
vt 0.5324558019638062 0.646015465259552
vt 0.5639286041259766 0.61599200963974
vt 0.5644976496696472 0.585780143737793
vt 0.5337318778038025 0.5874265432357788
vt 0.5639286041259766 0.61599200963974
vt 0.5337318778038025 0.5874265432357788
vt 0.5333994030952454 0.6175405979156494
vt 0.7060992121696472 0.10438704490661621
vt 0.7053681015968323 0.07313406467437744
vt 0.6750578284263611 0.07484406232833862
vt 0.7060992121696472 0.10438704490661621
vt 0.6750578284263611 0.07484406232833862
vt 0.6753334403038025 0.1060335636138916
vt 0.7053681015968323 0.07313406467437744
vt 0.7033593654632568 0.04140967130661011
vt 0.6741829514503479 0.04314154386520386
vt 0.7053681015968323 0.07313406467437744
vt 0.6741829514503479 0.04314154386520386
vt 0.6750578284263611 0.07484406232833862
vt 0.7033593654632568 0.04140967130661011
vt 0.7001096606254578 0.009782969951629639
vt 0.6727253198623657 0.011489391326904297
vt 0.7033593654632568 0.04140967130661011
vt 0.6727253198623657 0.011489391326904297
vt 0.6741829514503479 0.04314154386520386
vt 0.7079221606254578 0.033846378326416016
vt 0.7034835815429688 0.0028890371322631836
vt 0.6785191893577576 0.004516899585723877
vt 0.7079221606254578 0.033846378326416016
vt 0.6785191893577576 0.004516899585723877
vt 0.6805378198623657 0.03555268049240112
vt 0.6053828001022339 0.05217325687408447
vt 0.5978422164916992 0.02669626474380493
vt 0.5834925174713135 0.0277443528175354
vt 0.6053828001022339 0.05217325687408447
vt 0.5834925174713135 0.0277443528175354
vt 0.5869867205619812 0.05347251892089844
vt 0.5978422164916992 0.02669626474380493
vt 0.5894845128059387 0.004212796688079834
vt 0.5796043872833252 0.004955649375915527
vt 0.5978422164916992 0.02669626474380493
vt 0.5796043872833252 0.004955649375915527
vt 0.5834925174713135 0.0277443528175354
vt 0.5260079503059387 0.35465937852859497
vt 0.5169781446456909 0.3357446789741516
vt 0.5119115710258484 0.3361348509788513
vt 0.5260079503059387 0.35465937852859497
vt 0.5119115710258484 0.3361348509788513
vt 0.5161278247833252 0.35540223121643066
vt 0.5119115710258484 0.3361348509788513
vt 0.5169781446456909 0.3357446789741516
vt 0.5074448585510254 0.32095468044281006
vt 0.5104312300682068 0.7528865337371826
vt 0.5049987435340881 0.7529296875
vt 0.505690336227417 0.7490429878234863
vt 0.5104312300682068 0.7528865337371826
vt 0.5149262547492981 0.7511475086212158
vt 0.5043687224388123 0.7512315511703491
vt 0.5104312300682068 0.7528865337371826
vt 0.5043687224388123 0.7512315511703491
vt 0.5049987435340881 0.7529296875
vt 0.5149262547492981 0.7511475086212158
vt 0.5190787315368652 0.7441310882568359
vt 0.5038118958473206 0.7442547082901001
vt 0.5149262547492981 0.7511475086212158
vt 0.5038118958473206 0.7442547082901001
vt 0.5043687224388123 0.7512315511703491
vt 0.5190787315368652 0.7441310882568359
vt 0.5228092074394226 0.7322413921356201
vt 0.5033378005027771 0.732403576374054
vt 0.5190787315368652 0.7441310882568359
vt 0.5033378005027771 0.732403576374054
vt 0.5038118958473206 0.7442547082901001
vt 0.5228092074394226 0.7322413921356201
vt 0.5260540843009949 0.7159525156021118
vt 0.5029534101486206 0.716152012348175
vt 0.5228092074394226 0.7322413921356201
vt 0.5029534101486206 0.716152012348175
vt 0.5033378005027771 0.732403576374054
vt 0.5260540843009949 0.7159525156021118
vt 0.5287646651268005 0.695784866809845
vt 0.5026631355285645 0.6960203051567078
vt 0.5260540843009949 0.7159525156021118
vt 0.5026631355285645 0.6960203051567078
vt 0.5029534101486206 0.716152012348175
vt 0.5287646651268005 0.695784866809845
vt 0.5309065580368042 0.6722854971885681
vt 0.5024688839912415 0.6725550293922424
vt 0.5287646651268005 0.695784866809845
vt 0.5024688839912415 0.6725550293922424
vt 0.5026631355285645 0.6960203051567078
vt 0.5309065580368042 0.6722854971885681
vt 0.5324558019638062 0.646015465259552
vt 0.5023722052574158 0.6463157534599304
vt 0.5309065580368042 0.6722854971885681
vt 0.5023722052574158 0.6463157534599304
vt 0.5024688839912415 0.6725550293922424
vt 0.5324558019638062 0.646015465259552
vt 0.5333994030952454 0.6175405979156494
vt 0.5023712515830994 0.6178675293922424
vt 0.5324558019638062 0.646015465259552
vt 0.5023712515830994 0.6178675293922424
vt 0.5023722052574158 0.6463157534599304
vt 0.5333994030952454 0.6175405979156494
vt 0.5337318778038025 0.5874265432357788
vt 0.5024651288986206 0.5877740383148193
vt 0.5333994030952454 0.6175405979156494
vt 0.5024651288986206 0.5877740383148193
vt 0.5023712515830994 0.6178675293922424
vt 0.6753334403038025 0.1060335636138916
vt 0.6750578284263611 0.07484406232833862
vt 0.6442515850067139 0.07520496845245361
vt 0.6753334403038025 0.1060335636138916
vt 0.6442515850067139 0.07520496845245361
vt 0.6440666913986206 0.1063811182975769
vt 0.6750578284263611 0.07484406232833862
vt 0.6741829514503479 0.04314154386520386
vt 0.6445240378379822 0.04350721836090088
vt 0.6750578284263611 0.07484406232833862
vt 0.6445240378379822 0.04350721836090088
vt 0.6442515850067139 0.07520496845245361
vt 0.6741829514503479 0.04314154386520386
vt 0.6727253198623657 0.011489391326904297
vt 0.6448789238929749 0.011849522590637207
vt 0.6741829514503479 0.04314154386520386
vt 0.6448789238929749 0.011849522590637207
vt 0.6445240378379822 0.04350721836090088
vt 0.5887409448623657 0.033857524394989014
vt 0.5867223143577576 0.0028217434883117676
vt 0.5613263845443726 0.0031654834747314453
vt 0.5887409448623657 0.033857524394989014
vt 0.5613263845443726 0.0031654834747314453
vt 0.5608945488929749 0.03421783447265625
vt 0.5869867205619812 0.05347251892089844
vt 0.5834925174713135 0.0277443528175354
vt 0.5688678026199341 0.027965962886810303
vt 0.5869867205619812 0.05347251892089844
vt 0.5688678026199341 0.027965962886810303
vt 0.5682510733604431 0.05374705791473389
vt 0.5834925174713135 0.0277443528175354
vt 0.5796043872833252 0.004955649375915527
vt 0.5695265531539917 0.005112648010253906
vt 0.5834925174713135 0.0277443528175354
vt 0.5695265531539917 0.005112648010253906
vt 0.5688678026199341 0.027965962886810303
vt 0.5161278247833252 0.35540223121643066
vt 0.5119115710258484 0.3361348509788513
vt 0.50673907995224 0.3362175226211548
vt 0.5161278247833252 0.35540223121643066
vt 0.50673907995224 0.3362175226211548
vt 0.5060499906539917 0.35555922985076904
vt 0.50673907995224 0.3362175226211548
vt 0.5119115710258484 0.3361348509788513
vt 0.5074448585510254 0.32095468044281006
vt 0.492660790681839 0.03253793716430664
vt 0.4968276619911194 0.0045288801193237305
vt 0.47857171297073364 0.0027577877044677734
vt 0.492660790681839 0.03253793716430664
vt 0.47857171297073364 0.0027577877044677734
vt 0.4708642065525055 0.03050220012664795
vt 0.6223748326301575 0.02887547016143799
vt 0.6229385733604431 0.0007545351982116699
vt 0.6042495369911194 0
vt 0.6223748326301575 0.02887547016143799
vt 0.6042495369911194 0
vt 0.6000826358795166 0.028008878231048584
vt 0.5583966970443726 0.048692524433135986
vt 0.5588982701301575 0.018816709518432617
vt 0.5366060733795166 0.01795017719268799
vt 0.5583966970443726 0.048692524433135986
vt 0.5366060733795166 0.01795017719268799
vt 0.5330562591552734 0.04774749279022217
vt 0.5837926268577576 0.04834872484207153
vt 0.5812425017356873 0.0185014009475708
vt 0.5588982701301575 0.018816709518432617
vt 0.5837926268577576 0.04834872484207153
vt 0.5588982701301575 0.018816709518432617
vt 0.5583966970443726 0.048692524433135986
vt 0.6447190642356873 0.028560161590576172
vt 0.6416742205619812 0.0004799962043762207
vt 0.6229385733604431 0.0007545351982116699
vt 0.6447190642356873 0.028560161590576172
vt 0.6229385733604431 0.0007545351982116699
vt 0.6223748326301575 0.02887547016143799
vt 0.6087570190429688 0.046720921993255615
vt 0.6031954884529114 0.017008721828460693
vt 0.5812425017356873 0.0185014009475708
vt 0.6087570190429688 0.046720921993255615
vt 0.5812425017356873 0.0185014009475708
vt 0.5837926268577576 0.04834872484207153
vt 0.6379881501197815 0.02754157781600952
vt 0.6279390454292297 0
vt 0.6102656126022339 0.0023020505905151367
vt 0.6379881501197815 0.02754157781600952
vt 0.6102656126022339 0.0023020505905151367
vt 0.6168673634529114 0.030188918113708496
vt 0.7379611134529114 0.02788686752319336
vt 0.7313593626022339 0
vt 0.7129632830619812 0.0012990832328796387
vt 0.7379611134529114 0.02788686752319336
vt 0.7129632830619812 0.0012990832328796387
vt 0.7160081267356873 0.02937936782836914
vt 0.6554514169692993 0.039722323417663574
vt 0.6441690921783447 0.010600805282592773
vt 0.6243162751197815 0.014361560344696045
vt 0.6554514169692993 0.039722323417663574
vt 0.6243162751197815 0.014361560344696045
vt 0.6328042149543762 0.043831706047058105
vt 0.6861612796783447 0.027046382427215576
vt 0.6728339195251465 0
vt 0.6562593579292297 0.0032656192779541016
vt 0.6861612796783447 0.027046382427215576
vt 0.6562593579292297 0.0032656192779541016
vt 0.6663084626197815 0.030807197093963623
vt 0.6328042149543762 0.043831706047058105
vt 0.6243162751197815 0.014361560344696045
vt 0.6031954884529114 0.017008721828460693
vt 0.6328042149543762 0.043831706047058105
vt 0.6031954884529114 0.017008721828460693
vt 0.6087570190429688 0.046720921993255615
vt 0.6261932849884033 0.026404857635498047
vt 0.6098182797431946 0
vt 0.5947089195251465 0.004172325134277344
vt 0.6261932849884033 0.026404857635498047
vt 0.5947089195251465 0.004172325134277344
vt 0.6080362796783447 0.031218886375427246
vt 0.6762212514877319 0.034453749656677246
vt 0.6623260974884033 0.005786716938018799
vt 0.6441690921783447 0.010600805282592773
vt 0.6762212514877319 0.034453749656677246
vt 0.6441690921783447 0.010600805282592773
vt 0.6554514169692993 0.039722323417663574
vt 0.6529821753501892 0.025621891021728516
vt 0.6338545083999634 0
vt 0.6205604672431946 0.005003750324249268
vt 0.6529821753501892 0.025621891021728516
vt 0.6205604672431946 0.005003750324249268
vt 0.6369354724884033 0.031408607959747314
vt 0.694646418094635 0.028107821941375732
vt 0.6783728003501892 0
vt 0.6623260974884033 0.005786716938018799
vt 0.694646418094635 0.028107821941375732
vt 0.6623260974884033 0.005786716938018799
vt 0.6762212514877319 0.034453749656677246
vt 0.4866562485694885 0.047431886196136475
vt 0.49887874722480774 0.018509387969970703
vt 0.48119592666625977 0.013229846954345703
vt 0.4866562485694885 0.047431886196136475
vt 0.48119592666625977 0.013229846954345703
vt 0.4664011001586914 0.04164856672286987
vt 0.44861140847206116 0.03483450412750244
vt 0.465729683637619 0.007022678852081299
vt 0.4528732895851135 0
vt 0.44861140847206116 0.03483450412750244
vt 0.4528732895851135 0
vt 0.4337382912635803 0.027106106281280518
vt 0.4664011001586914 0.04164856672286987
vt 0.48119592666625977 0.013229846954345703
vt 0.465729683637619 0.007022678852081299
vt 0.4664011001586914 0.04164856672286987
vt 0.465729683637619 0.007022678852081299
vt 0.44861140847206116 0.03483450412750244
vt 0.4347364008426666 0.06465953588485718
vt 0.44861140847206116 0.03483450412750244
vt 0.4337382912635803 0.027106106281280518
vt 0.4347364008426666 0.06465953588485718
vt 0.4337382912635803 0.027106106281280518
vt 0.4181951582431793 0.05649876594543457
vn 0.012277300430998565 0.8913732854670572 0.45310366788384265
vn 0.036526487633659156 0.8101211484873045 0.5851235258257514
vn 0.03652549781449588 0.8101209447377473 0.5851238697118953
vn 0.05986115416259428 0.7089117711799356 0.7027522628244242
vn 0.05987750504142009 0.7089175370864882 0.7027450533452673
vn 0.08173406384763317 0.590249111525939 0.8030725553458982
vn 0.08173208788278347 0.590248077302801 0.8030735165915184
vn 0.10159393252645317 0.45704834792713667 0.8836206655182335
vn 0.10159343596592992 0.45704800093723863 0.8836209020886223
vn 0.11895990980489048 0.3126014653693624 0.9424058911679932
vn 0.11895147891812075 0.3125942356129477 0.9424093534790223
vn 0.13338580407143302 0.16044967682426495 0.977989840683024
vn 0.13338935642304303 0.16045315918125025 0.9779887848548177
vn 0.1445257140503722 0.004349262517544806 0.9894914865191028
vn 0.1445301403346961 0.0043539248041208345 0.9894908194994196
vn 0.1521119219152212 -0.1518598323859214 0.9766271317749563
vn 0.1521112836122814 -0.15186051560877759 0.9766271249544837
vn 0.15594275990978013 -0.30431416705553005 0.9397205666372422
vn 0.15595153230888598 -0.30430510536631034 0.9397220452977089
vn 0.15595164304474912 -0.44929958609832615 0.8796641216757203
vn 0.15594265054368958 -0.44930811594841474 0.8796613590946771
vn 0.15211125935923883 -0.5831986004044101 0.7979608745185968
vn 0.15211194526920713 -0.5831980322063803 0.7979611590403531
vn 0.14453041146802217 -0.7027511474928155 0.6966001613970637
vn 0.14452546004887273 -0.7027545409431029 0.6965977652716885
vn 0.1333896391304371 -0.8049979772006246 0.5780877622606748
vn 0.13338554738358904 -0.8050001563815515 0.5780856718297541
vn 0.08173191861634965 -0.9852273510420015 0.1504890701614284
vn 0.0817341945887956 -0.985227041742908 0.150489858972089
vn 0.05987865952970755 -0.9981961557092734 -0.004356702899400045
vn 0.05986036855656887 -0.9981972348293886 -0.004360809011424438
vn 0.036525448788841106 -0.9865870207792956 -0.15909727219725528
vn 0.03652651245238378 -0.9865869953924675 -0.15909718542617082
vn 0.012277300430998565 -0.9506887708634507 -0.3099034185811258
vn 0.024249270440944326 0.8924732130605627 0.4504481511255625
vn 0.07212938019080573 0.813391923181362 0.5772269326847248
vn 0.07214145707870173 0.813395367212808 0.5772205702912044
vn 0.11825798284227008 0.7142804775262298 0.6897959473054176
vn 0.11824320996516043 0.7142737696283321 0.6898054256948603
vn 0.16146508765036421 0.5975737362827999 0.7853882194017652
vn 0.1614664405718339 0.5975746222072844 0.7853872671891771
vn 0.20069569703947462 0.4661532237507481 0.8616393730422401
vn 0.20069663411743136 0.4661540308102101 0.861638718148928
vn 0.23498063370573732 0.32325419807833605 0.916673783419152
vn 0.23498428525637866 0.323258003950599 0.9166715052647941
vn 0.2634859543564071 0.17240461460378315 0.9491321302749235
vn 0.2634822737174764 0.17240030648341279 0.9491339345746176
vn 0.2854989415474681 0.017307142739206693 0.9582227388167535
vn 0.2855000968616964 0.01730856392394098 0.9582223689242768
vn 0.3004682034670317 -0.13823185843684474 0.9437217874026173
vn 0.3004832474016966 -0.13821351030518808 0.9437196848641278
vn 0.3080716692510589 -0.2903289490859915 0.9059806553826026
vn 0.3080529802716017 -0.29035042129689875 0.9059801290307077
vn 0.3080524898790072 -0.4353339918984246 0.8459243340731646
vn 0.308072153637099 -0.4353136677127757 0.84592763216238
vn 0.3004844679734096 -0.5695651161214115 0.7650520655513193
vn 0.3004670282494574 -0.5695806424771628 0.7650473558220054
vn 0.28550025169745924 -0.6898036026821093 0.6653274351832111
vn 0.2854987964864265 -0.6898046706560435 0.6653269523669618
vn 0.26348162070795594 -0.7930468839965674 0.5492304391896393
vn 0.2634865472817931 -0.793044043250257 0.549232177559549
vn 0.2349850300966989 -0.876760834096304 0.4196099086356361
vn 0.23497998270532658 -0.8767629960247157 0.4196082179004233
vn 0.16146669897901206 -0.9779015610378456 0.1328045256780273
vn 0.16146488805998677 -0.977901907581463 0.13280417565841807
vn 0.1182409285380935 -0.9928340585586948 -0.01730939006204618
vn 0.11825953590995901 -0.9928318671943718 -0.01730796492077558
vn 0.0721427340776887 -0.9833145468328844 -0.16699679010877785
vn 0.07212873389082458 -0.9833157256735764 -0.1669958963278879
vn 0.024249270440944326 -0.9495888032162983 -0.3125589187486422
vn 0.035620837733145005 0.8942757318689527 0.4460964820635086
vn 0.10598493231964079 0.8187598777457628 0.5642689577807246
vn 0.10597365275728697 0.8187555620123547 0.564277338367501
vn 0.17373693485471936 0.723070667412317 0.6685688351958934
vn 0.1737432082945887 0.723074356601776 0.6685632149590873
vn 0.23720963686166036 0.609580176432109 0.7564017429124275
vn 0.23721235734600207 0.6095824589199386 0.7563990503031283
vn 0.2948390578224914 0.4810767210770618 0.8256119660107215
vn 0.29484344631674353 0.48108153729242187 0.8256075924072077
vn 0.34521839537456006 0.3407315130819861 0.8744863037737494
vn 0.34521378626849436 0.34072545565683665 0.8744904834459958
vn 0.38708128300756156 0.19199241925637794 0.9018353459990927
vn 0.38708967964621865 0.1920045772802968 0.9018291535622491
vn 0.41942917687813225 0.03853764984324493 0.906969688097619
vn 0.4194224437063582 0.03852766881732845 0.906973225873228
vn 0.4414481303966569 -0.1158673794642977 0.8897742964063261
vn 0.4414434028740103 -0.11587412717023038 0.8897757631625801
vn 0.4525843236452282 -0.2674412236253173 0.8506718649963595
vn 0.4525932578350592 -0.2674295419021694 0.8506707841934172
vn 0.4525936309739077 -0.41240446947703274 0.7906209956466002
vn 0.4525839551075458 -0.41241559419600354 0.790620731604711
vn 0.4414427728887112 -0.5472359615556703 0.7110985027719905
vn 0.44144873702717324 -0.5472301426788855 0.7110992782451411
vn 0.41942091606190823 -0.6685764523550841 0.6140778635694987
vn 0.419430608088211 -0.6685686936920614 0.6140796909307815
vn 0.38709226424729665 -0.7734506067164038 0.501930012979826
vn 0.38707893627379814 -0.7734590610052303 0.5019272636966958
vn 0.3452121323969135 -0.8592901297499773 0.3774242394974694
vn 0.34521984093164865 -0.8592864002545744 0.3774256797896278
vn 0.2948450578295173 -0.9239671539374881 0.24362079204814857
vn 0.2948377182635046 -0.9239697537159465 0.2436198146852252
vn 0.23721325886082156 -0.9658943410046581 0.10381710762589172
vn 0.23720894059124206 -0.9658954234930669 0.10381690314553746
vn 0.1737448487362266 -0.9840362130939873 -0.03854165094116435
vn 0.1737358182779147 -0.9840378318384285 -0.038541029540325296
vn 0.10597169405941843 -0.9779514282349422 -0.1799472257952705
vn 0.10598592400107214 -0.9779493284743059 -0.17995025659968664
vn 0.035620837733145005 -0.9477862817856693 -0.31691058672452904
vn 0.04611824468679212 0.8967374856889576 0.4401533701646007
vn 0.13720906935976193 0.8260807505574309 0.5465933267465858
vn 0.13720496093013201 0.8260786491042954 0.5465975340139977
vn 0.22493426840358896 0.7350785765899599 0.6395811607108364
vn 0.22492960361550515 0.7350749321684587 0.6395869897949049
vn 0.30711083680245366 0.625975062448332 0.716825051955708
vn 0.3071142175558233 0.6259788629093902 0.716820284705826
vn 0.3817402136657312 0.5014589494584948 0.7764105429979842
vn 0.38173400054824175 0.5014497570267729 0.7764195347898103
vn 0.4469605806051567 0.3645866511805539 0.816886046622202
vn 0.44696269028620067 0.3645903603222577 0.8168832368534736
vn 0.5011684362168716 0.2187555329019124 0.8372432235406484
vn 0.501169940926915 0.21875837788311409 0.8372415794842377
vn 0.5430385208907884 0.0675169296911563 0.8369890256352375
vn 0.5430429558586332 0.06752521378679194 0.8369854799190765
vn 0.57154211494948 -0.08536458809215962 0.81612039426725
vn 0.5715392211795942 -0.08536959413424555 0.8161218971763822
vn 0.5859763526659933 -0.23615034255000728 0.775154648976431
vn 0.5859712683652946 -0.23615812079130336 0.7751561227486294
vn 0.5859709601203078 -0.38113513587657405 0.715104217646652
vn 0.5859766571185336 -0.3811276803119456 0.7151035230036444
vn 0.5715386388917691 -0.5167234143915189 0.6374484271478867
vn 0.5715426756482402 -0.5167190103871072 0.6374483776882793
vn 0.5430445388542082 -0.6395804720327186 0.5440950731398194
vn 0.5430370378573144 -0.6395871411554439 0.5440947200476772
vn 0.501170695809725 -0.7467031922027049 0.43733542780786305
vn 0.5011677508178971 -0.7467052785745814 0.437335240392296
vn 0.44696395015453977 -0.8354263373595285 0.31982192249483654
vn 0.44695947943347575 -0.8354288029396644 0.31982172997367736
vn 0.38173020360130233 -0.9035931390157631 0.19442605479242875
vn 0.3817433699290556 -0.9035876089562571 0.19442590479646105
vn 0.30711604330160147 -0.9495015861733695 0.06423763539409345
vn 0.3071094266248417 -0.9495036821720888 0.06423828780257129
vn 0.22492768481357042 -0.9720330054278472 -0.06752312909895286
vn 0.22493557447652665 -0.9720310596771545 -0.06752485733285962
vn 0.1372038836444174 -0.9706284765119644 -0.1976245300992572
vn 0.13720961475606258 -0.9706272298933732 -0.19762667382721885
vn 0.04611824468679211 -0.9453245898803382 -0.3228537242693346
vn 0.05548344336792806 0.8997984645161099 0.4327635737518689
vn 0.16506727880740493 0.8351852591113528 0.5246125965226349
vn 0.16506727880740496 0.8351852591113529 0.524612596522635
vn 0.2705967068175327 0.7500012410042104 0.6035524507047012
vn 0.2705967068175327 0.7500012410042104 0.6035524507047012
vn 0.3694577959867145 0.6463550077298845 0.6676272470227231
vn 0.3694577959867145 0.6463550077298845 0.6676272470227231
vn 0.45923203024383863 0.5267797697301154 0.7152684926663615
vn 0.4592320302438386 0.5267797697301154 0.7152684926663614
vn 0.5376903244798535 0.39424335287449574 0.7452927570257379
vn 0.5376903244798534 0.39424335287449574 0.7452927570257379
vn 0.6029045092923989 0.2520108422090159 0.7569654470872462
vn 0.6029045092923989 0.25201084220901593 0.7569654470872461
vn 0.6532808468673986 0.10355563860396927 0.750000243219653
vn 0.6532808468673986 0.10355563860396932 0.7500002432196531
vn 0.6875695001265193 -0.0474468005928156 0.7245667557991285
vn 0.6875695001265193 -0.04744680059281564 0.7245667557991285
vn 0.7049271057222622 -0.19727881123395577 0.6812920418265223
vn 0.7049271057222622 -0.19727881123395577 0.6812920418265223
vn 0.7049271057222624 -0.34224903753601194 0.6212434079519139
vn 0.7049271057222624 -0.34224903753601194 0.6212434079519139
vn 0.6875695001265193 -0.47879611200311517 0.545896020892687
vn 0.6875695001265193 -0.4787961120031152 0.545896020892687
vn 0.6532808468673986 -0.6035551521591467 0.45710536358520654
vn 0.6532808468673986 -0.6035551521591467 0.4571053635852066
vn 0.6029045092923989 -0.7134539762178266 0.3570568253007703
vn 0.6029045092923988 -0.7134539762178265 0.35705682530077026
vn 0.4592320302438386 -0.8782607489015172 0.13328165416541193
vn 0.45923203024383863 -0.8782607489015172 0.133281654165412
vn 0.3694577959867145 -0.9291257626943585 0.015041744654989198
vn 0.3694577959867145 -0.9291257626943585 0.015041744654989198
vn 0.2705967068175327 -0.9571069941074569 -0.10355493271734956
vn 0.2705967068175327 -0.9571069941074569 -0.10355493271734956
vn 0.16506727880740496 -0.9615222847617189 -0.21960803576764396
vn 0.16506727880740493 -0.9615222847617187 -0.21960803576764396
vn 0.05548344336792806 -0.9422636536110554 -0.33024353831011316
vn 0.06348211090704782 0.9033823496132534 0.42411124955844237
vn 0.18885972085536365 0.8458458973525883 0.49887545917816917
vn 0.18886217846203196 0.8458483966872998 0.4988702911259598
vn 0.3095953486571552 0.7674749313070772 0.5613670367104322
vn 0.3095976899436427 0.7674790003295211 0.5613601824450672
vn 0.42270776744127125 0.6702147333478099 0.6100248802699282
vn 0.42270636259044764 0.6702106428696524 0.6100303477777155
vn 0.5254141216693834 0.5564334663756615 0.6436783344556163
vn 0.5254163765097407 0.5564431720806162 0.6436681035597742
vn 0.615181512180641 0.4289650426131142 0.6614685928198474
vn 0.6151807465103304 0.42896115917143895 0.6614718233192461
vn 0.6897968164143969 0.2909428701609234 0.6629725472197827
vn 0.6897961911438525 0.2909398960701441 0.6629745029472306
vn 0.7474373780734479 0.14574396228772535 0.6481481800602112
vn 0.7474351521252757 0.14573527449124934 0.648152700477616
vn 0.7866653136419565 -0.0030446848201522445 0.6173721845102422
vn 0.7866670446761997 -0.0030393984540443286 0.617370004841061
vn 0.8065207574009012 -0.15175800983586488 0.5713963373457466
vn 0.8065242522884206 -0.1517497115599528 0.5713936082177289
vn 0.8065246765535709 -0.296727006964717 0.5113423798668745
vn 0.806520338361524 -0.29673507072943295 0.5113445429535856
vn 0.7866678461384481 -0.43439374824954535 0.43869781323093654
vn 0.7866645419020937 -0.4343985972129142 0.43869893691849965
vn 0.7474329733232553 -0.5613689717506455 0.35525881825055505
vn 0.7474394193239965 -0.5613614572439812 0.3552571304865262
vn 0.6897951521459795 -0.674520987527258 0.26306669394120924
vn 0.6897977597832188 -0.6745185646180212 0.2630660688566607
vn 0.525421602656595 -0.8486031769504232 0.06168295981406857
vn 0.5254097775328431 -0.8486102217603261 0.06168676678817253
vn 0.4227038496824646 -0.9052681458821941 -0.042556309927425706
vn 0.4227097084205393 -0.9052652937048283 -0.04255878781795692
vn 0.3096003310442566 -0.9396306822659435 -0.14574572364815552
vn 0.30959355101306335 -0.9396335172189513 -0.14574184879390215
vn 0.18886366135392602 -0.9508597086665147 -0.24534940769160282
vn 0.18885897015437758 -0.9508615871032575 -0.2453457388333909
vn 0.06348211090704782 -0.9386797259560427 -0.338895844875493
vn 0.06991490275135046 0.9073995023798711 0.41441289730657727
vn 0.20799264675707743 0.8577949313274923 0.47002863177028786
vn 0.2079962503988519 0.8578010975970393 0.4700157835449069
vn 0.34096770671081134 0.7870693202453322 0.5140650815888209
vn 0.34096651314461585 0.7870647024521169 0.5140729433338849
vn 0.4655464879129274 0.6969625639998918 0.5454444536106636
vn 0.4655462625777619 0.6969599152132933 0.5454480305086424
vn 0.5786632772554172 0.5896953945764426 0.5633898767029398
vn 0.578663185328874 0.5896900212464353 0.5633955952857814
vn 0.6775305296358588 0.4678967779931332 0.5674724544460262
vn 0.6775306261955146 0.46790342046528655 0.5674668621902068
vn 0.7597102939981336 0.33460182216544826 0.5575678342559148
vn 0.7597095986882801 0.3345885335655381 0.5575767560321675
vn 0.8231858202557283 0.19303997378015422 0.5339481939784619
vn 0.8231871011058368 0.19305095126095315 0.5339422504262145
vn 0.8663859780482281 0.04674346494761176 0.4971824469207526
vn 0.8663874883921969 0.04675098821776042 0.49717910762432893
vn 0.8882629270565066 -0.10070429294656504 0.44816025905823004
vn 0.8882589137537639 -0.10071758463481761 0.44816522654297025
vn 0.8882581814325698 -0.24569208916843754 0.38811441668424584
vn 0.888263650366197 -0.24567908134915153 0.388110134402022
vn 0.8663887248183306 -0.38461156041241296 0.31850357157306125
vn 0.8663847874769814 -0.3846186105076368 0.318505768361643
vn 0.8231900993759708 -0.514054901903987 0.24105106952233527
vn 0.8231830113242388 -0.5140647471232231 0.24105427943161467
vn 0.5786600225724021 -0.8153568429497325 -0.01859561592291648
vn 0.5786659063409968 -0.8153525989510902 -0.018598608073069626
vn 0.465544493297002 -0.8785158626420841 -0.10713637966196549
vn 0.4655478544138996 -0.8785138253137201 -0.10713848040395851
vn 0.3409632938510981 -0.920044007503517 -0.19303641237621075
vn 0.3409698980645358 -0.9200404448956223 -0.19304172701808697
vn 0.20800009483878412 -0.9389081134149495 -0.2742034192176262
vn 0.2079907006265172 -0.9389131506406 -0.27419329679449284
vn 0.06991490275135046 -0.9346625112747509 -0.3485941714814604
vn 0.07462511481454201 0.9117512140937406 0.4039069395758218
vn 0.22201454636862086 0.8707519655767653 0.43874885258532076
vn 0.22201326949994787 0.8707459177329969 0.43876150117947316
vn 0.36394983215965515 0.8082983311028907 0.46281133046549366
vn 0.36394935409962503 0.8083078261457999 0.4627951229668668
vn 0.49692191823248916 0.7259481847255689 0.4754659191506737
vn 0.4969221089919411 0.7259470721727613 0.4754674184408403
vn 0.6176613650633119 0.6257197456883403 0.47641288601783743
vn 0.6176615536023256 0.6257187926667815 0.47641389327473116
vn 0.7231901168811748 0.5100871735253534 0.46562552577184674
vn 0.7231908515826478 0.5100827988858054 0.4656291769938688
vn 0.8109091839315692 0.38189059711112716 0.44338004832597433
vn 0.8109086649937383 0.3818955217645337 0.4433767556991097
vn 0.8786587727480729 0.2443008562475856 0.41021439846688346
vn 0.878658810116193 0.2442992170883384 0.410215294613964
vn 0.9247806687177041 0.10069864830434802 0.36693391366254646
vn 0.9247790782611098 0.10067705669656374 0.36694384674694985
vn 0.9481225538563206 -0.04541123466966596 0.3146449469397931
vn 0.948127284548322 -0.04538519584703002 0.31463444867489004
vn 0.9481287938839525 -0.1903695317114167 0.2545805012253246
vn 0.9481210631103246 -0.1903951974461433 0.2545900989355084
vn 0.9247753217967865 -0.33067264449042616 0.1882716292524147
vn 0.9247842858150629 -0.3306519696754975 0.18826390960361475
vn 0.8786583335918944 -0.46281270790667667 0.11731977757225992
vn 0.8786592191918349 -0.462811183506753 0.11731915849627314
vn 0.8109106747395302 -0.5835526877077889 0.04347572037926464
vn 0.8109073591376819 -0.583557135521803 0.04347786192924777
vn 0.7231885592591526 -0.6899348768888239 -0.0314352256087753
vn 0.7231921204435963 -0.6899310364349143 -0.03143758725061341
vn 0.6176609515957829 -0.7793259206129511 -0.10557489443313828
vn 0.6176618654865951 -0.779325104680153 -0.1055755707485787
vn 0.49692131373049864 -0.8495287078508446 -0.17711629653318223
vn 0.49692253248884183 -0.8495277705843541 -0.17711737269633676
vn 0.3639563764049951 -0.8988035624254899 -0.24431109726206512
vn 0.36394505251359655 -0.8988115901930775 -0.24429843242531613
vn 0.22200933964167638 -0.9259620037346881 -0.305460669729359
vn 0.22201653570060262 -0.925956691890859 -0.3054715414208662
vn 0.07462511481454201 -0.9303108021831205 -0.35910013029838295
vn 0.0774994164625935 0.916332708696142 0.39284628981517583
vn 0.23056386442815824 0.8843759332161363 0.4058565179568294
vn 0.23056379397724783 0.884376392609776 0.4058555569427831
vn 0.3779646818110061 0.8306488417793068 0.4088584118667502
vn 0.377968062402474 0.830639469310463 0.4088743276697033
vn 0.5160645665479027 0.7564593599675179 0.40180418100271015
vn 0.516063956145517 0.7564607738344391 0.4018023031507407
vn 0.6414544583491038 0.6636437269382953 0.3848547538481335
vn 0.6414542776406875 0.6636441617422585 0.3848543052661345
vn 0.7510463256565062 0.5544839824562836 0.35843678650116434
vn 0.7510432574438771 0.554492703287409 0.3584297245613315
vn 0.8421417431400724 0.4316820244781405 0.32318402529124846
vn 0.8421428405099775 0.43167785950820375 0.32318672897908773
vn 0.9125049375658743 0.2982465202696559 0.2799709843268435
vn 0.9125058526798624 0.2982408817943315 0.27997400817136076
vn 0.9604002072896698 0.15745806311727498 0.22986604837886743
vn 0.9604001618658149 0.1574589111846424 0.229865657236273
vn 0.9846438972092647 0.012824540944865962 0.1741032074319846
vn 0.9846431852690375 0.012812842261335923 0.17410809509161246
vn 0.9846424861079976 -0.132181328536553 0.11404942322245143
vn 0.9846445877621904 -0.1321697140637736 0.1140447389182264
vn 0.9604003149946896 -0.27387924149211107 0.051199570679909115
vn 0.960400059837917 -0.2738800713386576 0.05119991784033827
vn 0.9125041408550335 -0.40886343165737205 -0.012918481945448344
vn 0.9125065412806961 -0.40885799410824997 -0.012921020614484389
vn 0.8421410556636474 -0.5337724856551154 -0.07671620378562317
vn 0.8421433637620408 -0.5337685271430384 -0.07671840915390946
vn 0.7510480779045589 -0.6455286521739576 -0.13863456963665854
vn 0.7510421124382641 -0.6455368254059419 -0.13862882957411374
vn 0.6414545681845726 -0.7414001615775823 -0.1971340593806113
vn 0.6414542168347472 -0.7414005641372087 -0.19713368865303088
vn 0.5160650249116363 -0.8190151282849103 -0.2507809994864128
vn 0.5160637410564219 -0.8190164273669392 -0.25077939881486644
vn 0.3779607750031818 -0.8764709929147838 -0.2982352278621147
vn 0.3779696422103252 -0.8764623631310653 -0.29824935135236713
vn 0.23056410344753064 -0.9123317100977228 -0.33836525375930837
vn 0.2305637077665808 -0.9123321412141309 -0.3383643609610295
vn 0.0774994164625935 -0.9257293476343659 -0.3701607966497926
vn 0.0784657450447222 0.9210310367433581 0.3815035467856513
vn 0.23343814331771082 0.8983542690020299 0.3721105220364085
vn 0.23343814331771082 0.8983542690020299 0.3721105220364085
vn 0.38268059935456816 0.8535544747347626 0.3535538396593819
vn 0.3826805993545683 0.8535544747347628 0.353553839659382
vn 0.5224967654516844 0.7877378151022435 0.3262916866094987
vn 0.5224967654516844 0.7877378151022436 0.3262916866094987
vn 0.6494497928492555 0.7025221314705633 0.2909941947223618
vn 0.6494497928492556 0.7025221314705633 0.2909941947223618
vn 0.7604044756365256 0.6000133710071223 0.2485336758763496
vn 0.7604044756365255 0.6000133710071222 0.2485336758763496
vn 0.8526412669420403 0.4827240674041617 0.19995085560270784
vn 0.8526412669420405 0.4827240674041617 0.19995085560270784
vn 0.9238807059775784 0.3535507732328375 0.14644552526053592
vn 0.9238807059775784 0.3535507732328375 0.14644552526053592
vn 0.9723716538671723 0.21566872271866944 0.08933290992975532
vn 0.9723716538671723 0.21566872271866944 0.08933290992975532
vn 0.9969168103982282 0.07249289585006777 0.030027540636798324
vn 0.9969168103982281 0.07249289585006777 0.030027540636798324
vn 0.9969168103982281 -0.07249289585006777 -0.030027540636798324
vn 0.9969168103982282 -0.07249289585006777 -0.030027540636798324
vn 0.9723716538671723 -0.21566872271866944 -0.08933290992975532
vn 0.9723716538671723 -0.21566872271866944 -0.08933290992975532
vn 0.9238807059775784 -0.3535507732328375 -0.14644552526053592
vn 0.9238807059775784 -0.3535507732328375 -0.14644552526053592
vn 0.8526412669420405 -0.4827240674041617 -0.19995085560270784
vn 0.8526412669420403 -0.4827240674041617 -0.19995085560270784
vn 0.7604044756365255 -0.6000133710071222 -0.2485336758763496
vn 0.7604044756365256 -0.6000133710071223 -0.2485336758763496
vn 0.6494497928492556 -0.7025221314705633 -0.2909941947223618
vn 0.6494497928492555 -0.7025221314705633 -0.2909941947223618
vn 0.5224967654516844 -0.7877378151022436 -0.3262916866094987
vn 0.5224967654516844 -0.7877378151022435 -0.3262916866094987
vn 0.3826805993545683 -0.8535544747347628 -0.353553839659382
vn 0.38268059935456816 -0.8535544747347626 -0.3535538396593819
vn 0.23343814331771082 -0.8983542690020299 -0.3721105220364085
vn 0.23343814331771082 -0.8983542690020299 -0.3721105220364085
vn 0.0784657450447222 -0.9210310367433581 -0.3815035467856513
vn 0.0774994164625935 0.9257293476343659 0.3701607966497926
vn 0.2305637077665808 0.9123321412141309 0.3383643609610295
vn 0.23056410344753064 0.9123317100977228 0.33836525375930837
vn 0.3779696422103252 0.8764623631310653 0.29824935135236713
vn 0.3779607750031818 0.8764709929147838 0.2982352278621147
vn 0.5160637410564219 0.8190164273669392 0.25077939881486644
vn 0.5160650249116363 0.8190151282849103 0.2507809994864128
vn 0.6414542168347472 0.7414005641372087 0.19713368865303088
vn 0.6414545681845726 0.7414001615775823 0.1971340593806113
vn 0.7510421124382641 0.6455368254059419 0.13862882957411374
vn 0.7510480779045589 0.6455286521739576 0.13863456963665854
vn 0.8421433637620408 0.5337685271430384 0.07671840915390946
vn 0.8421410556636474 0.5337724856551154 0.07671620378562317
vn 0.9125065412806961 0.40885799410824997 0.012921020614484389
vn 0.9125041408550335 0.40886343165737205 0.012918481945448344
vn 0.960400059837917 0.2738800713386576 -0.05119991784033827
vn 0.9604003149946896 0.27387924149211107 -0.051199570679909115
vn 0.9846445877621904 0.1321697140637736 -0.1140447389182264
vn 0.9846424861079976 0.132181328536553 -0.11404942322245143
vn 0.9846431852690375 -0.012812842261335923 -0.17410809509161246
vn 0.9846438972092647 -0.012824540944865962 -0.1741032074319846
vn 0.9604001618658149 -0.1574589111846424 -0.229865657236273
vn 0.9604002072896698 -0.15745806311727498 -0.22986604837886743
vn 0.9125058526798624 -0.2982408817943315 -0.27997400817136076
vn 0.9125049375658743 -0.2982465202696559 -0.2799709843268435
vn 0.8421428405099775 -0.43167785950820375 -0.32318672897908773
vn 0.8421417431400724 -0.4316820244781405 -0.32318402529124846
vn 0.7510432574438771 -0.554492703287409 -0.3584297245613315
vn 0.7510463256565062 -0.5544839824562836 -0.35843678650116434
vn 0.6414542776406875 -0.6636441617422585 -0.3848543052661345
vn 0.6414544583491038 -0.6636437269382953 -0.3848547538481335
vn 0.516063956145517 -0.7564607738344391 -0.4018023031507407
vn 0.5160645665479027 -0.7564593599675179 -0.40180418100271015
vn 0.377968062402474 -0.830639469310463 -0.4088743276697033
vn 0.3779646818110061 -0.8306488417793068 -0.4088584118667502
vn 0.23056379397724783 -0.884376392609776 -0.4058555569427831
vn 0.23056386442815824 -0.8843759332161363 -0.4058565179568294
vn 0.0774994164625935 -0.916332708696142 -0.39284628981517583
vn 0.07462511481454201 0.9303108021831205 0.35910013029838295
vn 0.22201653570060262 0.925956691890859 0.3054715414208662
vn 0.22200933964167638 0.9259620037346881 0.305460669729359
vn 0.36394505251359655 0.8988115901930775 0.24429843242531613
vn 0.3639563764049951 0.8988035624254899 0.24431109726206512
vn 0.49692253248884183 0.8495277705843541 0.17711737269633676
vn 0.49692131373049864 0.8495287078508446 0.17711629653318223
vn 0.6176618654865951 0.779325104680153 0.1055755707485787
vn 0.6176609515957829 0.7793259206129511 0.10557489443313828
vn 0.7231921204435963 0.6899310364349143 0.03143758725061341
vn 0.7231885592591526 0.6899348768888239 0.0314352256087753
vn 0.8109073591376819 0.583557135521803 -0.04347786192924777
vn 0.8109106747395302 0.5835526877077889 -0.04347572037926464
vn 0.8786592191918349 0.462811183506753 -0.11731915849627314
vn 0.8786583335918944 0.46281270790667667 -0.11731977757225992
vn 0.9247842858150629 0.3306519696754975 -0.18826390960361475
vn 0.9247753217967865 0.33067264449042616 -0.1882716292524147
vn 0.9481210631103246 0.1903951974461433 -0.2545900989355084
vn 0.9481287938839525 0.1903695317114167 -0.2545805012253246
vn 0.948127284548322 0.04538519584703002 -0.31463444867489004
vn 0.9481225538563206 0.04541123466966596 -0.3146449469397931
vn 0.9247790782611098 -0.10067705669656374 -0.36694384674694985
vn 0.9247806687177041 -0.10069864830434802 -0.36693391366254646
vn 0.878658810116193 -0.2442992170883384 -0.410215294613964
vn 0.8786587727480729 -0.2443008562475856 -0.41021439846688346
vn 0.8109086649937383 -0.3818955217645337 -0.4433767556991097
vn 0.8109091839315692 -0.38189059711112716 -0.44338004832597433
vn 0.7231908515826478 -0.5100827988858054 -0.4656291769938688
vn 0.7231901168811748 -0.5100871735253534 -0.46562552577184674
vn 0.6176615536023256 -0.6257187926667815 -0.47641389327473116
vn 0.6176613650633119 -0.6257197456883403 -0.47641288601783743
vn 0.4969221089919411 -0.7259470721727613 -0.4754674184408403
vn 0.49692191823248916 -0.7259481847255689 -0.4754659191506737
vn 0.36394935409962503 -0.8083078261457999 -0.4627951229668668
vn 0.36394983215965515 -0.8082983311028907 -0.46281133046549366
vn 0.22201326949994787 -0.8707459177329969 -0.43876150117947316
vn 0.22201454636862086 -0.8707519655767653 -0.43874885258532076
vn 0.07462511481454201 -0.9117512140937406 -0.4039069395758218
vn 0.06991490275135046 0.9346625112747509 0.3485941714814604
vn 0.2079907006265172 0.9389131506406 0.27419329679449284
vn 0.20800009483878412 0.9389081134149495 0.2742034192176262
vn 0.3409698980645358 0.9200404448956223 0.19304172701808697
vn 0.3409632938510981 0.920044007503517 0.19303641237621075
vn 0.4655478544138996 0.8785138253137201 0.10713848040395851
vn 0.465544493297002 0.8785158626420841 0.10713637966196549
vn 0.5786659063409968 0.8153525989510902 0.018598608073069626
vn 0.5786600225724021 0.8153568429497325 0.01859561592291648
vn 0.6775276925768499 0.7321194964571996 -0.07040787384054654
vn 0.6775338721667383 0.7321140400301899 -0.07040514510616021
vn 0.7597148998746884 0.6308523187449405 -0.15766617532788843
vn 0.759704526134708 0.6308637201649387 -0.15767054116128582
vn 0.8231830113242388 0.5140647471232231 -0.24105427943161467
vn 0.8231900993759708 0.514054901903987 -0.24105106952233527
vn 0.8663847874769814 0.3846186105076368 -0.318505768361643
vn 0.8663887248183306 0.38461156041241296 -0.31850357157306125
vn 0.888263650366197 0.24567908134915153 -0.388110134402022
vn 0.8882581814325698 0.24569208916843754 -0.38811441668424584
vn 0.8882589137537639 0.10071758463481761 -0.44816522654297025
vn 0.8882629270565066 0.10070429294656504 -0.44816025905823004
vn 0.8663874883921969 -0.04675098821776042 -0.49717910762432893
vn 0.8663859780482281 -0.04674346494761176 -0.4971824469207526
vn 0.8231871011058368 -0.19305095126095315 -0.5339422504262145
vn 0.8231858202557283 -0.19303997378015422 -0.5339481939784619
vn 0.7597095986882801 -0.3345885335655381 -0.5575767560321675
vn 0.7597102939981336 -0.33460182216544826 -0.5575678342559148
vn 0.6775306261955146 -0.46790342046528655 -0.5674668621902068
vn 0.6775305296358588 -0.4678967779931332 -0.5674724544460262
vn 0.578663185328874 -0.5896900212464353 -0.5633955952857814
vn 0.5786632772554172 -0.5896953945764426 -0.5633898767029398
vn 0.4655462625777619 -0.6969599152132933 -0.5454480305086424
vn 0.4655464879129274 -0.6969625639998918 -0.5454444536106636
vn 0.34096651314461585 -0.7870647024521169 -0.5140729433338849
vn 0.34096770671081134 -0.7870693202453322 -0.5140650815888209
vn 0.2079962503988519 -0.8578010975970393 -0.4700157835449069
vn 0.20799264675707743 -0.8577949313274923 -0.47002863177028786
vn 0.06991490275135046 -0.9073995023798711 -0.41441289730657727
vn 0.06348211090704782 0.9386797259560427 0.338895844875493
vn 0.18885897015437758 0.9508615871032575 0.2453457388333909
vn 0.18886366135392602 0.9508597086665147 0.24534940769160282
vn 0.30959355101306335 0.9396335172189513 0.14574184879390215
vn 0.3096003310442566 0.9396306822659435 0.14574572364815552
vn 0.4227097084205393 0.9052652937048283 0.04255878781795692
vn 0.4227038496824646 0.9052681458821941 0.042556309927425706
vn 0.5254097775328431 0.8486102217603261 -0.06168676678817253
vn 0.525421602656595 0.8486031769504232 -0.06168295981406857
vn 0.6151830278000451 0.7710514129096984 -0.1644066937710471
vn 0.6151790124851475 0.7710543927968982 -0.16440774296366165
vn 0.6897977597832188 0.6745185646180212 -0.2630660688566607
vn 0.6897951521459795 0.674520987527258 -0.26306669394120924
vn 0.7474394193239965 0.5613614572439812 -0.3552571304865262
vn 0.7474329733232553 0.5613689717506455 -0.35525881825055505
vn 0.7866645419020937 0.4343985972129142 -0.43869893691849965
vn 0.7866678461384481 0.43439374824954535 -0.43869781323093654
vn 0.806520338361524 0.29673507072943295 -0.5113445429535856
vn 0.8065246765535709 0.296727006964717 -0.5113423798668745
vn 0.8065242522884206 0.1517497115599528 -0.5713936082177289
vn 0.8065207574009012 0.15175800983586488 -0.5713963373457466
vn 0.7866670446761997 0.0030393984540443286 -0.617370004841061
vn 0.7866653136419565 0.0030446848201522445 -0.6173721845102422
vn 0.7474351521252757 -0.14573527449124934 -0.648152700477616
vn 0.7474373780734479 -0.14574396228772535 -0.6481481800602112
vn 0.6897961911438525 -0.2909398960701441 -0.6629745029472306
vn 0.6897968164143969 -0.2909428701609234 -0.6629725472197827
vn 0.6151807465103304 -0.42896115917143895 -0.6614718233192461
vn 0.615181512180641 -0.4289650426131142 -0.6614685928198474
vn 0.5254163765097407 -0.5564431720806162 -0.6436681035597742
vn 0.5254141216693834 -0.5564334663756615 -0.6436783344556163
vn 0.42270636259044764 -0.6702106428696524 -0.6100303477777155
vn 0.42270776744127125 -0.6702147333478099 -0.6100248802699282
vn 0.3095976899436427 -0.7674790003295211 -0.5613601824450672
vn 0.3095953486571552 -0.7674749313070772 -0.5613670367104322
vn 0.18886217846203196 -0.8458483966872998 -0.4988702911259598
vn 0.18885972085536365 -0.8458458973525883 -0.49887545917816917
vn 0.06348211090704782 -0.9033823496132534 -0.42411124955844237
vn 0.05548344336792806 0.9422636536110554 0.33024353831011316
vn 0.16506727880740493 0.9615222847617187 0.21960803576764396
vn 0.16506727880740496 0.9615222847617189 0.21960803576764396
vn 0.2705967068175327 0.9571069941074569 0.10355493271734956
vn 0.2705967068175327 0.9571069941074569 0.10355493271734956
vn 0.3694577959867145 0.9291257626943585 -0.015041744654989198
vn 0.3694577959867145 0.9291257626943585 -0.015041744654989198
vn 0.45923203024383863 0.8782607489015172 -0.133281654165412
vn 0.4592320302438386 0.8782607489015172 -0.13328165416541193
vn 0.5376903244798535 0.8057737107173941 -0.2482294142068404
vn 0.5376903244798535 0.8057737107173942 -0.24822941420684033
vn 0.6029045092923988 0.7134539762178265 -0.35705682530077026
vn 0.6029045092923989 0.7134539762178266 -0.3570568253007703
vn 0.6532808468673986 0.6035551521591467 -0.4571053635852066
vn 0.6532808468673986 0.6035551521591467 -0.45710536358520654
vn 0.6875695001265193 0.4787961120031152 -0.545896020892687
vn 0.6875695001265193 0.47879611200311517 -0.545896020892687
vn 0.7049271057222624 0.34224903753601194 -0.6212434079519139
vn 0.7049271057222624 0.34224903753601194 -0.6212434079519139
vn 0.7049271057222622 0.19727881123395577 -0.6812920418265223
vn 0.7049271057222622 0.19727881123395577 -0.6812920418265223
vn 0.6875695001265193 0.04744680059281564 -0.7245667557991285
vn 0.6875695001265193 0.0474468005928156 -0.7245667557991285
vn 0.6532808468673986 -0.10355563860396932 -0.7500002432196531
vn 0.6532808468673986 -0.10355563860396927 -0.750000243219653
vn 0.6029045092923989 -0.25201084220901593 -0.7569654470872461
vn 0.6029045092923989 -0.2520108422090159 -0.7569654470872462
vn 0.5376903244798534 -0.39424335287449574 -0.7452927570257379
vn 0.5376903244798535 -0.39424335287449574 -0.7452927570257379
vn 0.4592320302438386 -0.5267797697301154 -0.7152684926663614
vn 0.45923203024383863 -0.5267797697301154 -0.7152684926663615
vn 0.3694577959867145 -0.6463550077298845 -0.6676272470227231
vn 0.3694577959867145 -0.6463550077298845 -0.6676272470227231
vn 0.2705967068175327 -0.7500012410042104 -0.6035524507047012
vn 0.2705967068175327 -0.7500012410042104 -0.6035524507047012
vn 0.16506727880740496 -0.8351852591113529 -0.524612596522635
vn 0.16506727880740493 -0.8351852591113528 -0.5246125965226349
vn 0.05548344336792806 -0.8997984645161099 -0.4327635737518689
vn 0.04611824468679211 0.9453245898803382 0.3228537242693346
vn 0.13720961475606258 0.9706272298933732 0.19762667382721885
vn 0.1372038836444174 0.9706284765119644 0.1976245300992572
vn 0.22493557447652665 0.9720310596771545 0.06752485733285962
vn 0.22492768481357042 0.9720330054278472 0.06752312909895286
vn 0.3071094266248417 0.9495036821720888 -0.06423828780257129
vn 0.30711604330160147 0.9495015861733695 -0.06423763539409345
vn 0.3817433699290556 0.9035876089562571 -0.19442590479646105
vn 0.38173020360130233 0.9035931390157631 -0.19442605479242875
vn 0.44695947943347575 0.8354288029396644 -0.31982172997367736
vn 0.44696395015453977 0.8354263373595285 -0.31982192249483654
vn 0.5011677508178971 0.7467052785745814 -0.437335240392296
vn 0.501170695809725 0.7467031922027049 -0.43733542780786305
vn 0.5430370378573144 0.6395871411554439 -0.5440947200476772
vn 0.5430445388542082 0.6395804720327186 -0.5440950731398194
vn 0.5715426756482402 0.5167190103871072 -0.6374483776882793
vn 0.5715386388917691 0.5167234143915189 -0.6374484271478867
vn 0.5859766571185336 0.3811276803119456 -0.7151035230036444
vn 0.5859709601203078 0.38113513587657405 -0.715104217646652
vn 0.5859712683652946 0.23615812079130336 -0.7751561227486294
vn 0.5859763526659933 0.23615034255000728 -0.775154648976431
vn 0.5715392211795942 0.08536959413424555 -0.8161218971763822
vn 0.57154211494948 0.08536458809215962 -0.81612039426725
vn 0.5430429558586332 -0.06752521378679194 -0.8369854799190765
vn 0.5430385208907884 -0.0675169296911563 -0.8369890256352375
vn 0.501169940926915 -0.21875837788311409 -0.8372415794842377
vn 0.5011684362168716 -0.2187555329019124 -0.8372432235406484
vn 0.44696269028620067 -0.3645903603222577 -0.8168832368534736
vn 0.4469605806051567 -0.3645866511805539 -0.816886046622202
vn 0.38173400054824175 -0.5014497570267729 -0.7764195347898103
vn 0.3817402136657312 -0.5014589494584948 -0.7764105429979842
vn 0.3071142175558233 -0.6259788629093902 -0.716820284705826
vn 0.30711083680245366 -0.625975062448332 -0.716825051955708
vn 0.22492960361550515 -0.7350749321684587 -0.6395869897949049
vn 0.22493426840358896 -0.7350785765899599 -0.6395811607108364
vn 0.13720496093013201 -0.8260786491042954 -0.5465975340139977
vn 0.13720906935976193 -0.8260807505574309 -0.5465933267465858
vn 0.04611824468679212 -0.8967374856889576 -0.4401533701646007
vn 0.035620837733145005 0.9477862817856693 0.31691058672452904
vn 0.10598592400107214 0.9779493284743059 0.17995025659968664
vn 0.10597169405941843 0.9779514282349422 0.1799472257952705
vn 0.1737358182779147 0.9840378318384285 0.038541029540325296
vn 0.1737448487362266 0.9840362130939873 0.03854165094116435
vn 0.23720894059124206 0.9658954234930669 -0.10381690314553746
vn 0.23721325886082156 0.9658943410046581 -0.10381710762589172
vn 0.2948377182635046 0.9239697537159465 -0.2436198146852252
vn 0.2948450578295173 0.9239671539374881 -0.24362079204814857
vn 0.34521984093164865 0.8592864002545744 -0.3774256797896278
vn 0.3452121323969135 0.8592901297499773 -0.3774242394974694
vn 0.38707893627379814 0.7734590610052303 -0.5019272636966958
vn 0.38709226424729665 0.7734506067164038 -0.501930012979826
vn 0.419430608088211 0.6685686936920614 -0.6140796909307815
vn 0.41942091606190823 0.6685764523550841 -0.6140778635694987
vn 0.44144873702717324 0.5472301426788855 -0.7110992782451411
vn 0.4414427728887112 0.5472359615556703 -0.7110985027719905
vn 0.4525839551075458 0.41241559419600354 -0.790620731604711
vn 0.4525936309739077 0.41240446947703274 -0.7906209956466002
vn 0.4525932578350592 0.2674295419021694 -0.8506707841934172
vn 0.4525843236452282 0.2674412236253173 -0.8506718649963595
vn 0.4414434028740103 0.11587412717023038 -0.8897757631625801
vn 0.4414481303966569 0.1158673794642977 -0.8897742964063261
vn 0.4194224437063582 -0.03852766881732845 -0.906973225873228
vn 0.41942917687813225 -0.03853764984324493 -0.906969688097619
vn 0.38708967964621865 -0.1920045772802968 -0.9018291535622491
vn 0.38708128300756156 -0.19199241925637794 -0.9018353459990927
vn 0.34521378626849436 -0.34072545565683665 -0.8744904834459958
vn 0.34521839537456006 -0.3407315130819861 -0.8744863037737494
vn 0.29484344631674353 -0.48108153729242187 -0.8256075924072077
vn 0.2948390578224914 -0.4810767210770618 -0.8256119660107215
vn 0.23721235734600207 -0.6095824589199386 -0.7563990503031283
vn 0.23720963686166036 -0.609580176432109 -0.7564017429124275
vn 0.1737432082945887 -0.723074356601776 -0.6685632149590873
vn 0.17373693485471936 -0.723070667412317 -0.6685688351958934
vn 0.10597365275728697 -0.8187555620123547 -0.564277338367501
vn 0.10598493231964079 -0.8187598777457628 -0.5642689577807246
vn 0.035620837733145005 -0.8942757318689527 -0.4460964820635086
vn 0.024249270440944326 0.9495888032162983 0.3125589187486422
vn 0.07212873389082458 0.9833157256735764 0.1669958963278879
vn 0.0721427340776887 0.9833145468328844 0.16699679010877785
vn 0.11825953590995901 0.9928318671943718 0.01730796492077558
vn 0.1182409285380935 0.9928340585586948 0.01730939006204618
vn 0.16146488805998677 0.977901907581463 -0.13280417565841807
vn 0.16146669897901206 0.9779015610378456 -0.1328045256780273
vn 0.20069553443788749 0.9388913728891121 -0.2796503037207167
vn 0.2006968297274768 0.9388909877041762 -0.279650667342699
vn 0.23497998270532658 0.8767629960247157 -0.4196082179004233
vn 0.2349850300966989 0.876760834096304 -0.4196099086356361
vn 0.2634865472817931 0.793044043250257 -0.549232177559549
vn 0.26348162070795594 0.7930468839965674 -0.5492304391896393
vn 0.2854987964864265 0.6898046706560435 -0.6653269523669618
vn 0.28550025169745924 0.6898036026821093 -0.6653274351832111
vn 0.3004670282494574 0.5695806424771628 -0.7650473558220054
vn 0.3004844679734096 0.5695651161214115 -0.7650520655513193
vn 0.308072153637099 0.4353136677127757 -0.84592763216238
vn 0.3080524898790072 0.4353339918984246 -0.8459243340731646
vn 0.3080529802716017 0.29035042129689875 -0.9059801290307077
vn 0.3080716692510589 0.2903289490859915 -0.9059806553826026
vn 0.3004832474016966 0.13821351030518808 -0.9437196848641278
vn 0.3004682034670317 0.13823185843684474 -0.9437217874026173
vn 0.2855000968616964 -0.01730856392394098 -0.9582223689242768
vn 0.2854989415474681 -0.017307142739206693 -0.9582227388167535
vn 0.2634822737174764 -0.17240030648341279 -0.9491339345746176
vn 0.2634859543564071 -0.17240461460378315 -0.9491321302749235
vn 0.23498428525637866 -0.323258003950599 -0.9166715052647941
vn 0.23498063370573732 -0.32325419807833605 -0.916673783419152
vn 0.20069663411743136 -0.4661540308102101 -0.861638718148928
vn 0.20069569703947462 -0.4661532237507481 -0.8616393730422401
vn 0.1614664405718339 -0.5975746222072844 -0.7853872671891771
vn 0.16146508765036421 -0.5975737362827999 -0.7853882194017652
vn 0.11824320996516043 -0.7142737696283321 -0.6898054256948603
vn 0.11825798284227008 -0.7142804775262298 -0.6897959473054176
vn 0.07214145707870173 -0.813395367212808 -0.5772205702912044
vn 0.07212938019080573 -0.813391923181362 -0.5772269326847248
vn 0.024249270440944326 -0.8924732130605627 -0.4504481511255625
vn 0.012277300430998565 0.9506887708634507 0.3099034185811258
vn 0.03652651245238378 0.9865869953924675 0.15909718542617082
vn 0.036525448788841106 0.9865870207792956 0.15909727219725528
vn 0.05986036855656887 0.9981972348293886 0.004360809011424438
vn 0.05987865952970755 0.9981961557092734 0.004356702899400045
vn 0.0817341945887956 0.985227041742908 -0.150489858972089
vn 0.08173191861634965 0.9852273510420015 -0.1504890701614284
vn 0.1015939707776527 0.9479960502100105 -0.3016324814867402
vn 0.10159338994965214 0.9479961935866039 -0.30163222650083055
vn 0.11896057714970883 0.8874212102034869 -0.44534478414503403
vn 0.11895071545044932 0.8874249829715507 -0.4453399004039158
vn 0.13338554738358904 0.8050001563815515 -0.5780856718297541
vn 0.1333896391304371 0.8049979772006246 -0.5780877622606748
vn 0.14452546004887273 0.7027545409431029 -0.6965977652716885
vn 0.14453041146802217 0.7027511474928155 -0.6966001613970637
vn 0.15211194526920713 0.5831980322063803 -0.7979611590403531
vn 0.15211125935923883 0.5831986004044101 -0.7979608745185968
vn 0.15594265054368958 0.44930811594841474 -0.8796613590946771
vn 0.15595164304474912 0.44929958609832615 -0.8796641216757203
vn 0.15595153230888598 0.30430510536631034 -0.9397220452977089
vn 0.15594275990978013 0.30431416705553005 -0.9397205666372422
vn 0.1521112836122814 0.15186051560877759 -0.9766271249544837
vn 0.1521119219152212 0.1518598323859214 -0.9766271317749563
vn 0.1445301403346961 -0.0043539248041208345 -0.9894908194994196
vn 0.1445257140503722 -0.004349262517544806 -0.9894914865191028
vn 0.13338935642304303 -0.16045315918125025 -0.9779887848548177
vn 0.13338580407143302 -0.16044967682426495 -0.977989840683024
vn 0.11895147891812075 -0.3125942356129477 -0.9424093534790223
vn 0.11895990980489048 -0.3126014653693624 -0.9424058911679932
vn 0.10159343596592992 -0.45704800093723863 -0.8836209020886223
vn 0.10159393252645317 -0.45704834792713667 -0.8836206655182335
vn 0.08173208788278347 -0.590248077302801 -0.8030735165915184
vn 0.08173406384763317 -0.590249111525939 -0.8030725553458982
vn 0.05987750504142009 -0.7089175370864882 -0.7027450533452673
vn 0.05986115416259428 -0.7089117711799356 -0.7027522628244242
vn 0.03652549781449588 -0.8101209447377473 -0.5851238697118953
vn 0.036526487633659156 -0.8101211484873045 -0.5851235258257514
vn 0.012277300430998565 -0.8913732854670572 -0.45310366788384265
vn 0 0.9510585773801564 0.30901065093558355
vn 0 0.9876871789317851 0.15644179931773905
vn 0 0.9876871789317851 0.15644179931773905
vn 0 0.9999999999952985 0.0000030664265444624306
vn 0 0.9999999999952986 0.0000030664265444624314
vn 0 0.9876886707049514 -0.15643238079466298
vn 0 0.9876886707049514 -0.15643238079466296
vn 0 0.9510558073469129 -0.30901917628476033
vn 0 0.9510558073469129 -0.3090191762847604
vn 0 0.8910075657294841 -0.45398845559421375
vn 0 0.891007565729484 -0.4539884555942137
vn 0 0.8090157540136604 -0.5877869594995356
vn 0 0.8090157540136604 -0.5877869594995357
vn 0 0.7071046128922195 -0.7071089494742268
vn 0 0.7071046128922195 -0.7071089494742268
vn 0 0.5877792447550779 -0.8090213590722746
vn 0 0.5877792447550779 -0.8090213590722746
vn 0 0.4539964426357191 -0.8910034961065598
vn 0 0.45399644263571903 -0.8910034961065597
vn 0 0.30901065093558355 -0.9510585773801564
vn 0 0.30901065093558355 -0.9510585773801565
vn 0 0.15644179931773905 -0.9876871789317851
vn 0 0.15644179931773905 -0.9876871789317851
vn 0 0.0000030664265444624314 -0.9999999999952986
vn 0 0.0000030664265444624314 -0.9999999999952986
vn 0 -0.15643238079466296 -0.9876886707049514
vn 0 -0.15643238079466296 -0.9876886707049513
vn 0 -0.30901917628476033 -0.9510558073469129
vn 0 -0.30901917628476044 -0.951055807346913
vn 0 -0.4539884555942137 -0.8910075657294841
vn 0 -0.4539884555942137 -0.891007565729484
vn 0 -0.5877869594995357 -0.8090157540136604
vn 0 -0.5877869594995355 -0.8090157540136602
vn 0 -0.7071089494742268 -0.7071046128922195
vn 0 -0.7071089494742268 -0.7071046128922194
vn 0 -0.8090213590722746 -0.5877792447550779
vn 0 -0.8090213590722746 -0.5877792447550779
vn 0 -0.8910034961065597 -0.45399644263571903
vn -0.012277300430998565 0.9506887708634507 0.3099034185811258
vn -0.036526487633659156 0.9865869706211778 0.1590973447348362
vn -0.03652549781449588 0.9865870697127086 0.1590969574979182
vn -0.05986115416259429 0.9981972112016401 0.004355430126957272
vn -0.05987750504142009 0.9981961904416622 0.004364605110180887
vn -0.08173406384763317 0.9852271990192198 -0.15048890032056733
vn -0.08173208788278348 0.9852271474163222 -0.15049031133005794
vn -0.10159393252645317 0.9479961507338999 -0.3016321784351262
vn -0.10159343596592992 0.9479960726555162 -0.3016325910745623
vn -0.1189599098048905 0.8874242122465674 -0.4453389803035118
vn -0.11895147891812075 0.8874215482603875 -0.44534654073690616
vn -0.133385804071433 0.8049983028001451 -0.5780881937568897
vn -0.13338935642304303 0.8050000186150996 -0.5780849847753664
vn -0.14452571405037218 0.7027515330633312 -0.6966007470246983
vn -0.1445301403346961 0.702754358143644 -0.6965969786361037
vn -0.15211192191522116 0.5831985502989019 -0.797960784838777
vn -0.15211128361228138 0.5831980623645847 -0.7979612631274892
vn -0.15594275990978013 0.4493001739535577 -0.87966539622576
vn -0.155951532308886 0.44930762710629707 -0.879660034214707
vn -0.1559516430447491 0.3043136814889745 -0.9397192497178454
vn -0.1559426505436896 0.30430569653434514 -0.9397233277928967
vn -0.15211125935923883 0.15185986036918547 -0.9766272306181095
vn -0.15211194526920713 0.15186046333312866 -0.9766270300286929
vn -0.14453041146802217 -0.004349403979290346 -0.9894907997783049
vn -0.14452546004887276 -0.004353497827501497 -0.9894915049935132
vn -0.1333896391304371 -0.16044975170453557 -0.9779893053354953
vn -0.13338554738358904 -0.16045277077602607 -0.9779893680912266
vn -0.11895071545044929 -0.31260135974498937 -0.9424070867620903
vn -0.11896057714970883 -0.3125952386686454 -0.9424078723386711
vn -0.10159338994965214 -0.45704834424098884 -0.8836207298072567
vn -0.1015939707776527 -0.4570480625561616 -0.883620808726961
vn -0.08173191861634965 -0.5902490989266543 -0.8030727829378626
vn -0.0817341945887956 -0.5902483224458007 -0.8030731220037433
vn -0.059878659529707536 -0.7089119248201509 -0.7027506164925891
vn -0.05986036855656887 -0.708915591332959 -0.7027484760860836
vn -0.036525448788841106 -0.8101211326626344 -0.5851236125847119
vn -0.03652651245238378 -0.8101210533550138 -0.5851236559899359
vn -0.012277300430998565 -0.8913732854670572 -0.45310366788384265
vn -0.024249270440944326 0.9495888032162983 0.3125589187486422
vn -0.07212938019080573 0.9833160230287881 0.1669938662590285
vn -0.07214145707870173 0.9833139594351754 0.16700080044862156
vn -0.11825798284227011 0.9928319613026219 0.017313177353303125
vn -0.11824320996516043 0.9928339203359804 0.017301731919762697
vn -0.16146508765036421 0.9779017769875655 -0.13280489461846665
vn -0.16146644057183393 0.9779017301147981 -0.13280359485927792
vn -0.20069569703947462 0.9388911492016172 -0.2796509380293694
vn -0.2006966341174313 0.9388912567993336 -0.27964990427264896
vn -0.23498063370573732 0.8767614838998218 -0.4196110128834001
vn -0.23498428525637866 0.8767625641595123 -0.4196067108269197
vn -0.26348595435640715 0.7930462376536205 -0.5492292934652439
vn -0.2634822737174764 0.7930444671850413 -0.5492336155989208
vn -0.2854989415474681 0.6898037944983288 -0.6653277985106159
vn -0.2855000968616964 0.6898045378742133 -0.6653265320277744
vn -0.3004682034670317 0.5695673909491681 -0.7650567599025918
vn -0.3004832474016966 0.5695788783182612 -0.7650422990950518
vn -0.30807166925105883 0.4353314963714023 -0.8459186337183393
vn -0.3080529802716017 0.43531594103846855 -0.8459334446772848
vn -0.30805248987900713 0.29033121524146344 -0.9059864507462345
vn -0.308072153637099 0.290347918712207 -0.9059744114779894
vn -0.30048446797340955 0.13823014757535945 -0.9437168594488663
vn -0.3004670282494574 0.13821583850238525 -0.9437245079587699
vn -0.2855002516974593 -0.017307264015928806 -0.9582223462709324
vn -0.28549879648642656 -0.017308360590183595 -0.9582227600398994
vn -0.26348162070795594 -0.17240426148777452 -0.9491333974578937
vn -0.2634865472817931 -0.1724010235636435 -0.9491326179600654
vn -0.2349850300966989 -0.3232545194189443 -0.916672543117596
vn -0.23497998270532658 -0.32325724366351877 -0.9166728763015022
vn -0.2006968297274768 -0.4661533009591926 -0.8616390674419242
vn -0.20069553443788754 -0.4661538304456423 -0.8616390826892351
vn -0.16146669897901206 -0.5975738444635752 -0.7853878058219672
vn -0.16146488805998677 -0.5975743370081561 -0.7853878033640698
vn -0.1182409285380935 -0.7142792824908908 -0.6898001083087388
vn -0.11825953590995901 -0.7142767252352613 -0.6897995665072226
vn -0.0721427340776887 -0.8133929468272131 -0.5772238213826061
vn -0.07212873389082458 -0.813393148394932 -0.5772252869473816
vn -0.024249270440944326 -0.8924732130605627 -0.4504481511255625
vn -0.035620837733145005 0.9477862817856693 0.31691058672452904
vn -0.10598493231964079 0.9779490681773135 0.17995225525768124
vn -0.10597365275728697 0.9779519424626949 0.17994327760358272
vn -0.17373693485471936 0.9840377292613396 0.03853861514732449
vn -0.1737432082945887 0.9840363638046657 0.038545197905765494
vn -0.23720963686166036 0.9658950781467374 -0.10381852528266472
vn -0.23721235734600202 0.9658947881470649 -0.10381500735774785
vn -0.2948390578224914 0.9239684315395182 -0.24362320805035892
vn -0.29484344631674353 0.9239687445133562 -0.24361670986711537
vn -0.34521839537456006 0.8592887589174025 -0.3774216319889521
vn -0.34521378626849436 0.8592874311455914 -0.37742887070994047
vn -0.38708128300756167 0.7734530302622704 -0.5019347470770793
vn -0.38708967964621865 0.7734572485693451 -0.5019217713418364
vn -0.41942917687813214 0.6685746503196254 -0.6140741832493231
vn -0.41942244370635806 0.6685700942536401 -0.6140837424855553
vn -0.44144813039665703 0.5472348289768826 -0.7110960484519222
vn -0.4414434028740103 0.5472310947815535 -0.7111018569538381
vn -0.4525843236452282 0.41240634150924327 -0.790625347097823
vn -0.4525932578350592 0.4124138374918075 -0.7906163226290795
vn -0.4525936309739077 0.2674394704113204 -0.8506674643290213
vn -0.4525839551075458 0.267431417341287 -0.8506751439874339
vn -0.4414427728887113 0.11586831407651998 -0.889776832726831
vn -0.44144873702717313 0.1158729769860769 -0.8897732665019206
vn -0.4194209160619081 -0.03853632169538457 -0.9069735647084647
vn -0.419430608088211 -0.038529543352593676 -0.9069693706447832
vn -0.38709226424729665 -0.19199405306293194 -0.9018302847811053
vn -0.38707893627379814 -0.19200197518463602 -0.90183431882932
vn -0.3452121323969135 -0.34073063862004105 -0.8744891168857134
vn -0.3452198409316487 -0.3407269830281992 -0.8744874981745758
vn -0.2948450578295173 -0.48107752604754894 -0.825609354238116
vn -0.29483771826350463 -0.4810800554684773 -0.8256105014591429
vn -0.23721325886082156 -0.6095806576286636 -0.7564002192395469
vn -0.237208940591242 -0.6095815676530031 -0.7564008400849962
vn -0.17374484873622661 -0.7230717419505112 -0.6685656164732667
vn -0.1737358182779147 -0.7230724471789354 -0.6685672004951851
vn -0.1059716940594184 -0.8187579901915394 -0.5642741829604542
vn -0.10598592400107217 -0.81875864853891 -0.5642705551031144
vn -0.035620837733145005 -0.8942757318689527 -0.4460964820635086
vn -0.04611824468679211 0.9453245898803382 0.3228537242693346
vn -0.13720906935976193 0.9706271484206573 0.19762745263300707
vn -0.13720496093013201 0.9706286374562122 0.19762299169392739
vn -0.22493426840358896 0.9720312220695111 0.06752687035392002
vn -0.22492960361550515 0.972032766859227 0.06752017157389006
vn -0.30711083680245366 0.9495030666731685 -0.0642406436513922
vn -0.3071142175558233 0.9495023830502353 -0.0642345853648873
vn -0.3817402136657313 0.9035901835873882 -0.1944201362898204
vn -0.38173400054824175 0.9035900417135572 -0.19443299447760176
vn -0.4469605806051567 0.8354273564030933 -0.31982396964336524
vn -0.44696269028620067 0.8354279923558231 -0.31981936007759265
vn -0.5011684362168716 0.746703881605096 -0.4373368401310579
vn -0.5011699409269151 0.7467047307871596 -0.4373336659021212
vn -0.5430385208907884 0.6395822946349095 -0.5440989369758855
vn -0.5430429558586332 0.6395856451751678 -0.544090572035744
vn -0.57154211494948 0.5167223859378486 -0.6374461441641737
vn -0.5715392211795942 0.5167199088487817 -0.6374507466877184
vn -0.5859763526659932 0.3811336001628759 -0.7151006173561484
vn -0.5859712683652946 0.38112914223002525 -0.7151071595176302
vn -0.5859709601203078 0.23615180242626665 -0.7751582806798302
vn -0.5859766571185336 0.23615658311979187 -0.7751525176127427
vn -0.5715386388917691 0.08536547517886003 -0.8161227358070792
vn -0.5715426756482401 0.08536855430702019 -0.8161195867324713
vn -0.5430445388542081 -0.06751837306147157 -0.8369850047161851
vn -0.5430370378573144 -0.06752333851722327 -0.8369894708242407
vn -0.501170695809725 -0.21875604408411498 -0.8372417373962344
vn -0.5011677508178971 -0.2187576518946352 -0.8372430801611179
vn -0.44696395015453977 -0.36458737816054576 -0.8168838784969804
vn -0.44695947943347586 -0.3645892577219965 -0.8168854857923968
vn -0.3817302036013022 -0.5014568542486112 -0.7764168178147582
vn -0.3817433699290556 -0.5014530499692001 -0.7764128014090155
vn -0.30711604330160147 -0.6259761427360201 -0.716821877925125
vn -0.3071094266248417 -0.6259771635084692 -0.7168238213424916
vn -0.22492768481357042 -0.7350771921479753 -0.6395850672023666
vn -0.22493557447652665 -0.735077038340381 -0.6395824693029424
vn -0.1372038836444174 -0.8260796231163674 -0.5465963323923878
vn -0.13720961475606255 -0.8260802574684866 -0.5465939350553497
vn -0.04611824468679212 -0.8967374856889576 -0.4401533701646007
vn -0.05548344336792806 0.9422636536110554 0.33024353831011316
vn -0.16506727880740493 0.9615222847617187 0.21960803576764396
vn -0.16506727880740496 0.9615222847617189 0.21960803576764396
vn -0.2705967068175327 0.9571069941074569 0.10355493271734956
vn -0.2705967068175327 0.9571069941074569 0.10355493271734956
vn -0.3694577959867145 0.9291257626943585 -0.015041744654989198
vn -0.3694577959867145 0.9291257626943585 -0.015041744654989198
vn -0.45923203024383863 0.8782607489015172 -0.133281654165412
vn -0.4592320302438386 0.8782607489015172 -0.13328165416541193
vn -0.5376903244798535 0.8057737107173941 -0.2482294142068404
vn -0.5376903244798535 0.8057737107173942 -0.24822941420684033
vn -0.6029045092923988 0.7134539762178265 -0.35705682530077026
vn -0.6029045092923989 0.7134539762178266 -0.3570568253007703
vn -0.6532808468673986 0.6035551521591467 -0.4571053635852066
vn -0.6532808468673986 0.6035551521591467 -0.45710536358520654
vn -0.6875695001265193 0.4787961120031152 -0.545896020892687
vn -0.6875695001265193 0.47879611200311517 -0.545896020892687
vn -0.7049271057222624 0.34224903753601194 -0.6212434079519139
vn -0.7049271057222624 0.34224903753601194 -0.6212434079519139
vn -0.7049271057222622 0.19727881123395577 -0.6812920418265223
vn -0.7049271057222622 0.19727881123395577 -0.6812920418265223
vn -0.6875695001265193 0.04744680059281564 -0.7245667557991285
vn -0.6875695001265193 0.0474468005928156 -0.7245667557991285
vn -0.6532808468673986 -0.10355563860396932 -0.7500002432196531
vn -0.6532808468673986 -0.10355563860396927 -0.750000243219653
vn -0.6029045092923989 -0.25201084220901593 -0.7569654470872461
vn -0.6029045092923989 -0.2520108422090159 -0.7569654470872462
vn -0.5376903244798534 -0.39424335287449574 -0.7452927570257379
vn -0.5376903244798535 -0.39424335287449574 -0.7452927570257379
vn -0.4592320302438386 -0.5267797697301154 -0.7152684926663614
vn -0.45923203024383863 -0.5267797697301154 -0.7152684926663615
vn -0.3694577959867145 -0.6463550077298845 -0.6676272470227231
vn -0.3694577959867145 -0.6463550077298845 -0.6676272470227231
vn -0.2705967068175327 -0.7500012410042104 -0.6035524507047012
vn -0.2705967068175327 -0.7500012410042104 -0.6035524507047012
vn -0.16506727880740496 -0.8351852591113529 -0.524612596522635
vn -0.16506727880740493 -0.8351852591113528 -0.5246125965226349
vn -0.05548344336792806 -0.8997984645161099 -0.4327635737518689
vn -0.06348211090704782 0.9386797259560427 0.338895844875493
vn -0.1888597208553636 0.9508615900092715 0.2453451497043994
vn -0.18886217846203196 0.950859702941032 0.24535057136568517
vn -0.3095953486571552 0.9396331667104583 0.14574028992536983
vn -0.30959768994364273 0.9396311972463016 0.14574801385625227
vn -0.42270776744127125 0.9052661123327481 0.04256065326999203
vn -0.42270636259044764 0.9052670860397373 0.04255389475331612
vn -0.5254141216693834 0.8486071925497958 -0.06169143784306187
vn -0.5254163765097408 0.8486068211837581 -0.06167734053744463
vn -0.615181512180641 0.7710530180485466 -0.164404837001128
vn -0.6151807465103304 0.7710525563486353 -0.16440986731710236
vn -0.6897968164143969 0.6745200603082931 -0.26306470745096083
vn -0.6897961911438525 0.6745193402166758 -0.2630681933588593
vn -0.7474373780734479 0.5613665173849418 -0.35525342928364784
vn -0.7474351521252758 0.5613635706029408 -0.35526276890125025
vn -0.7866653136419565 0.4343951409002393 -0.4387009754660502
vn -0.7866670446761997 0.43439733766670324 -0.43869569618186854
vn -0.8065207574009015 0.29672910702801863 -0.5113473427366484
vn -0.8065242522884206 0.2967330450102602 -0.5113395451845508
vn -0.8065246765535709 0.1517559855259951 -0.5713913430978738
vn -0.806520338361524 0.15175181311656422 -0.571398574573868
vn -0.7866678461384481 0.0030434335350092434 -0.6173689637196003
vn -0.7866645419020937 0.0030407993672252063 -0.6173731870215758
vn -0.7474329733232553 -0.1457418872113142 -0.6481537261338876
vn -0.7474394193239965 -0.1457377670820845 -0.6481472191458781
vn -0.6897951521459795 -0.2909421211430157 -0.6629746075233258
vn -0.6897977597832188 -0.2909408498889872 -0.6629724522662511
vn -0.6151790124851475 -0.42896395988118263 -0.6614716197395426
vn -0.6151830278000451 -0.42896259467394887 -0.6614687707498839
vn -0.525421602656595 -0.5564366217899068 -0.6436695001262771
vn -0.5254097775328431 -0.5564389112855567 -0.6436771734963364
vn -0.4227038496824646 -0.6702131000774314 -0.6100293894135129
vn -0.4227097084205392 -0.6702128354166724 -0.6100256204863588
vn -0.3096003310442566 -0.7674770167617422 -0.5613614377206394
vn -0.30959355101306335 -0.7674762814405197 -0.5613661822708542
vn -0.18886366135392602 -0.8458475778939929 -0.4988711180163222
vn -0.18885897015437758 -0.8458463118748307 -0.498875040546202
vn -0.06348211090704782 -0.9033823496132534 -0.42411124955844237
vn -0.06991490275135046 0.9346625112747509 0.3485941714814604
vn -0.20799264675707743 0.9389130456857239 0.27419217993251327
vn -0.2079962503988519 0.9389083208294421 0.2742056252108177
vn -0.34096770671081134 0.9200409587720318 0.19304314844668952
vn -0.34096651314461585 0.9200432525923818 0.1930343240805463
vn -0.4655464879129275 0.8785144271461782 0.10713948332879514
vn -0.4655462625777619 0.8785150834200288 0.10713508110501294
vn -0.5786632772554172 0.8153544146079811 0.01860081007097769
vn -0.5786631853288741 0.8153546587386016 0.01859296690418594
vn -0.6775305296358588 0.7321166052896404 -0.07041063606107842
vn -0.6775306261955146 0.7321173479047318 -0.07040198480196286
vn -0.7597102939981336 0.630859214024418 -0.15766077912329063
vn -0.7597095986882801 0.6308561262137976 -0.15767648423088818
vn -0.8231858202557283 0.5140582632645009 -0.2410585142644602
vn -0.8231871011058368 0.5140618227895156 -0.24104654928724834
vn -0.8663859780482281 0.38461370074519685 -0.3185084586639729
vn -0.8663874883921969 0.3846166592613901 -0.31850077766948853
vn -0.8882629270565066 0.24568846980128156 -0.3881058466755071
vn -0.8882589137537641 0.24568258370053003 -0.3881187578605492
vn -0.8882581814325698 0.10070779357879946 -0.44816887824858365
vn -0.888263650366197 0.10071396346522563 -0.4481566523005587
vn -0.8663887248183306 -0.04674540719891022 -0.4971774777818032
vn -0.8663847874769814 -0.046748839004948 -0.4971840163160469
vn -0.8231900993759708 -0.19304286116698152 -0.5339405529100079
vn -0.8231830113242388 -0.1930475530396472 -0.5339497842799104
vn -0.7597045261347082 -0.3345981056847029 -0.5575779233816985
vn -0.7597148998746884 -0.33459313077370784 -0.5575667742499019
vn -0.6775338721667383 -0.46789884677223814 -0.5674667578422156
vn -0.6775276925768497 -0.46790077554218906 -0.5674725456253438
vn -0.578660022572402 -0.5896934388560454 -0.5633952666171758
vn -0.5786659063409968 -0.5896925536654898 -0.563390149887293
vn -0.465544493297002 -0.6969613844249195 -0.5454476632834149
vn -0.4655478544138995 -0.6969614292651265 -0.5454447372258042
vn -0.340963293851098 -0.787066712902925 -0.5140720004886421
vn -0.3409698980645358 -0.7870679517780343 -0.514065723325131
vn -0.20800009483878412 -0.8577993910601001 -0.4700171967534576
vn -0.20799070062651714 -0.8577957952824761 -0.47002791624391294
vn -0.06991490275135046 -0.9073995023798711 -0.41441289730657727
vn -0.07462511481454201 0.9303108021831205 0.35910013029838295
vn -0.22201454636862086 0.9259569084917432 0.3054723306899487
vn -0.22201326949994787 0.9259615759271006 0.30545911031191086
vn -0.3639498321596552 0.8988102613267422 0.24429620096250448
vn -0.36394935409962503 0.8988055149037857 0.24431437540391826
vn -0.49692191823248916 0.8495280598640502 0.17711770855497802
vn -0.4969221089919411 0.8495283333286595 0.1771158617030996
vn -0.6176613650633119 0.7793254576464139 0.10557589295068076
vn -0.6176615536023254 0.7793254959965871 0.10557450682449399
vn -0.723190116881175 0.689933066162881 0.0314391326292321
vn -0.7231908515826478 0.6899325546294428 0.03143345748809112
vn -0.8109091839315692 0.5835544697027734 -0.043479607925457825
vn -0.8109086649937383 0.5835556237198082 -0.04347379743085528
vn -0.8786587727480729 0.46281217499864147 -0.11731859079394605
vn -0.878658810116193 0.4628116496096999 -0.1173203835262428
vn -0.9247806687177044 0.3306661556704295 -0.18825676152578213
vn -0.92477907826111 0.3306579118494883 -0.18827905284940283
vn -0.9481225538563206 0.19037698367023467 -0.2545981676241836
vn -0.948127284548322 0.190387972503991 -0.25457233200182
vn -0.9481287938839525 0.04540401196984692 -0.31462718557874747
vn -0.9481210631103246 0.045392650160732434 -0.3146521205997716
vn -0.9247753217967865 -0.10069272352264685 -0.3669490150214908
vn -0.9247842858150629 -0.10068356283682582 -0.36692893710364016
vn -0.8786583335918944 -0.24430039389147756 -0.41021561446876237
vn -0.8786592191918349 -0.2442997537307826 -0.4102140988024108
vn -0.8109106747395302 -0.381892085960665 -0.4433760393549613
vn -0.8109073591376821 -0.3818937167356006 -0.4433806987389276
vn -0.7231885592591526 -0.5100856912212873 -0.4656295688290992
vn -0.7231921204435964 -0.5100846455432434 -0.4656251832851384
vn -0.6176609515957829 -0.6257193669965927 -0.4764139194431407
vn -0.6176618654865951 -0.6257192682722122 -0.47641286426429197
vn -0.49692131373049864 -0.725947644471238 -0.47546737579671705
vn -0.49692253248884183 -0.7259477426860113 -0.47546595208696163
vn -0.3639563764049951 -0.8083041275388226 -0.4627960603525578
vn -0.36394505251359655 -0.8083008486357739 -0.46281069223340465
vn -0.22200933964167638 -0.8707473229132954 -0.43876070101046705
vn -0.22201653570060262 -0.870751254319291 -0.4387492575228871
vn -0.07462511481454201 -0.9117512140937406 -0.4039069395758218
vn -0.0774994164625935 0.9257293476343659 0.3701607966497926
vn -0.23056386442815824 0.9123321155313451 0.3383643234592773
vn -0.23056379397724783 0.9123317608321541 0.33836532783918416
vn -0.3779646818110061 0.8764639843830409 0.29825087323075783
vn -0.377968062402474 0.8764686112189611 0.29823299172228585
vn -0.5160645665479027 0.8190160042211908 0.2507790820289441
vn -0.5160639561455169 0.8190156761342167 0.2507814096256934
vn -0.6414544583491038 0.7414003858278768 0.19713357339208729
vn -0.6414542776406875 0.7414003760853342 0.19713419804029159
vn -0.7510463256565062 0.6455324664158489 0.13862630169247267
vn -0.7510432574438771 0.6455336394291311 0.13863746179684314
vn -0.8421417431400724 0.5337709026794368 0.07671967097022385
vn -0.8421428405099775 0.5337698693969565 0.07671481409573275
vn -0.9125049375658743 0.40886151850094843 0.012922755394981111
vn -0.9125058526798622 0.4088596696777744 0.012916630209880264
vn -0.9604002072896698 0.2738795057559767 -0.051200177390527624
vn -0.9604001618658149 0.2738798288505822 -0.0511993011367603
vn -0.9846438972092647 0.1321778784692037 -0.11404123873376519
vn -0.9846431852690375 0.13217306234801562 -0.11405296704948721
vn -0.9846424861079976 -0.012821193203433643 -0.17411143430545345
vn -0.9846445877621904 -0.01281629283425404 -0.17409990932970854
vn -0.9604003149946896 -0.1574583052636961 -0.22986543250690344
vn -0.960400059837917 -0.1574586465743229 -0.22986626477651745
vn -0.9125041408550335 -0.29824485129039274 -0.2799753589178678
vn -0.9125065412806961 -0.2982428014726261 -0.2799697188799199
vn -0.8421410556636474 -0.4316806921412345 -0.323187596293828
vn -0.8421433637620408 -0.43167945248137163 -0.3231832377722247
vn -0.7510480779045586 -0.5544871316993775 -0.3584282431054576
vn -0.7510421124382639 -0.5544888522099879 -0.3584380812903678
vn -0.6414545681845726 -0.6636439120151723 -0.3848542516334486
vn -0.6414542168347472 -0.6636439345238277 -0.3848547984300764
vn -0.5160650249116364 -0.756460096434213 -0.4018022057750477
vn -0.5160637410564218 -0.7564598831782198 -0.4018042562104644
vn -0.3779607750031818 -0.8306427346133667 -0.4088744305933335
vn -0.3779696422103252 -0.8306466192505106 -0.40885834159901446
vn -0.23056410344753064 -0.8843763043527331 -0.40585557345050527
vn -0.2305637077665808 -0.8843759778943515 -0.4058565095995581
vn -0.0774994164625935 -0.916332708696142 -0.39284628981517583
vn -0.0784657450447222 0.9210310367433581 0.3815035467856513
vn -0.23343814331771082 0.8983542690020299 0.3721105220364085
vn -0.23343814331771082 0.8983542690020299 0.3721105220364085
vn -0.38268059935456816 0.8535544747347626 0.3535538396593819
vn -0.3826805993545683 0.8535544747347628 0.353553839659382
vn -0.5224967654516844 0.7877378151022435 0.3262916866094987
vn -0.5224967654516844 0.7877378151022436 0.3262916866094987
vn -0.6494497928492555 0.7025221314705633 0.2909941947223618
vn -0.6494497928492556 0.7025221314705633 0.2909941947223618
vn -0.7604044756365256 0.6000133710071223 0.2485336758763496
vn -0.7604044756365255 0.6000133710071222 0.2485336758763496
vn -0.8526412669420403 0.4827240674041617 0.19995085560270784
vn -0.8526412669420405 0.4827240674041617 0.19995085560270784
vn -0.9238807059775784 0.3535507732328375 0.14644552526053592
vn -0.9238807059775784 0.3535507732328375 0.14644552526053592
vn -0.9723716538671723 0.21566872271866944 0.08933290992975532
vn -0.9723716538671723 0.21566872271866944 0.08933290992975532
vn -0.9969168103982282 0.07249289585006777 0.030027540636798324
vn -0.9969168103982281 0.07249289585006777 0.030027540636798324
vn -0.9969168103982281 -0.07249289585006777 -0.030027540636798324
vn -0.9969168103982282 -0.07249289585006777 -0.030027540636798324
vn -0.9723716538671723 -0.21566872271866944 -0.08933290992975532
vn -0.9723716538671723 -0.21566872271866944 -0.08933290992975532
vn -0.9238807059775784 -0.3535507732328375 -0.14644552526053592
vn -0.9238807059775784 -0.3535507732328375 -0.14644552526053592
vn -0.8526412669420405 -0.4827240674041617 -0.19995085560270784
vn -0.8526412669420403 -0.4827240674041617 -0.19995085560270784
vn -0.7604044756365255 -0.6000133710071222 -0.2485336758763496
vn -0.7604044756365256 -0.6000133710071223 -0.2485336758763496
vn -0.6494497928492556 -0.7025221314705633 -0.2909941947223618
vn -0.6494497928492555 -0.7025221314705633 -0.2909941947223618
vn -0.5224967654516844 -0.7877378151022436 -0.3262916866094987
vn -0.5224967654516844 -0.7877378151022435 -0.3262916866094987
vn -0.3826805993545683 -0.8535544747347628 -0.353553839659382
vn -0.38268059935456816 -0.8535544747347626 -0.3535538396593819
vn -0.23343814331771082 -0.8983542690020299 -0.3721105220364085
vn -0.23343814331771082 -0.8983542690020299 -0.3721105220364085
vn -0.0784657450447222 -0.9210310367433581 -0.3815035467856513
vn -0.0774994164625935 0.916332708696142 0.39284628981517583
vn -0.2305637077665808 0.8843759778943515 0.4058565095995581
vn -0.23056410344753064 0.8843763043527331 0.40585557345050527
vn -0.3779696422103252 0.8306466192505106 0.40885834159901446
vn -0.3779607750031818 0.8306427346133667 0.4088744305933335
vn -0.5160637410564218 0.7564598831782198 0.4018042562104644
vn -0.5160650249116364 0.756460096434213 0.4018022057750477
vn -0.6414542168347472 0.6636439345238277 0.3848547984300764
vn -0.6414545681845726 0.6636439120151723 0.3848542516334486
vn -0.7510421124382639 0.5544888522099879 0.3584380812903678
vn -0.7510480779045586 0.5544871316993775 0.3584282431054576
vn -0.8421433637620408 0.43167945248137163 0.3231832377722247
vn -0.8421410556636474 0.4316806921412345 0.323187596293828
vn -0.9125065412806961 0.2982428014726261 0.2799697188799199
vn -0.9125041408550335 0.29824485129039274 0.2799753589178678
vn -0.960400059837917 0.1574586465743229 0.22986626477651745
vn -0.9604003149946896 0.1574583052636961 0.22986543250690344
vn -0.9846445877621904 0.01281629283425404 0.17409990932970854
vn -0.9846424861079976 0.012821193203433643 0.17411143430545345
vn -0.9846431852690375 -0.13217306234801562 0.11405296704948721
vn -0.9846438972092647 -0.1321778784692037 0.11404123873376519
vn -0.9604001618658149 -0.2738798288505822 0.0511993011367603
vn -0.9604002072896698 -0.2738795057559767 0.051200177390527624
vn -0.9125058526798622 -0.4088596696777744 -0.012916630209880264
vn -0.9125049375658743 -0.40886151850094843 -0.012922755394981111
vn -0.8421428405099775 -0.5337698693969565 -0.07671481409573275
vn -0.8421417431400724 -0.5337709026794368 -0.07671967097022385
vn -0.7510432574438771 -0.6455336394291311 -0.13863746179684314
vn -0.7510463256565062 -0.6455324664158489 -0.13862630169247267
vn -0.6414542776406875 -0.7414003760853342 -0.19713419804029159
vn -0.6414544583491038 -0.7414003858278768 -0.19713357339208729
vn -0.5160639561455169 -0.8190156761342167 -0.2507814096256934
vn -0.5160645665479027 -0.8190160042211908 -0.2507790820289441
vn -0.377968062402474 -0.8764686112189611 -0.29823299172228585
vn -0.3779646818110061 -0.8764639843830409 -0.29825087323075783
vn -0.23056379397724783 -0.9123317608321541 -0.33836532783918416
vn -0.23056386442815824 -0.9123321155313451 -0.3383643234592773
vn -0.0774994164625935 -0.9257293476343659 -0.3701607966497926
vn -0.07462511481454201 0.9117512140937406 0.4039069395758218
vn -0.22201653570060262 0.870751254319291 0.4387492575228871
vn -0.22200933964167638 0.8707473229132954 0.43876070101046705
vn -0.36394505251359655 0.8083008486357739 0.46281069223340465
vn -0.3639563764049951 0.8083041275388226 0.4627960603525578
vn -0.49692253248884183 0.7259477426860113 0.47546595208696163
vn -0.49692131373049864 0.725947644471238 0.47546737579671705
vn -0.6176618654865951 0.6257192682722122 0.47641286426429197
vn -0.6176609515957829 0.6257193669965927 0.4764139194431407
vn -0.7231921204435964 0.5100846455432434 0.4656251832851384
vn -0.7231885592591526 0.5100856912212873 0.4656295688290992
vn -0.8109073591376821 0.3818937167356006 0.4433806987389276
vn -0.8109106747395302 0.381892085960665 0.4433760393549613
vn -0.8786592191918349 0.2442997537307826 0.4102140988024108
vn -0.8786583335918944 0.24430039389147756 0.41021561446876237
vn -0.9247842858150629 0.10068356283682582 0.36692893710364016
vn -0.9247753217967865 0.10069272352264685 0.3669490150214908
vn -0.9481210631103246 -0.045392650160732434 0.3146521205997716
vn -0.9481287938839525 -0.04540401196984692 0.31462718557874747
vn -0.948127284548322 -0.190387972503991 0.25457233200182
vn -0.9481225538563206 -0.19037698367023467 0.2545981676241836
vn -0.92477907826111 -0.3306579118494883 0.18827905284940283
vn -0.9247806687177044 -0.3306661556704295 0.18825676152578213
vn -0.878658810116193 -0.4628116496096999 0.1173203835262428
vn -0.8786587727480729 -0.46281217499864147 0.11731859079394605
vn -0.8109086649937383 -0.5835556237198082 0.04347379743085528
vn -0.8109091839315692 -0.5835544697027734 0.043479607925457825
vn -0.7231908515826478 -0.6899325546294428 -0.03143345748809112
vn -0.723190116881175 -0.689933066162881 -0.0314391326292321
vn -0.6176615536023254 -0.7793254959965871 -0.10557450682449399
vn -0.6176613650633119 -0.7793254576464139 -0.10557589295068076
vn -0.4969221089919411 -0.8495283333286595 -0.1771158617030996
vn -0.49692191823248916 -0.8495280598640502 -0.17711770855497802
vn -0.36394935409962503 -0.8988055149037857 -0.24431437540391826
vn -0.3639498321596552 -0.8988102613267422 -0.24429620096250448
vn -0.22201326949994787 -0.9259615759271006 -0.30545911031191086
vn -0.22201454636862086 -0.9259569084917432 -0.3054723306899487
vn -0.07462511481454201 -0.9303108021831205 -0.35910013029838295
vn -0.06991490275135046 0.9073995023798711 0.41441289730657727
vn -0.20799070062651714 0.8577957952824761 0.47002791624391294
vn -0.20800009483878412 0.8577993910601001 0.4700171967534576
vn -0.3409698980645358 0.7870679517780343 0.514065723325131
vn -0.340963293851098 0.787066712902925 0.5140720004886421
vn -0.4655478544138995 0.6969614292651265 0.5454447372258042
vn -0.465544493297002 0.6969613844249195 0.5454476632834149
vn -0.5786659063409968 0.5896925536654898 0.563390149887293
vn -0.578660022572402 0.5896934388560454 0.5633952666171758
vn -0.6775276925768497 0.46790077554218906 0.5674725456253438
vn -0.6775338721667383 0.46789884677223814 0.5674667578422156
vn -0.7597148998746884 0.33459313077370784 0.5575667742499019
vn -0.7597045261347082 0.3345981056847029 0.5575779233816985
vn -0.8231830113242388 0.1930475530396472 0.5339497842799104
vn -0.8231900993759708 0.19304286116698152 0.5339405529100079
vn -0.8663847874769814 0.046748839004948 0.4971840163160469
vn -0.8663887248183306 0.04674540719891022 0.4971774777818032
vn -0.888263650366197 -0.10071396346522563 0.4481566523005587
vn -0.8882581814325698 -0.10070779357879946 0.44816887824858365
vn -0.8882589137537641 -0.24568258370053003 0.3881187578605492
vn -0.8882629270565066 -0.24568846980128156 0.3881058466755071
vn -0.8663874883921969 -0.3846166592613901 0.31850077766948853
vn -0.8663859780482281 -0.38461370074519685 0.3185084586639729
vn -0.8231871011058368 -0.5140618227895156 0.24104654928724834
vn -0.8231858202557283 -0.5140582632645009 0.2410585142644602
vn -0.7597095986882801 -0.6308561262137976 0.15767648423088818
vn -0.7597102939981336 -0.630859214024418 0.15766077912329063
vn -0.6775306261955146 -0.7321173479047318 0.07040198480196286
vn -0.6775305296358588 -0.7321166052896404 0.07041063606107842
vn -0.5786631853288741 -0.8153546587386016 -0.01859296690418594
vn -0.5786632772554172 -0.8153544146079811 -0.01860081007097769
vn -0.4655462625777619 -0.8785150834200288 -0.10713508110501294
vn -0.4655464879129275 -0.8785144271461782 -0.10713948332879514
vn -0.34096651314461585 -0.9200432525923818 -0.1930343240805463
vn -0.34096770671081134 -0.9200409587720318 -0.19304314844668952
vn -0.2079962503988519 -0.9389083208294421 -0.2742056252108177
vn -0.20799264675707743 -0.9389130456857239 -0.27419217993251327
vn -0.06991490275135046 -0.9346625112747509 -0.3485941714814604
vn -0.06348211090704782 0.9033823496132534 0.42411124955844237
vn -0.18885897015437758 0.8458463118748307 0.498875040546202
vn -0.18886366135392602 0.8458475778939929 0.4988711180163222
vn -0.30959355101306335 0.7674762814405197 0.5613661822708542
vn -0.3096003310442566 0.7674770167617422 0.5613614377206394
vn -0.4227097084205392 0.6702128354166724 0.6100256204863588
vn -0.4227038496824646 0.6702131000774314 0.6100293894135129
vn -0.5254097775328431 0.5564389112855567 0.6436771734963364
vn -0.525421602656595 0.5564366217899068 0.6436695001262771
vn -0.6151830278000451 0.42896259467394887 0.6614687707498839
vn -0.6151790124851475 0.42896395988118263 0.6614716197395426
vn -0.6897977597832188 0.2909408498889872 0.6629724522662511
vn -0.6897951521459795 0.2909421211430157 0.6629746075233258
vn -0.7474394193239965 0.1457377670820845 0.6481472191458781
vn -0.7474329733232553 0.1457418872113142 0.6481537261338876
vn -0.7866645419020937 -0.0030407993672252063 0.6173731870215758
vn -0.7866678461384481 -0.0030434335350092434 0.6173689637196003
vn -0.806520338361524 -0.15175181311656422 0.571398574573868
vn -0.8065246765535709 -0.1517559855259951 0.5713913430978738
vn -0.8065242522884206 -0.2967330450102602 0.5113395451845508
vn -0.8065207574009015 -0.29672910702801863 0.5113473427366484
vn -0.7866670446761997 -0.43439733766670324 0.43869569618186854
vn -0.7866653136419565 -0.4343951409002393 0.4387009754660502
vn -0.7474351521252758 -0.5613635706029408 0.35526276890125025
vn -0.7474373780734479 -0.5613665173849418 0.35525342928364784
vn -0.6897961911438525 -0.6745193402166758 0.2630681933588593
vn -0.6897968164143969 -0.6745200603082931 0.26306470745096083
vn -0.6151807465103304 -0.7710525563486353 0.16440986731710236
vn -0.615181512180641 -0.7710530180485466 0.164404837001128
vn -0.5254163765097408 -0.8486068211837581 0.06167734053744463
vn -0.5254141216693834 -0.8486071925497958 0.06169143784306187
vn -0.42270636259044764 -0.9052670860397373 -0.04255389475331612
vn -0.42270776744127125 -0.9052661123327481 -0.04256065326999203
vn -0.30959768994364273 -0.9396311972463016 -0.14574801385625227
vn -0.3095953486571552 -0.9396331667104583 -0.14574028992536983
vn -0.18886217846203196 -0.950859702941032 -0.24535057136568517
vn -0.1888597208553636 -0.9508615900092715 -0.2453451497043994
vn -0.06348211090704782 -0.9386797259560427 -0.338895844875493
vn -0.05548344336792806 0.8997984645161099 0.4327635737518689
vn -0.16506727880740493 0.8351852591113528 0.5246125965226349
vn -0.16506727880740496 0.8351852591113529 0.524612596522635
vn -0.2705967068175327 0.7500012410042104 0.6035524507047012
vn -0.2705967068175327 0.7500012410042104 0.6035524507047012
vn -0.3694577959867145 0.6463550077298845 0.6676272470227231
vn -0.3694577959867145 0.6463550077298845 0.6676272470227231
vn -0.45923203024383863 0.5267797697301154 0.7152684926663615
vn -0.4592320302438386 0.5267797697301154 0.7152684926663614
vn -0.5376903244798535 0.39424335287449574 0.7452927570257379
vn -0.5376903244798534 0.39424335287449574 0.7452927570257379
vn -0.6029045092923989 0.2520108422090159 0.7569654470872462
vn -0.6029045092923989 0.25201084220901593 0.7569654470872461
vn -0.6532808468673986 0.10355563860396927 0.750000243219653
vn -0.6532808468673986 0.10355563860396932 0.7500002432196531
vn -0.6875695001265193 -0.0474468005928156 0.7245667557991285
vn -0.6875695001265193 -0.04744680059281564 0.7245667557991285
vn -0.7049271057222622 -0.19727881123395577 0.6812920418265223
vn -0.7049271057222622 -0.19727881123395577 0.6812920418265223
vn -0.7049271057222624 -0.34224903753601194 0.6212434079519139
vn -0.7049271057222624 -0.34224903753601194 0.6212434079519139
vn -0.6875695001265193 -0.47879611200311517 0.545896020892687
vn -0.6875695001265193 -0.4787961120031152 0.545896020892687
vn -0.6532808468673986 -0.6035551521591467 0.45710536358520654
vn -0.6532808468673986 -0.6035551521591467 0.4571053635852066
vn -0.6029045092923989 -0.7134539762178266 0.3570568253007703
vn -0.6029045092923988 -0.7134539762178265 0.35705682530077026
vn -0.3694577959867145 -0.9291257626943585 0.015041744654989198
vn -0.3694577959867145 -0.9291257626943585 0.015041744654989198
vn -0.2705967068175327 -0.9571069941074569 -0.10355493271734956
vn -0.2705967068175327 -0.9571069941074569 -0.10355493271734956
vn -0.16506727880740496 -0.9615222847617189 -0.21960803576764396
vn -0.16506727880740493 -0.9615222847617187 -0.21960803576764396
vn -0.05548344336792806 -0.9422636536110554 -0.33024353831011316
vn -0.04611824468679212 0.8967374856889576 0.4401533701646007
vn -0.13720961475606255 0.8260802574684866 0.5465939350553497
vn -0.1372038836444174 0.8260796231163674 0.5465963323923878
vn -0.22493557447652665 0.735077038340381 0.6395824693029424
vn -0.22492768481357042 0.7350771921479753 0.6395850672023666
vn -0.3071094266248417 0.6259771635084692 0.7168238213424916
vn -0.30711604330160147 0.6259761427360201 0.716821877925125
vn -0.3817433699290556 0.5014530499692001 0.7764128014090155
vn -0.3817302036013022 0.5014568542486112 0.7764168178147582
vn -0.44695947943347586 0.3645892577219965 0.8168854857923968
vn -0.44696395015453977 0.36458737816054576 0.8168838784969804
vn -0.5011677508178971 0.2187576518946352 0.8372430801611179
vn -0.501170695809725 0.21875604408411498 0.8372417373962344
vn -0.5430370378573144 0.06752333851722327 0.8369894708242407
vn -0.5430445388542081 0.06751837306147157 0.8369850047161851
vn -0.5715426756482401 -0.08536855430702019 0.8161195867324713
vn -0.5715386388917691 -0.08536547517886003 0.8161227358070792
vn -0.5859766571185336 -0.23615658311979187 0.7751525176127427
vn -0.5859709601203078 -0.23615180242626665 0.7751582806798302
vn -0.5859712683652946 -0.38112914223002525 0.7151071595176302
vn -0.5859763526659932 -0.3811336001628759 0.7151006173561484
vn -0.5715392211795942 -0.5167199088487817 0.6374507466877184
vn -0.57154211494948 -0.5167223859378486 0.6374461441641737
vn -0.5430429558586332 -0.6395856451751678 0.544090572035744
vn -0.5430385208907884 -0.6395822946349095 0.5440989369758855
vn -0.5011699409269151 -0.7467047307871596 0.4373336659021212
vn -0.5011684362168716 -0.746703881605096 0.4373368401310579
vn -0.3071142175558233 -0.9495023830502353 0.0642345853648873
vn -0.30711083680245366 -0.9495030666731685 0.0642406436513922
vn -0.22492960361550515 -0.972032766859227 -0.06752017157389006
vn -0.22493426840358896 -0.9720312220695111 -0.06752687035392002
vn -0.13720496093013201 -0.9706286374562122 -0.19762299169392739
vn -0.13720906935976193 -0.9706271484206573 -0.19762745263300707
vn -0.04611824468679211 -0.9453245898803382 -0.3228537242693346
vn -0.035620837733145005 0.8942757318689527 0.4460964820635086
vn -0.10598592400107217 0.81875864853891 0.5642705551031144
vn -0.1059716940594184 0.8187579901915394 0.5642741829604542
vn -0.1737358182779147 0.7230724471789354 0.6685672004951851
vn -0.17374484873622661 0.7230717419505112 0.6685656164732667
vn -0.237208940591242 0.6095815676530031 0.7564008400849962
vn -0.23721325886082156 0.6095806576286636 0.7564002192395469
vn -0.29483771826350463 0.4810800554684773 0.8256105014591429
vn -0.2948450578295173 0.48107752604754894 0.825609354238116
vn -0.3452198409316487 0.3407269830281992 0.8744874981745758
vn -0.3452121323969135 0.34073063862004105 0.8744891168857134
vn -0.38707893627379814 0.19200197518463602 0.90183431882932
vn -0.38709226424729665 0.19199405306293194 0.9018302847811053
vn -0.419430608088211 0.038529543352593676 0.9069693706447832
vn -0.4194209160619081 0.03853632169538457 0.9069735647084647
vn -0.44144873702717313 -0.1158729769860769 0.8897732665019206
vn -0.4414427728887113 -0.11586831407651998 0.889776832726831
vn -0.4525839551075458 -0.267431417341287 0.8506751439874339
vn -0.4525936309739077 -0.2674394704113204 0.8506674643290213
vn -0.4525932578350592 -0.4124138374918075 0.7906163226290795
vn -0.4525843236452282 -0.41240634150924327 0.790625347097823
vn -0.4414434028740103 -0.5472310947815535 0.7111018569538381
vn -0.44144813039665703 -0.5472348289768826 0.7110960484519222
vn -0.41942244370635806 -0.6685700942536401 0.6140837424855553
vn -0.41942917687813214 -0.6685746503196254 0.6140741832493231
vn -0.38708967964621865 -0.7734572485693451 0.5019217713418364
vn -0.38708128300756167 -0.7734530302622704 0.5019347470770793
vn -0.23721235734600202 -0.9658947881470649 0.10381500735774785
vn -0.23720963686166036 -0.9658950781467374 0.10381852528266472
vn -0.1737432082945887 -0.9840363638046657 -0.038545197905765494
vn -0.17373693485471936 -0.9840377292613396 -0.03853861514732449
vn -0.10597365275728697 -0.9779519424626949 -0.17994327760358272
vn -0.10598493231964079 -0.9779490681773135 -0.17995225525768124
vn -0.035620837733145005 -0.9477862817856693 -0.31691058672452904
vn -0.024249270440944326 0.8924732130605627 0.4504481511255625
vn -0.07212873389082458 0.813393148394932 0.5772252869473816
vn -0.0721427340776887 0.8133929468272131 0.5772238213826061
vn -0.11825953590995901 0.7142767252352613 0.6897995665072226
vn -0.1182409285380935 0.7142792824908908 0.6898001083087388
vn -0.16146488805998677 0.5975743370081561 0.7853878033640698
vn -0.16146669897901206 0.5975738444635752 0.7853878058219672
vn -0.20069553443788754 0.4661538304456423 0.8616390826892351
vn -0.2006968297274768 0.4661533009591926 0.8616390674419242
vn -0.23497998270532658 0.32325724366351877 0.9166728763015022
vn -0.2349850300966989 0.3232545194189443 0.916672543117596
vn -0.2634865472817931 0.1724010235636435 0.9491326179600654
vn -0.26348162070795594 0.17240426148777452 0.9491333974578937
vn -0.28549879648642656 0.017308360590183595 0.9582227600398994
vn -0.2855002516974593 0.017307264015928806 0.9582223462709324
vn -0.3004670282494574 -0.13821583850238525 0.9437245079587699
vn -0.30048446797340955 -0.13823014757535945 0.9437168594488663
vn -0.308072153637099 -0.290347918712207 0.9059744114779894
vn -0.30805248987900713 -0.29033121524146344 0.9059864507462345
vn -0.3080529802716017 -0.43531594103846855 0.8459334446772848
vn -0.30807166925105883 -0.4353314963714023 0.8459186337183393
vn -0.3004832474016966 -0.5695788783182612 0.7650422990950518
vn -0.3004682034670317 -0.5695673909491681 0.7650567599025918
vn -0.2855000968616964 -0.6898045378742133 0.6653265320277744
vn -0.2854989415474681 -0.6898037944983288 0.6653277985106159
vn -0.2634822737174764 -0.7930444671850413 0.5492336155989208
vn -0.26348595435640715 -0.7930462376536205 0.5492292934652439
vn -0.16146644057183393 -0.9779017301147981 0.13280359485927792
vn -0.16146508765036421 -0.9779017769875655 0.13280489461846665
vn -0.11824320996516043 -0.9928339203359804 -0.017301731919762697
vn -0.11825798284227011 -0.9928319613026219 -0.017313177353303125
vn -0.07214145707870173 -0.9833139594351754 -0.16700080044862156
vn -0.07212938019080573 -0.9833160230287881 -0.1669938662590285
vn -0.024249270440944326 -0.9495888032162983 -0.3125589187486422
vn -0.012277300430998565 0.8913732854670572 0.45310366788384265
vn -0.03652651245238378 0.8101210533550138 0.5851236559899359
vn -0.036525448788841106 0.8101211326626344 0.5851236125847119
vn -0.05986036855656887 0.708915591332959 0.7027484760860836
vn -0.059878659529707536 0.7089119248201509 0.7027506164925891
vn -0.0817341945887956 0.5902483224458007 0.8030731220037433
vn -0.08173191861634965 0.5902490989266543 0.8030727829378626
vn -0.1015939707776527 0.4570480625561616 0.883620808726961
vn -0.10159338994965214 0.45704834424098884 0.8836207298072567
vn -0.11896057714970883 0.3125952386686454 0.9424078723386711
vn -0.11895071545044929 0.31260135974498937 0.9424070867620903
vn -0.13338554738358904 0.16045277077602607 0.9779893680912266
vn -0.1333896391304371 0.16044975170453557 0.9779893053354953
vn -0.14452546004887276 0.004353497827501497 0.9894915049935132
vn -0.14453041146802217 0.004349403979290346 0.9894907997783049
vn -0.15211194526920713 -0.15186046333312866 0.9766270300286929
vn -0.15211125935923883 -0.15185986036918547 0.9766272306181095
vn -0.1559426505436896 -0.30430569653434514 0.9397233277928967
vn -0.1559516430447491 -0.3043136814889745 0.9397192497178454
vn -0.155951532308886 -0.44930762710629707 0.879660034214707
vn -0.15594275990978013 -0.4493001739535577 0.87966539622576
vn -0.15211128361228138 -0.5831980623645847 0.7979612631274892
vn -0.15211192191522116 -0.5831985502989019 0.797960784838777
vn -0.1445301403346961 -0.702754358143644 0.6965969786361037
vn -0.14452571405037218 -0.7027515330633312 0.6966007470246983
vn -0.13338935642304303 -0.8050000186150996 0.5780849847753664
vn -0.133385804071433 -0.8049983028001451 0.5780881937568897
vn -0.08173208788278348 -0.9852271474163222 0.15049031133005794
vn -0.08173406384763317 -0.9852271990192198 0.15048890032056733
vn -0.05987750504142009 -0.9981961904416622 -0.004364605110180887
vn -0.05986115416259429 -0.9981972112016401 -0.004355430126957272
vn -0.03652549781449588 -0.9865870697127086 -0.1590969574979182
vn -0.036526487633659156 -0.9865869706211778 -0.1590973447348362
vn -0.012277300430998565 -0.9506887708634507 -0.3099034185811258
vn 0 0.8910034961065597 0.45399644263571903
vn 0 0.8090213590722746 0.5877792447550779
vn 0 0.8090213590722746 0.5877792447550779
vn 0 0.7071089494742268 0.7071046128922194
vn 0 0.7071089494742268 0.7071046128922195
vn 0 0.5877869594995355 0.8090157540136602
vn 0 0.5877869594995357 0.8090157540136604
vn 0 0.4539884555942137 0.891007565729484
vn 0 0.4539884555942137 0.8910075657294841
vn 0 0.30901917628476044 0.951055807346913
vn 0 0.30901917628476033 0.9510558073469129
vn 0 0.15643238079466296 0.9876886707049513
vn 0 0.15643238079466296 0.9876886707049514
vn 0 -0.0000030664265444624314 0.9999999999952986
vn 0 -0.0000030664265444624314 0.9999999999952986
vn 0 -0.15644179931773905 0.9876871789317851
vn 0 -0.15644179931773905 0.9876871789317851
vn 0 -0.30901065093558355 0.9510585773801565
vn 0 -0.30901065093558355 0.9510585773801564
vn 0 -0.45399644263571903 0.8910034961065597
vn 0 -0.4539964426357191 0.8910034961065598
vn 0 -0.5877792447550779 0.8090213590722746
vn 0 -0.5877792447550779 0.8090213590722746
vn 0 -0.7071046128922195 0.7071089494742268
vn 0 -0.7071046128922195 0.7071089494742268
vn 0 -0.8090157540136604 0.5877869594995357
vn 0 -0.8090157540136604 0.5877869594995356
vn 0 -0.9876886707049514 0.15643238079466296
vn 0 -0.9876886707049514 0.15643238079466298
vn 0 -0.9999999999952986 -0.0000030664265444624314
vn 0 -0.9999999999952985 -0.0000030664265444624306
vn 0 -0.9876871789317851 -0.15644179931773905
vn 0 -0.9876871789317851 -0.15644179931773905
vn 0 -0.9510585773801564 -0.30901065093558355
vn 0.2006968297274768 -0.9388909877041762 0.279650667342699
vn 0.20069553443788749 -0.9388913728891121 0.2796503037207167
vn 0.10159338994965214 -0.9479961935866039 0.30163222650083055
vn 0.1015939707776527 -0.9479960502100105 0.3016324814867402
vn 0.11895071545044932 -0.8874249829715507 0.4453399004039158
vn 0.11896057714970883 -0.8874212102034869 0.44534478414503403
vn 0 -0.891007565729484 0.4539884555942137
vn 0 -0.8910075657294841 0.45398845559421375
vn 0 -0.9510558073469129 0.3090191762847604
vn 0 -0.9510558073469129 0.30901917628476033
vn -0.11895147891812075 -0.8874215482603875 0.44534654073690616
vn -0.1189599098048905 -0.8874242122465674 0.4453389803035118
vn -0.2006966341174313 -0.9388912567993336 0.27964990427264896
vn -0.20069569703947462 -0.9388911492016172 0.2796509380293694
vn -0.10159343596592992 -0.9479960726555162 0.3016325910745623
vn -0.10159393252645317 -0.9479961507338999 0.3016321784351262
vn -0.34521378626849436 -0.8592874311455914 0.37742887070994047
vn -0.34521839537456006 -0.8592887589174025 0.3774216319889521
vn -0.29484344631674353 -0.9239687445133562 0.24361670986711537
vn -0.2948390578224914 -0.9239684315395182 0.24362320805035892
vn -0.23498428525637866 -0.8767625641595123 0.4196067108269197
vn -0.23498063370573732 -0.8767614838998218 0.4196110128834001
vn -0.38173400054824175 -0.9035900417135572 0.19443299447760176
vn -0.3817402136657313 -0.9035901835873882 0.1944201362898204
vn -0.44696269028620067 -0.8354279923558231 0.31981936007759265
vn -0.4469605806051567 -0.8354273564030933 0.31982396964336524
vn -0.4592320302438386 -0.8782607489015172 0.13328165416541193
vn -0.45923203024383863 -0.8782607489015172 0.133281654165412
vn -0.5376903244798535 -0.8057737107173942 0.24822941420684033
vn -0.5376903244798535 -0.8057737107173941 0.2482294142068404
vn 0.5376903244798535 -0.8057737107173942 0.24822941420684033
vn 0.5376903244798535 -0.8057737107173941 0.2482294142068404
vn 0.6775338721667383 -0.7321140400301899 0.07040514510616021
vn 0.6775276925768499 -0.7321194964571996 0.07040787384054654
vn 0.6151790124851475 -0.7710543927968982 0.16440774296366165
vn 0.6151830278000451 -0.7710514129096984 0.1644066937710471
vn 0.759704526134708 -0.6308637201649387 0.15767054116128582
vn 0.7597148998746884 -0.6308523187449405 0.15766617532788843
usemtl m_1cd16f11-2f19-320f-59ce-677983ba3218
f 1/1/1 2/2/1 3/3/1
f 1/4/2 4/5/2 5/6/2
f 1/7/3 5/8/3 2/9/3
f 4/10/4 6/11/4 7/12/4
f 4/13/5 7/14/5 5/15/5
f 6/16/6 8/17/6 9/18/6
f 6/19/7 9/20/7 7/21/7
f 8/22/8 10/23/8 11/24/8
f 8/25/9 11/26/9 9/27/9
f 10/28/10 12/29/10 13/30/10
f 10/31/11 13/32/11 11/33/11
f 12/34/12 14/35/12 15/36/12
f 12/37/13 15/38/13 13/39/13
f 14/40/14 16/41/14 17/42/14
f 14/43/15 17/44/15 15/45/15
f 16/46/16 18/47/16 19/48/16
f 16/49/17 19/50/17 17/51/17
f 18/52/18 20/53/18 21/54/18
f 18/55/19 21/56/19 19/57/19
f 20/58/20 22/59/20 23/60/20
f 20/61/21 23/62/21 21/63/21
f 22/64/22 24/65/22 25/66/22
f 22/67/23 25/68/23 23/69/23
f 24/70/24 26/71/24 27/72/24
f 24/73/25 27/74/25 25/75/25
f 26/76/26 28/77/26 29/78/26
f 26/79/27 29/80/27 27/81/27
f 30/82/28 31/83/28 32/84/28
f 30/85/29 32/86/29 33/87/29
f 31/88/30 34/89/30 35/90/30
f 31/91/31 35/92/31 32/93/31
f 34/94/32 36/95/32 37/96/32
f 34/97/33 37/98/33 35/99/33
f 37/100/34 36/101/34 38/102/34
f 2/103/35 39/104/35 3/105/35
f 2/106/36 5/107/36 40/108/36
f 2/109/37 40/110/37 39/111/37
f 5/112/38 7/113/38 41/114/38
f 5/115/39 41/116/39 40/117/39
f 7/118/40 9/119/40 42/120/40
f 7/121/41 42/122/41 41/123/41
f 9/124/42 11/125/42 43/126/42
f 9/127/43 43/128/43 42/129/43
f 11/130/44 13/131/44 44/132/44
f 11/133/45 44/134/45 43/135/45
f 13/136/46 15/137/46 45/138/46
f 13/139/47 45/140/47 44/141/47
f 15/142/48 17/143/48 46/144/48
f 15/145/49 46/146/49 45/147/49
f 17/148/50 19/149/50 47/150/50
f 17/151/51 47/152/51 46/153/51
f 19/154/52 21/155/52 48/156/52
f 19/157/53 48/158/53 47/159/53
f 21/160/54 23/161/54 49/162/54
f 21/163/55 49/164/55 48/165/55
f 23/166/56 25/167/56 50/168/56
f 23/169/57 50/170/57 49/171/57
f 25/172/58 27/173/58 51/174/58
f 25/175/59 51/176/59 50/177/59
f 27/178/60 29/179/60 52/180/60
f 27/181/61 52/182/61 51/183/61
f 29/184/62 53/185/62 54/186/62
f 29/187/63 54/188/63 52/189/63
f 33/190/64 32/191/64 55/192/64
f 33/193/65 55/194/65 56/195/65
f 32/196/66 35/197/66 57/198/66
f 32/199/67 57/200/67 55/201/67
f 35/202/68 37/203/68 58/204/68
f 35/205/69 58/206/69 57/207/69
f 58/208/70 37/209/70 38/210/70
f 39/211/71 59/212/71 3/213/71
f 39/214/72 40/215/72 60/216/72
f 39/217/73 60/218/73 59/219/73
f 40/220/74 41/221/74 61/222/74
f 40/223/75 61/224/75 60/225/75
f 41/226/76 42/227/76 62/228/76
f 41/229/77 62/230/77 61/231/77
f 42/232/78 43/233/78 63/234/78
f 42/235/79 63/236/79 62/237/79
f 43/238/80 44/239/80 64/240/80
f 43/241/81 64/242/81 63/243/81
f 44/244/82 45/245/82 65/246/82
f 44/247/83 65/248/83 64/249/83
f 45/250/84 46/251/84 66/252/84
f 45/253/85 66/254/85 65/255/85
f 46/256/86 47/257/86 67/258/86
f 46/259/87 67/260/87 66/261/87
f 47/262/88 48/263/88 68/264/88
f 47/265/89 68/266/89 67/267/89
f 48/268/90 49/269/90 69/270/90
f 48/271/91 69/272/91 68/273/91
f 49/274/92 50/275/92 70/276/92
f 49/277/93 70/278/93 69/279/93
f 50/280/94 51/281/94 71/282/94
f 50/283/95 71/284/95 70/285/95
f 51/286/96 52/287/96 72/288/96
f 51/289/97 72/290/97 71/291/97
f 52/292/98 54/293/98 73/294/98
f 52/295/99 73/296/99 72/297/99
f 54/298/100 56/299/100 74/300/100
f 54/301/101 74/302/101 73/303/101
f 56/304/102 55/305/102 75/306/102
f 56/307/103 75/308/103 74/309/103
f 55/310/104 57/311/104 76/312/104
f 55/313/105 76/314/105 75/315/105
f 57/316/106 58/317/106 77/318/106
f 57/319/107 77/320/107 76/321/107
f 77/322/108 58/323/108 38/324/108
f 59/325/109 78/326/109 3/327/109
f 59/328/110 60/329/110 79/330/110
f 59/331/111 79/332/111 78/333/111
f 60/334/112 61/335/112 80/336/112
f 60/337/113 80/338/113 79/339/113
f 61/340/114 62/341/114 81/342/114
f 61/343/115 81/344/115 80/345/115
f 62/346/116 63/347/116 82/348/116
f 62/349/117 82/350/117 81/351/117
f 63/352/118 64/353/118 83/354/118
f 63/355/119 83/356/119 82/357/119
f 64/358/120 65/359/120 84/360/120
f 64/361/121 84/362/121 83/363/121
f 65/364/122 66/365/122 85/366/122
f 65/367/123 85/368/123 84/369/123
f 66/370/124 67/371/124 86/372/124
f 66/373/125 86/374/125 85/375/125
f 67/376/126 68/377/126 87/378/126
f 67/379/127 87/380/127 86/381/127
f 68/382/128 69/383/128 88/384/128
f 68/385/129 88/386/129 87/387/129
f 69/388/130 70/389/130 89/390/130
f 69/391/131 89/392/131 88/393/131
f 70/394/132 71/395/132 90/396/132
f 70/397/133 90/398/133 89/399/133
f 71/400/134 72/401/134 91/402/134
f 71/403/135 91/404/135 90/405/135
f 72/406/136 73/407/136 92/408/136
f 72/409/137 92/410/137 91/411/137
f 73/412/138 74/413/138 93/414/138
f 73/415/139 93/416/139 92/417/139
f 74/418/140 75/419/140 94/420/140
f 74/421/141 94/422/141 93/423/141
f 75/424/142 76/425/142 95/426/142
f 75/427/143 95/428/143 94/429/143
f 76/430/144 77/431/144 96/432/144
f 76/433/145 96/434/145 95/435/145
f 96/436/146 77/437/146 38/438/146
f 78/439/147 97/440/147 3/441/147
f 78/442/148 79/443/148 98/444/148
f 78/445/149 98/446/149 97/447/149
f 79/448/150 80/449/150 99/450/150
f 79/451/151 99/452/151 98/453/151
f 80/454/152 81/455/152 100/456/152
f 80/457/153 100/458/153 99/459/153
f 81/460/154 82/461/154 101/462/154
f 81/463/155 101/464/155 100/465/155
f 82/466/156 83/467/156 102/468/156
f 82/469/157 102/470/157 101/471/157
f 83/472/158 84/473/158 103/474/158
f 83/475/159 103/476/159 102/477/159
f 84/478/160 85/479/160 104/480/160
f 84/481/161 104/482/161 103/483/161
f 85/484/162 86/485/162 105/486/162
f 85/487/163 105/488/163 104/489/163
f 86/490/164 87/491/164 106/492/164
f 86/493/165 106/494/165 105/495/165
f 87/496/166 88/497/166 107/498/166
f 87/499/167 107/500/167 106/501/167
f 88/502/168 89/503/168 108/504/168
f 88/505/169 108/506/169 107/507/169
f 89/508/170 90/509/170 109/510/170
f 89/511/171 109/512/171 108/513/171
f 90/514/172 91/515/172 110/516/172
f 90/517/173 110/518/173 109/519/173
f 92/520/174 93/521/174 111/522/174
f 92/523/175 111/524/175 112/525/175
f 93/526/176 94/527/176 113/528/176
f 93/529/177 113/530/177 111/531/177
f 94/532/178 95/533/178 114/534/178
f 94/535/179 114/536/179 113/537/179
f 95/538/180 96/539/180 115/540/180
f 95/541/181 115/542/181 114/543/181
f 115/544/182 96/545/182 38/546/182
f 97/547/183 116/548/183 3/549/183
f 97/550/184 98/551/184 117/552/184
f 97/553/185 117/554/185 116/555/185
f 98/556/186 99/557/186 118/558/186
f 98/559/187 118/560/187 117/561/187
f 99/562/188 100/563/188 119/564/188
f 99/565/189 119/566/189 118/567/189
f 100/568/190 101/569/190 120/570/190
f 100/571/191 120/572/191 119/573/191
f 101/574/192 102/575/192 121/576/192
f 101/577/193 121/578/193 120/579/193
f 102/580/194 103/581/194 122/582/194
f 102/583/195 122/584/195 121/585/195
f 103/586/196 104/587/196 123/588/196
f 103/589/197 123/590/197 122/591/197
f 104/592/198 105/593/198 124/594/198
f 104/595/199 124/596/199 123/597/199
f 105/598/200 106/599/200 125/600/200
f 105/601/201 125/602/201 124/603/201
f 106/604/202 107/605/202 126/606/202
f 106/607/203 126/608/203 125/609/203
f 107/610/204 108/611/204 127/612/204
f 107/613/205 127/614/205 126/615/205
f 108/616/206 109/617/206 128/618/206
f 108/619/207 128/620/207 127/621/207
f 109/622/208 110/623/208 129/624/208
f 109/625/209 129/626/209 128/627/209
f 112/628/210 111/629/210 130/630/210
f 112/631/211 130/632/211 131/633/211
f 111/634/212 113/635/212 132/636/212
f 111/637/213 132/638/213 130/639/213
f 113/640/214 114/641/214 133/642/214
f 113/643/215 133/644/215 132/645/215
f 114/646/216 115/647/216 134/648/216
f 114/649/217 134/650/217 133/651/217
f 134/652/218 115/653/218 38/654/218
f 116/655/219 135/656/219 3/657/219
f 116/658/220 117/659/220 136/660/220
f 116/661/221 136/662/221 135/663/221
f 117/664/222 118/665/222 137/666/222
f 117/667/223 137/668/223 136/669/223
f 118/670/224 119/671/224 138/672/224
f 118/673/225 138/674/225 137/675/225
f 119/676/226 120/677/226 139/678/226
f 119/679/227 139/680/227 138/681/227
f 120/682/228 121/683/228 140/684/228
f 120/685/229 140/686/229 139/687/229
f 121/688/230 122/689/230 141/690/230
f 121/691/231 141/692/231 140/693/231
f 122/694/232 123/695/232 142/696/232
f 122/697/233 142/698/233 141/699/233
f 123/700/234 124/701/234 143/702/234
f 123/703/235 143/704/235 142/705/235
f 124/706/236 125/707/236 144/708/236
f 124/709/237 144/710/237 143/711/237
f 125/712/238 126/713/238 145/714/238
f 125/715/239 145/716/239 144/717/239
f 126/718/240 127/719/240 146/720/240
f 126/721/241 146/722/241 145/723/241
f 127/724/242 128/725/242 147/726/242
f 127/727/243 147/728/243 146/729/243
f 131/730/244 130/731/244 148/732/244
f 131/733/245 148/734/245 149/735/245
f 130/736/246 132/737/246 150/738/246
f 130/739/247 150/740/247 148/741/247
f 132/742/248 133/743/248 151/744/248
f 132/745/249 151/746/249 150/747/249
f 133/748/250 134/749/250 152/750/250
f 133/751/251 152/752/251 151/753/251
f 152/754/252 134/755/252 38/756/252
f 135/757/253 153/758/253 3/759/253
f 135/760/254 136/761/254 154/762/254
f 135/763/255 154/764/255 153/765/255
f 136/766/256 137/767/256 155/768/256
f 136/769/257 155/770/257 154/771/257
f 137/772/258 138/773/258 156/774/258
f 137/775/259 156/776/259 155/777/259
f 138/778/260 139/779/260 157/780/260
f 138/781/261 157/782/261 156/783/261
f 139/784/262 140/785/262 158/786/262
f 139/787/263 158/788/263 157/789/263
f 140/790/264 141/791/264 159/792/264
f 140/793/265 159/794/265 158/795/265
f 141/796/266 142/797/266 160/798/266
f 141/799/267 160/800/267 159/801/267
f 142/802/268 143/803/268 161/804/268
f 142/805/269 161/806/269 160/807/269
f 143/808/270 144/809/270 162/810/270
f 143/811/271 162/812/271 161/813/271
f 144/814/272 145/815/272 163/816/272
f 144/817/273 163/818/273 162/819/273
f 145/820/274 146/821/274 164/822/274
f 145/823/275 164/824/275 163/825/275
f 146/826/276 147/827/276 165/828/276
f 146/829/277 165/830/277 164/831/277
f 147/832/278 166/833/278 167/834/278
f 147/835/279 167/836/279 165/837/279
f 166/838/280 149/839/280 168/840/280
f 166/841/281 168/842/281 167/843/281
f 149/844/282 148/845/282 169/846/282
f 149/847/283 169/848/283 168/849/283
f 148/850/284 150/851/284 170/852/284
f 148/853/285 170/854/285 169/855/285
f 150/856/286 151/857/286 171/858/286
f 150/859/287 171/860/287 170/861/287
f 151/862/288 152/863/288 172/864/288
f 151/865/289 172/866/289 171/867/289
f 172/868/290 152/869/290 38/870/290
f 153/871/291 173/872/291 3/873/291
f 153/874/292 154/875/292 174/876/292
f 153/877/293 174/878/293 173/879/293
f 154/880/294 155/881/294 175/882/294
f 154/883/295 175/884/295 174/885/295
f 155/886/296 156/887/296 176/888/296
f 155/889/297 176/890/297 175/891/297
f 156/892/298 157/893/298 177/894/298
f 156/895/299 177/896/299 176/897/299
f 157/898/300 158/899/300 178/900/300
f 157/901/301 178/902/301 177/903/301
f 158/904/302 159/905/302 179/906/302
f 158/907/303 179/908/303 178/909/303
f 159/910/304 160/911/304 180/912/304
f 159/913/305 180/914/305 179/915/305
f 160/916/306 161/917/306 181/918/306
f 160/919/307 181/920/307 180/921/307
f 161/922/308 162/923/308 182/924/308
f 161/925/309 182/926/309 181/927/309
f 162/928/310 163/929/310 183/930/310
f 162/931/311 183/932/311 182/933/311
f 163/934/312 164/935/312 184/936/312
f 163/937/313 184/938/313 183/939/313
f 164/940/314 165/941/314 185/942/314
f 164/943/315 185/944/315 184/945/315
f 165/946/316 167/947/316 186/948/316
f 165/949/317 186/950/317 185/951/317
f 167/952/318 168/953/318 187/954/318
f 167/955/319 187/956/319 186/957/319
f 168/958/320 169/959/320 188/960/320
f 168/961/321 188/962/321 187/963/321
f 169/964/322 170/965/322 189/966/322
f 169/967/323 189/968/323 188/969/323
f 170/970/324 171/971/324 190/972/324
f 170/973/325 190/974/325 189/975/325
f 171/976/326 172/977/326 191/978/326
f 171/979/327 191/980/327 190/981/327
f 191/982/328 172/983/328 38/984/328
f 173/985/329 192/986/329 3/987/329
f 173/988/330 174/989/330 193/990/330
f 173/991/331 193/992/331 192/993/331
f 174/994/332 175/995/332 194/996/332
f 174/997/333 194/998/333 193/999/333
f 175/1000/334 176/1001/334 195/1002/334
f 175/1003/335 195/1004/335 194/1005/335
f 176/1006/336 177/1007/336 196/1008/336
f 176/1009/337 196/1010/337 195/1011/337
f 177/1012/338 178/1013/338 197/1014/338
f 177/1015/339 197/1016/339 196/1017/339
f 178/1018/340 179/1019/340 198/1020/340
f 178/1021/341 198/1022/341 197/1023/341
f 179/1024/342 180/1025/342 199/1026/342
f 179/1027/343 199/1028/343 198/1029/343
f 180/1030/344 181/1031/344 200/1032/344
f 180/1033/345 200/1034/345 199/1035/345
f 181/1036/346 182/1037/346 201/1038/346
f 181/1039/347 201/1040/347 200/1041/347
f 182/1042/348 183/1043/348 202/1044/348
f 182/1045/349 202/1046/349 201/1047/349
f 183/1048/350 184/1049/350 203/1050/350
f 183/1051/351 203/1052/351 202/1053/351
f 184/1054/352 185/1055/352 204/1056/352
f 184/1057/353 204/1058/353 203/1059/353
f 185/1060/354 186/1061/354 205/1062/354
f 185/1063/355 205/1064/355 204/1065/355
f 186/1066/356 187/1067/356 206/1068/356
f 186/1069/357 206/1070/357 205/1071/357
f 187/1072/358 188/1073/358 207/1074/358
f 187/1075/359 207/1076/359 206/1077/359
f 188/1078/360 189/1079/360 208/1080/360
f 188/1081/361 208/1082/361 207/1083/361
f 189/1084/362 190/1085/362 209/1086/362
f 189/1087/363 209/1088/363 208/1089/363
f 190/1090/364 191/1091/364 210/1092/364
f 190/1093/365 210/1094/365 209/1095/365
f 210/1096/366 191/1097/366 38/1098/366
f 192/1099/367 211/1100/367 3/1101/367
f 192/1102/368 193/1103/368 212/1104/368
f 192/1105/369 212/1106/369 211/1107/369
f 193/1108/370 194/1109/370 213/1110/370
f 193/1111/371 213/1112/371 212/1113/371
f 194/1114/372 195/1115/372 214/1116/372
f 194/1117/373 214/1118/373 213/1119/373
f 195/1120/374 196/1121/374 215/1122/374
f 195/1123/375 215/1124/375 214/1125/375
f 196/1126/376 197/1127/376 216/1128/376
f 196/1129/377 216/1130/377 215/1131/377
f 197/1132/378 198/1133/378 217/1134/378
f 197/1135/379 217/1136/379 216/1137/379
f 198/1138/380 199/1139/380 218/1140/380
f 198/1141/381 218/1142/381 217/1143/381
f 199/1144/382 200/1145/382 219/1146/382
f 199/1147/383 219/1148/383 218/1149/383
f 200/1150/384 201/1151/384 220/1152/384
f 200/1153/385 220/1154/385 219/1155/385
f 201/1156/386 202/1157/386 221/1158/386
f 201/1159/387 221/1160/387 220/1161/387
f 202/1162/388 203/1163/388 222/1164/388
f 202/1165/389 222/1166/389 221/1167/389
f 203/1168/390 204/1169/390 223/1170/390
f 203/1171/391 223/1172/391 222/1173/391
f 204/1174/392 205/1175/392 224/1176/392
f 204/1177/393 224/1178/393 223/1179/393
f 205/1180/394 206/1181/394 225/1182/394
f 205/1183/395 225/1184/395 224/1185/395
f 206/1186/396 207/1187/396 226/1188/396
f 206/1189/397 226/1190/397 225/1191/397
f 207/1192/398 208/1193/398 227/1194/398
f 207/1195/399 227/1196/399 226/1197/399
f 208/1198/400 209/1199/400 228/1200/400
f 208/1201/401 228/1202/401 227/1203/401
f 209/1204/402 210/1205/402 229/1206/402
f 209/1207/403 229/1208/403 228/1209/403
f 229/1210/404 210/1211/404 38/1212/404
f 211/1213/405 230/1214/405 3/1215/405
f 211/1216/406 212/1217/406 231/1218/406
f 211/1219/407 231/1220/407 230/1221/407
f 212/1222/408 213/1223/408 232/1224/408
f 212/1225/409 232/1226/409 231/1227/409
f 213/1228/410 214/1229/410 233/1230/410
f 213/1231/411 233/1232/411 232/1233/411
f 214/1234/412 215/1235/412 234/1236/412
f 214/1237/413 234/1238/413 233/1239/413
f 215/1240/414 216/1241/414 235/1242/414
f 215/1243/415 235/1244/415 234/1245/415
f 216/1246/416 217/1247/416 236/1248/416
f 216/1249/417 236/1250/417 235/1251/417
f 217/1252/418 218/1253/418 237/1254/418
f 217/1255/419 237/1256/419 236/1257/419
f 218/1258/420 219/1259/420 238/1260/420
f 218/1261/421 238/1262/421 237/1263/421
f 219/1264/422 220/1265/422 239/1266/422
f 219/1267/423 239/1268/423 238/1269/423
f 220/1270/424 221/1271/424 240/1272/424
f 220/1273/425 240/1274/425 239/1275/425
f 221/1276/426 222/1277/426 241/1278/426
f 221/1279/427 241/1280/427 240/1281/427
f 222/1282/428 223/1283/428 242/1284/428
f 222/1285/429 242/1286/429 241/1287/429
f 223/1288/430 224/1289/430 243/1290/430
f 223/1291/431 243/1292/431 242/1293/431
f 224/1294/432 225/1295/432 244/1296/432
f 224/1297/433 244/1298/433 243/1299/433
f 225/1300/434 226/1301/434 245/1302/434
f 225/1303/435 245/1304/435 244/1305/435
f 226/1306/436 227/1307/436 246/1308/436
f 226/1309/437 246/1310/437 245/1311/437
f 227/1312/438 228/1313/438 247/1314/438
f 227/1315/439 247/1316/439 246/1317/439
f 228/1318/440 229/1319/440 248/1320/440
f 228/1321/441 248/1322/441 247/1323/441
f 248/1324/442 229/1325/442 38/1326/442
f 230/1327/443 249/1328/443 3/1329/443
f 230/1330/444 231/1331/444 250/1332/444
f 230/1333/445 250/1334/445 249/1335/445
f 231/1336/446 232/1337/446 251/1338/446
f 231/1339/447 251/1340/447 250/1341/447
f 232/1342/448 233/1343/448 252/1344/448
f 232/1345/449 252/1346/449 251/1347/449
f 233/1348/450 234/1349/450 253/1350/450
f 233/1351/451 253/1352/451 252/1353/451
f 234/1354/452 235/1355/452 254/1356/452
f 234/1357/453 254/1358/453 253/1359/453
f 235/1360/454 236/1361/454 255/1362/454
f 235/1363/455 255/1364/455 254/1365/455
f 236/1366/456 237/1367/456 256/1368/456
f 236/1369/457 256/1370/457 255/1371/457
f 237/1372/458 238/1373/458 257/1374/458
f 237/1375/459 257/1376/459 256/1377/459
f 238/1378/460 239/1379/460 258/1380/460
f 238/1381/461 258/1382/461 257/1383/461
f 239/1384/462 240/1385/462 259/1386/462
f 239/1387/463 259/1388/463 258/1389/463
f 240/1390/464 241/1391/464 260/1392/464
f 240/1393/465 260/1394/465 259/1395/465
f 241/1396/466 242/1397/466 261/1398/466
f 241/1399/467 261/1400/467 260/1401/467
f 242/1402/468 243/1403/468 262/1404/468
f 242/1405/469 262/1406/469 261/1407/469
f 243/1408/470 244/1409/470 263/1410/470
f 243/1411/471 263/1412/471 262/1413/471
f 244/1414/472 245/1415/472 264/1416/472
f 244/1417/473 264/1418/473 263/1419/473
f 245/1420/474 246/1421/474 265/1422/474
f 245/1423/475 265/1424/475 264/1425/475
f 246/1426/476 247/1427/476 266/1428/476
f 246/1429/477 266/1430/477 265/1431/477
f 247/1432/478 248/1433/478 267/1434/478
f 247/1435/479 267/1436/479 266/1437/479
f 267/1438/480 248/1439/480 38/1440/480
f 249/1441/481 268/1442/481 3/1443/481
f 249/1444/482 250/1445/482 269/1446/482
f 249/1447/483 269/1448/483 268/1449/483
f 250/1450/484 251/1451/484 270/1452/484
f 250/1453/485 270/1454/485 269/1455/485
f 251/1456/486 252/1457/486 271/1458/486
f 251/1459/487 271/1460/487 270/1461/487
f 252/1462/488 253/1463/488 272/1464/488
f 252/1465/489 272/1466/489 271/1467/489
f 253/1468/490 254/1469/490 273/1470/490
f 253/1471/491 273/1472/491 272/1473/491
f 254/1474/492 255/1475/492 274/1476/492
f 254/1477/493 274/1478/493 273/1479/493
f 255/1480/494 256/1481/494 275/1482/494
f 255/1483/495 275/1484/495 274/1485/495
f 256/1486/496 257/1487/496 276/1488/496
f 256/1489/497 276/1490/497 275/1491/497
f 257/1492/498 258/1493/498 277/1494/498
f 257/1495/499 277/1496/499 276/1497/499
f 258/1498/500 259/1499/500 278/1500/500
f 258/1501/501 278/1502/501 277/1503/501
f 259/1504/502 260/1505/502 279/1506/502
f 259/1507/503 279/1508/503 278/1509/503
f 260/1510/504 261/1511/504 280/1512/504
f 260/1513/505 280/1514/505 279/1515/505
f 261/1516/506 262/1517/506 281/1518/506
f 261/1519/507 281/1520/507 280/1521/507
f 262/1522/508 263/1523/508 282/1524/508
f 262/1525/509 282/1526/509 281/1527/509
f 263/1528/510 264/1529/510 283/1530/510
f 263/1531/511 283/1532/511 282/1533/511
f 264/1534/512 265/1535/512 284/1536/512
f 264/1537/513 284/1538/513 283/1539/513
f 265/1540/514 266/1541/514 285/1542/514
f 265/1543/515 285/1544/515 284/1545/515
f 266/1546/516 267/1547/516 286/1548/516
f 266/1549/517 286/1550/517 285/1551/517
f 286/1552/518 267/1553/518 38/1554/518
f 268/1555/519 287/1556/519 3/1557/519
f 268/1558/520 269/1559/520 288/1560/520
f 268/1561/521 288/1562/521 287/1563/521
f 269/1564/522 270/1565/522 289/1566/522
f 269/1567/523 289/1568/523 288/1569/523
f 270/1570/524 271/1571/524 290/1572/524
f 270/1573/525 290/1574/525 289/1575/525
f 271/1576/526 272/1577/526 291/1578/526
f 271/1579/527 291/1580/527 290/1581/527
f 272/1582/528 273/1583/528 292/1584/528
f 272/1585/529 292/1586/529 291/1587/529
f 273/1588/530 274/1589/530 293/1590/530
f 273/1591/531 293/1592/531 292/1593/531
f 274/1594/532 275/1595/532 294/1596/532
f 274/1597/533 294/1598/533 293/1599/533
f 275/1600/534 276/1601/534 295/1602/534
f 275/1603/535 295/1604/535 294/1605/535
f 276/1606/536 277/1607/536 296/1608/536
f 276/1609/537 296/1610/537 295/1611/537
f 277/1612/538 278/1613/538 297/1614/538
f 277/1615/539 297/1616/539 296/1617/539
f 278/1618/540 279/1619/540 298/1620/540
f 278/1621/541 298/1622/541 297/1623/541
f 279/1624/542 280/1625/542 299/1626/542
f 279/1627/543 299/1628/543 298/1629/543
f 280/1630/544 281/1631/544 300/1632/544
f 280/1633/545 300/1634/545 299/1635/545
f 281/1636/546 282/1637/546 301/1638/546
f 281/1639/547 301/1640/547 300/1641/547
f 282/1642/548 283/1643/548 302/1644/548
f 282/1645/549 302/1646/549 301/1647/549
f 283/1648/550 284/1649/550 303/1650/550
f 283/1651/551 303/1652/551 302/1653/551
f 284/1654/552 285/1655/552 304/1656/552
f 284/1657/553 304/1658/553 303/1659/553
f 285/1660/554 286/1661/554 305/1662/554
f 285/1663/555 305/1664/555 304/1665/555
f 305/1666/556 286/1667/556 38/1668/556
f 287/1669/557 306/1670/557 3/1671/557
f 287/1672/558 288/1673/558 307/1674/558
f 287/1675/559 307/1676/559 306/1677/559
f 288/1678/560 289/1679/560 308/1680/560
f 288/1681/561 308/1682/561 307/1683/561
f 289/1684/562 290/1685/562 309/1686/562
f 289/1687/563 309/1688/563 308/1689/563
f 290/1690/564 291/1691/564 310/1692/564
f 290/1693/565 310/1694/565 309/1695/565
f 291/1696/566 292/1697/566 311/1698/566
f 291/1699/567 311/1700/567 310/1701/567
f 292/1702/568 293/1703/568 312/1704/568
f 292/1705/569 312/1706/569 311/1707/569
f 293/1708/570 294/1709/570 313/1710/570
f 293/1711/571 313/1712/571 312/1713/571
f 294/1714/572 295/1715/572 314/1716/572
f 294/1717/573 314/1718/573 313/1719/573
f 295/1720/574 296/1721/574 315/1722/574
f 295/1723/575 315/1724/575 314/1725/575
f 296/1726/576 297/1727/576 316/1728/576
f 296/1729/577 316/1730/577 315/1731/577
f 297/1732/578 298/1733/578 317/1734/578
f 297/1735/579 317/1736/579 316/1737/579
f 298/1738/580 299/1739/580 318/1740/580
f 298/1741/581 318/1742/581 317/1743/581
f 299/1744/582 300/1745/582 319/1746/582
f 299/1747/583 319/1748/583 318/1749/583
f 300/1750/584 301/1751/584 320/1752/584
f 300/1753/585 320/1754/585 319/1755/585
f 301/1756/586 302/1757/586 321/1758/586
f 301/1759/587 321/1760/587 320/1761/587
f 302/1762/588 303/1763/588 322/1764/588
f 302/1765/589 322/1766/589 321/1767/589
f 303/1768/590 304/1769/590 323/1770/590
f 303/1771/591 323/1772/591 322/1773/591
f 304/1774/592 305/1775/592 324/1776/592
f 304/1777/593 324/1778/593 323/1779/593
f 324/1780/594 305/1781/594 38/1782/594
f 306/1783/595 325/1784/595 3/1785/595
f 306/1786/596 307/1787/596 326/1788/596
f 306/1789/597 326/1790/597 325/1791/597
f 307/1792/598 308/1793/598 327/1794/598
f 307/1795/599 327/1796/599 326/1797/599
f 308/1798/600 309/1799/600 328/1800/600
f 308/1801/601 328/1802/601 327/1803/601
f 309/1804/602 310/1805/602 329/1806/602
f 309/1807/603 329/1808/603 328/1809/603
f 310/1810/604 311/1811/604 330/1812/604
f 310/1813/605 330/1814/605 329/1815/605
f 311/1816/606 312/1817/606 331/1818/606
f 311/1819/607 331/1820/607 330/1821/607
f 312/1822/608 313/1823/608 332/1824/608
f 312/1825/609 332/1826/609 331/1827/609
f 313/1828/610 314/1829/610 333/1830/610
f 313/1831/611 333/1832/611 332/1833/611
f 314/1834/612 315/1835/612 334/1836/612
f 314/1837/613 334/1838/613 333/1839/613
f 315/1840/614 316/1841/614 335/1842/614
f 315/1843/615 335/1844/615 334/1845/615
f 316/1846/616 317/1847/616 336/1848/616
f 316/1849/617 336/1850/617 335/1851/617
f 317/1852/618 318/1853/618 337/1854/618
f 317/1855/619 337/1856/619 336/1857/619
f 318/1858/620 319/1859/620 338/1860/620
f 318/1861/621 338/1862/621 337/1863/621
f 319/1864/622 320/1865/622 339/1866/622
f 319/1867/623 339/1868/623 338/1869/623
f 320/1870/624 321/1871/624 340/1872/624
f 320/1873/625 340/1874/625 339/1875/625
f 321/1876/626 322/1877/626 341/1878/626
f 321/1879/627 341/1880/627 340/1881/627
f 322/1882/628 323/1883/628 342/1884/628
f 322/1885/629 342/1886/629 341/1887/629
f 323/1888/630 324/1889/630 343/1890/630
f 323/1891/631 343/1892/631 342/1893/631
f 343/1894/632 324/1895/632 38/1896/632
f 325/1897/633 344/1898/633 3/1899/633
f 325/1900/634 326/1901/634 345/1902/634
f 325/1903/635 345/1904/635 344/1905/635
f 326/1906/636 327/1907/636 346/1908/636
f 326/1909/637 346/1910/637 345/1911/637
f 327/1912/638 328/1913/638 347/1914/638
f 327/1915/639 347/1916/639 346/1917/639
f 328/1918/640 329/1919/640 348/1920/640
f 328/1921/641 348/1922/641 347/1923/641
f 329/1924/642 330/1925/642 349/1926/642
f 329/1927/643 349/1928/643 348/1929/643
f 330/1930/644 331/1931/644 350/1932/644
f 330/1933/645 350/1934/645 349/1935/645
f 331/1936/646 332/1937/646 351/1938/646
f 331/1939/647 351/1940/647 350/1941/647
f 332/1942/648 333/1943/648 352/1944/648
f 332/1945/649 352/1946/649 351/1947/649
f 333/1948/650 334/1949/650 353/1950/650
f 333/1951/651 353/1952/651 352/1953/651
f 334/1954/652 335/1955/652 354/1956/652
f 334/1957/653 354/1958/653 353/1959/653
f 335/1960/654 336/1961/654 355/1962/654
f 335/1963/655 355/1964/655 354/1965/655
f 336/1966/656 337/1967/656 356/1968/656
f 336/1969/657 356/1970/657 355/1971/657
f 337/1972/658 338/1973/658 357/1974/658
f 337/1975/659 357/1976/659 356/1977/659
f 338/1978/660 339/1979/660 358/1980/660
f 338/1981/661 358/1982/661 357/1983/661
f 339/1984/662 340/1985/662 359/1986/662
f 339/1987/663 359/1988/663 358/1989/663
f 340/1990/664 341/1991/664 360/1992/664
f 340/1993/665 360/1994/665 359/1995/665
f 341/1996/666 342/1997/666 361/1998/666
f 341/1999/667 361/2000/667 360/2001/667
f 342/2002/668 343/2003/668 362/2004/668
f 342/2005/669 362/2006/669 361/2007/669
f 362/2008/670 343/2009/670 38/2010/670
f 344/2011/671 363/2012/671 3/2013/671
f 344/2014/672 345/2015/672 364/2016/672
f 344/2017/673 364/2018/673 363/2019/673
f 345/2020/674 346/2021/674 365/2022/674
f 345/2023/675 365/2024/675 364/2025/675
f 346/2026/676 347/2027/676 366/2028/676
f 346/2029/677 366/2030/677 365/2031/677
f 347/2032/678 348/2033/678 367/2034/678
f 347/2035/679 367/2036/679 366/2037/679
f 348/2038/680 349/2039/680 368/2040/680
f 348/2041/681 368/2042/681 367/2043/681
f 349/2044/682 350/2045/682 369/2046/682
f 349/2047/683 369/2048/683 368/2049/683
usemtl m_a66fa9c6-be00-8022-800c-c0435060f55a
f 350/2050/684 351/2051/684 370/2052/684
f 350/2053/685 370/2054/685 369/2055/685
usemtl m_1cd16f11-2f19-320f-59ce-677983ba3218
f 351/2056/686 352/2057/686 371/2058/686
f 351/2059/687 371/2060/687 370/2061/687
f 352/2062/688 353/2063/688 372/2064/688
f 352/2065/689 372/2066/689 371/2067/689
f 353/2068/690 354/2069/690 373/2070/690
f 353/2071/691 373/2072/691 372/2073/691
f 354/2074/692 355/2075/692 374/2076/692
f 354/2077/693 374/2078/693 373/2079/693
f 355/2080/694 356/2081/694 375/2082/694
f 355/2083/695 375/2084/695 374/2085/695
f 356/2086/696 357/2087/696 376/2088/696
f 356/2089/697 376/2090/697 375/2091/697
f 357/2092/698 358/2093/698 377/2094/698
f 357/2095/699 377/2096/699 376/2097/699
f 358/2098/700 359/2099/700 378/2100/700
f 358/2101/701 378/2102/701 377/2103/701
f 359/2104/702 360/2105/702 379/2106/702
f 359/2107/703 379/2108/703 378/2109/703
f 360/2110/704 361/2111/704 380/2112/704
f 360/2113/705 380/2114/705 379/2115/705
f 361/2116/706 362/2117/706 381/2118/706
f 361/2119/707 381/2120/707 380/2121/707
f 381/2122/708 362/2123/708 38/2124/708
f 363/2125/709 382/2126/709 3/2127/709
f 363/2128/710 364/2129/710 383/2130/710
f 363/2131/711 383/2132/711 382/2133/711
f 364/2134/712 365/2135/712 384/2136/712
f 364/2137/713 384/2138/713 383/2139/713
f 365/2140/714 366/2141/714 385/2142/714
f 365/2143/715 385/2144/715 384/2145/715
f 366/2146/716 367/2147/716 386/2148/716
f 366/2149/717 386/2150/717 385/2151/717
f 367/2152/718 368/2153/718 387/2154/718
f 367/2155/719 387/2156/719 386/2157/719
f 368/2158/720 369/2159/720 388/2160/720
f 368/2161/721 388/2162/721 387/2163/721
f 369/2164/722 370/2165/722 389/2166/722
f 369/2167/723 389/2168/723 388/2169/723
f 370/2170/724 371/2171/724 390/2172/724
f 370/2173/725 390/2174/725 389/2175/725
f 371/2176/726 372/2177/726 391/2178/726
f 371/2179/727 391/2180/727 390/2181/727
f 372/2182/728 373/2183/728 392/2184/728
f 372/2185/729 392/2186/729 391/2187/729
f 373/2188/730 374/2189/730 393/2190/730
f 373/2191/731 393/2192/731 392/2193/731
f 374/2194/732 375/2195/732 394/2196/732
f 374/2197/733 394/2198/733 393/2199/733
f 375/2200/734 376/2201/734 395/2202/734
f 375/2203/735 395/2204/735 394/2205/735
f 376/2206/736 377/2207/736 396/2208/736
f 376/2209/737 396/2210/737 395/2211/737
f 377/2212/738 378/2213/738 397/2214/738
f 377/2215/739 397/2216/739 396/2217/739
f 378/2218/740 379/2219/740 398/2220/740
f 378/2221/741 398/2222/741 397/2223/741
f 379/2224/742 380/2225/742 399/2226/742
f 379/2227/743 399/2228/743 398/2229/743
f 380/2230/744 381/2231/744 400/2232/744
f 380/2233/745 400/2234/745 399/2235/745
f 400/2236/746 381/2237/746 38/2238/746
f 382/2239/747 401/2240/747 3/2241/747
f 382/2242/748 383/2243/748 402/2244/748
f 382/2245/749 402/2246/749 401/2247/749
f 383/2248/750 384/2249/750 403/2250/750
f 383/2251/751 403/2252/751 402/2253/751
f 384/2254/752 385/2255/752 404/2256/752
f 384/2257/753 404/2258/753 403/2259/753
f 385/2260/754 386/2261/754 405/2262/754
f 385/2263/755 405/2264/755 404/2265/755
f 386/2266/756 387/2267/756 406/2268/756
f 386/2269/757 406/2270/757 405/2271/757
f 387/2272/758 388/2273/758 407/2274/758
f 387/2275/759 407/2276/759 406/2277/759
f 388/2278/760 389/2279/760 408/2280/760
f 388/2281/761 408/2282/761 407/2283/761
f 389/2284/762 390/2285/762 409/2286/762
f 389/2287/763 409/2288/763 408/2289/763
f 390/2290/764 391/2291/764 410/2292/764
f 390/2293/765 410/2294/765 409/2295/765
f 391/2296/766 392/2297/766 411/2298/766
f 391/2299/767 411/2300/767 410/2301/767
f 392/2302/768 393/2303/768 412/2304/768
f 392/2305/769 412/2306/769 411/2307/769
f 393/2308/770 394/2309/770 413/2310/770
f 393/2311/771 413/2312/771 412/2313/771
f 394/2314/772 395/2315/772 414/2316/772
f 394/2317/773 414/2318/773 413/2319/773
f 395/2320/774 396/2321/774 415/2322/774
f 395/2323/775 415/2324/775 414/2325/775
f 396/2326/776 397/2327/776 416/2328/776
f 396/2329/777 416/2330/777 415/2331/777
f 397/2332/778 398/2333/778 417/2334/778
f 397/2335/779 417/2336/779 416/2337/779
f 398/2338/780 399/2339/780 418/2340/780
f 398/2341/781 418/2342/781 417/2343/781
f 399/2344/782 400/2345/782 419/2346/782
f 399/2347/783 419/2348/783 418/2349/783
f 419/2350/784 400/2351/784 38/2352/784
f 401/2353/785 420/2354/785 3/2355/785
f 401/2356/786 402/2357/786 421/2358/786
f 401/2359/787 421/2360/787 420/2361/787
f 402/2362/788 403/2363/788 422/2364/788
f 402/2365/789 422/2366/789 421/2367/789
f 403/2368/790 404/2369/790 423/2370/790
f 403/2371/791 423/2372/791 422/2373/791
f 404/2374/792 405/2375/792 424/2376/792
f 404/2377/793 424/2378/793 423/2379/793
f 405/2380/794 406/2381/794 425/2382/794
f 405/2383/795 425/2384/795 424/2385/795
f 406/2386/796 407/2387/796 426/2388/796
f 406/2389/797 426/2390/797 425/2391/797
f 407/2392/798 408/2393/798 427/2394/798
f 407/2395/799 427/2396/799 426/2397/799
f 408/2398/800 409/2399/800 428/2400/800
f 408/2401/801 428/2402/801 427/2403/801
f 409/2404/802 410/2405/802 429/2406/802
f 409/2407/803 429/2408/803 428/2409/803
f 410/2410/804 411/2411/804 430/2412/804
f 410/2413/805 430/2414/805 429/2415/805
f 411/2416/806 412/2417/806 431/2418/806
f 411/2419/807 431/2420/807 430/2421/807
f 412/2422/808 413/2423/808 432/2424/808
f 412/2425/809 432/2426/809 431/2427/809
f 413/2428/810 414/2429/810 433/2430/810
f 413/2431/811 433/2432/811 432/2433/811
f 414/2434/812 415/2435/812 434/2436/812
f 414/2437/813 434/2438/813 433/2439/813
f 415/2440/814 416/2441/814 435/2442/814
f 415/2443/815 435/2444/815 434/2445/815
f 416/2446/816 417/2447/816 436/2448/816
f 416/2449/817 436/2450/817 435/2451/817
f 417/2452/818 418/2453/818 437/2454/818
f 417/2455/819 437/2456/819 436/2457/819
f 418/2458/820 419/2459/820 438/2460/820
f 418/2461/821 438/2462/821 437/2463/821
f 438/2464/822 419/2465/822 38/2466/822
f 420/2467/823 439/2468/823 3/2469/823
f 420/2470/824 421/2471/824 440/2472/824
f 420/2473/825 440/2474/825 439/2475/825
f 421/2476/826 422/2477/826 441/2478/826
f 421/2479/827 441/2480/827 440/2481/827
f 422/2482/828 423/2483/828 442/2484/828
f 422/2485/829 442/2486/829 441/2487/829
f 423/2488/830 424/2489/830 443/2490/830
f 423/2491/831 443/2492/831 442/2493/831
f 424/2494/832 425/2495/832 444/2496/832
f 424/2497/833 444/2498/833 443/2499/833
f 425/2500/834 426/2501/834 445/2502/834
f 425/2503/835 445/2504/835 444/2505/835
f 426/2506/836 427/2507/836 446/2508/836
f 426/2509/837 446/2510/837 445/2511/837
f 427/2512/838 428/2513/838 447/2514/838
f 427/2515/839 447/2516/839 446/2517/839
f 428/2518/840 429/2519/840 448/2520/840
f 428/2521/841 448/2522/841 447/2523/841
f 429/2524/842 430/2525/842 449/2526/842
f 429/2527/843 449/2528/843 448/2529/843
f 430/2530/844 431/2531/844 450/2532/844
f 430/2533/845 450/2534/845 449/2535/845
f 431/2536/846 432/2537/846 451/2538/846
f 431/2539/847 451/2540/847 450/2541/847
f 432/2542/848 433/2543/848 452/2544/848
f 432/2545/849 452/2546/849 451/2547/849
f 433/2548/850 434/2549/850 453/2550/850
f 433/2551/851 453/2552/851 452/2553/851
f 434/2554/852 435/2555/852 454/2556/852
f 434/2557/853 454/2558/853 453/2559/853
f 435/2560/854 436/2561/854 455/2562/854
f 435/2563/855 455/2564/855 454/2565/855
f 436/2566/856 437/2567/856 456/2568/856
f 436/2569/857 456/2570/857 455/2571/857
f 437/2572/858 438/2573/858 457/2574/858
f 437/2575/859 457/2576/859 456/2577/859
f 457/2578/860 438/2579/860 38/2580/860
f 439/2581/861 458/2582/861 3/2583/861
f 439/2584/862 440/2585/862 459/2586/862
f 439/2587/863 459/2588/863 458/2589/863
f 440/2590/864 441/2591/864 460/2592/864
f 440/2593/865 460/2594/865 459/2595/865
f 441/2596/866 442/2597/866 461/2598/866
f 441/2599/867 461/2600/867 460/2601/867
f 442/2602/868 443/2603/868 462/2604/868
f 442/2605/869 462/2606/869 461/2607/869
f 443/2608/870 444/2609/870 463/2610/870
f 443/2611/871 463/2612/871 462/2613/871
f 444/2614/872 445/2615/872 464/2616/872
f 444/2617/873 464/2618/873 463/2619/873
f 445/2620/874 446/2621/874 465/2622/874
f 445/2623/875 465/2624/875 464/2625/875
f 446/2626/876 447/2627/876 466/2628/876
f 446/2629/877 466/2630/877 465/2631/877
f 447/2632/878 448/2633/878 467/2634/878
f 447/2635/879 467/2636/879 466/2637/879
f 448/2638/880 449/2639/880 468/2640/880
f 448/2641/881 468/2642/881 467/2643/881
f 449/2644/882 450/2645/882 469/2646/882
f 449/2647/883 469/2648/883 468/2649/883
f 450/2650/884 451/2651/884 470/2652/884
f 450/2653/885 470/2654/885 469/2655/885
f 451/2656/886 452/2657/886 471/2658/886
f 451/2659/887 471/2660/887 470/2661/887
f 452/2662/888 453/2663/888 472/2664/888
f 452/2665/889 472/2666/889 471/2667/889
f 453/2668/890 454/2669/890 473/2670/890
f 453/2671/891 473/2672/891 472/2673/891
f 454/2674/892 455/2675/892 474/2676/892
f 454/2677/893 474/2678/893 473/2679/893
f 455/2680/894 456/2681/894 475/2682/894
f 455/2683/895 475/2684/895 474/2685/895
f 456/2686/896 457/2687/896 476/2688/896
f 456/2689/897 476/2690/897 475/2691/897
f 476/2692/898 457/2693/898 38/2694/898
f 458/2695/899 477/2696/899 3/2697/899
f 458/2698/900 459/2699/900 478/2700/900
f 458/2701/901 478/2702/901 477/2703/901
f 459/2704/902 460/2705/902 479/2706/902
f 459/2707/903 479/2708/903 478/2709/903
f 460/2710/904 461/2711/904 480/2712/904
f 460/2713/905 480/2714/905 479/2715/905
f 461/2716/906 462/2717/906 481/2718/906
f 461/2719/907 481/2720/907 480/2721/907
f 462/2722/908 463/2723/908 482/2724/908
f 462/2725/909 482/2726/909 481/2727/909
f 463/2728/910 464/2729/910 483/2730/910
f 463/2731/911 483/2732/911 482/2733/911
f 464/2734/912 465/2735/912 484/2736/912
f 464/2737/913 484/2738/913 483/2739/913
f 465/2740/914 466/2741/914 485/2742/914
f 465/2743/915 485/2744/915 484/2745/915
f 466/2746/916 467/2747/916 486/2748/916
f 466/2749/917 486/2750/917 485/2751/917
f 467/2752/918 468/2753/918 487/2754/918
f 467/2755/919 487/2756/919 486/2757/919
f 468/2758/920 469/2759/920 488/2760/920
f 468/2761/921 488/2762/921 487/2763/921
f 469/2764/922 470/2765/922 489/2766/922
f 469/2767/923 489/2768/923 488/2769/923
f 470/2770/924 471/2771/924 490/2772/924
f 470/2773/925 490/2774/925 489/2775/925
f 471/2776/926 472/2777/926 491/2778/926
f 471/2779/927 491/2780/927 490/2781/927
f 472/2782/928 473/2783/928 492/2784/928
f 472/2785/929 492/2786/929 491/2787/929
f 473/2788/930 474/2789/930 493/2790/930
f 473/2791/931 493/2792/931 492/2793/931
f 474/2794/932 475/2795/932 494/2796/932
f 474/2797/933 494/2798/933 493/2799/933
f 475/2800/934 476/2801/934 495/2802/934
f 475/2803/935 495/2804/935 494/2805/935
f 495/2806/936 476/2807/936 38/2808/936
f 477/2809/937 496/2810/937 3/2811/937
f 477/2812/938 478/2813/938 497/2814/938
f 477/2815/939 497/2816/939 496/2817/939
f 478/2818/940 479/2819/940 498/2820/940
f 478/2821/941 498/2822/941 497/2823/941
f 479/2824/942 480/2825/942 499/2826/942
f 479/2827/943 499/2828/943 498/2829/943
f 480/2830/944 481/2831/944 500/2832/944
f 480/2833/945 500/2834/945 499/2835/945
f 481/2836/946 482/2837/946 501/2838/946
f 481/2839/947 501/2840/947 500/2841/947
f 482/2842/948 483/2843/948 502/2844/948
f 482/2845/949 502/2846/949 501/2847/949
f 483/2848/950 484/2849/950 503/2850/950
f 483/2851/951 503/2852/951 502/2853/951
f 484/2854/952 485/2855/952 504/2856/952
f 484/2857/953 504/2858/953 503/2859/953
f 485/2860/954 486/2861/954 505/2862/954
f 485/2863/955 505/2864/955 504/2865/955
f 486/2866/956 487/2867/956 506/2868/956
f 486/2869/957 506/2870/957 505/2871/957
f 487/2872/958 488/2873/958 507/2874/958
f 487/2875/959 507/2876/959 506/2877/959
f 488/2878/960 489/2879/960 508/2880/960
f 488/2881/961 508/2882/961 507/2883/961
f 489/2884/962 490/2885/962 509/2886/962
f 489/2887/963 509/2888/963 508/2889/963
f 490/2890/964 491/2891/964 510/2892/964
f 490/2893/965 510/2894/965 509/2895/965
f 491/2896/966 492/2897/966 511/2898/966
f 491/2899/967 511/2900/967 510/2901/967
f 492/2902/968 493/2903/968 512/2904/968
f 492/2905/969 512/2906/969 511/2907/969
f 493/2908/970 494/2909/970 513/2910/970
f 493/2911/971 513/2912/971 512/2913/971
f 494/2914/972 495/2915/972 514/2916/972
f 494/2917/973 514/2918/973 513/2919/973
f 514/2920/974 495/2921/974 38/2922/974
f 496/2923/975 515/2924/975 3/2925/975
f 496/2926/976 497/2927/976 516/2928/976
f 496/2929/977 516/2930/977 515/2931/977
f 497/2932/978 498/2933/978 517/2934/978
f 497/2935/979 517/2936/979 516/2937/979
f 498/2938/980 499/2939/980 518/2940/980
f 498/2941/981 518/2942/981 517/2943/981
f 499/2944/982 500/2945/982 519/2946/982
f 499/2947/983 519/2948/983 518/2949/983
f 500/2950/984 501/2951/984 520/2952/984
f 500/2953/985 520/2954/985 519/2955/985
f 501/2956/986 502/2957/986 521/2958/986
f 501/2959/987 521/2960/987 520/2961/987
f 502/2962/988 503/2963/988 522/2964/988
f 502/2965/989 522/2966/989 521/2967/989
f 503/2968/990 504/2969/990 523/2970/990
f 503/2971/991 523/2972/991 522/2973/991
f 504/2974/992 505/2975/992 524/2976/992
f 504/2977/993 524/2978/993 523/2979/993
f 505/2980/994 506/2981/994 525/2982/994
f 505/2983/995 525/2984/995 524/2985/995
f 506/2986/996 507/2987/996 526/2988/996
f 506/2989/997 526/2990/997 525/2991/997
f 507/2992/998 508/2993/998 527/2994/998
f 507/2995/999 527/2996/999 526/2997/999
f 508/2998/1000 509/2999/1000 528/3000/1000
f 508/3001/1001 528/3002/1001 527/3003/1001
f 509/3004/1002 510/3005/1002 529/3006/1002
f 509/3007/1003 529/3008/1003 528/3009/1003
f 510/3010/1004 511/3011/1004 530/3012/1004
f 510/3013/1005 530/3014/1005 529/3015/1005
f 511/3016/1006 512/3017/1006 531/3018/1006
f 511/3019/1007 531/3020/1007 530/3021/1007
f 512/3022/1008 513/3023/1008 532/3024/1008
f 512/3025/1009 532/3026/1009 531/3027/1009
f 513/3028/1010 514/3029/1010 533/3030/1010
f 513/3031/1011 533/3032/1011 532/3033/1011
f 533/3034/1012 514/3035/1012 38/3036/1012
f 515/3037/1013 534/3038/1013 3/3039/1013
f 515/3040/1014 516/3041/1014 535/3042/1014
f 515/3043/1015 535/3044/1015 534/3045/1015
f 516/3046/1016 517/3047/1016 536/3048/1016
f 516/3049/1017 536/3050/1017 535/3051/1017
f 517/3052/1018 518/3053/1018 537/3054/1018
f 517/3055/1019 537/3056/1019 536/3057/1019
f 518/3058/1020 519/3059/1020 538/3060/1020
f 518/3061/1021 538/3062/1021 537/3063/1021
f 519/3064/1022 520/3065/1022 539/3066/1022
f 519/3067/1023 539/3068/1023 538/3069/1023
f 520/3070/1024 521/3071/1024 540/3072/1024
f 520/3073/1025 540/3074/1025 539/3075/1025
f 521/3076/1026 522/3077/1026 541/3078/1026
f 521/3079/1027 541/3080/1027 540/3081/1027
f 522/3082/1028 523/3083/1028 542/3084/1028
f 522/3085/1029 542/3086/1029 541/3087/1029
f 523/3088/1030 524/3089/1030 543/3090/1030
f 523/3091/1031 543/3092/1031 542/3093/1031
f 524/3094/1032 525/3095/1032 544/3096/1032
f 524/3097/1033 544/3098/1033 543/3099/1033
f 525/3100/1034 526/3101/1034 545/3102/1034
f 525/3103/1035 545/3104/1035 544/3105/1035
f 526/3106/1036 527/3107/1036 546/3108/1036
f 526/3109/1037 546/3110/1037 545/3111/1037
f 527/3112/1038 528/3113/1038 547/3114/1038
f 527/3115/1039 547/3116/1039 546/3117/1039
f 528/3118/1040 529/3119/1040 548/3120/1040
f 528/3121/1041 548/3122/1041 547/3123/1041
f 529/3124/1042 530/3125/1042 549/3126/1042
f 529/3127/1043 549/3128/1043 548/3129/1043
f 530/3130/1044 531/3131/1044 550/3132/1044
f 530/3133/1045 550/3134/1045 549/3135/1045
f 531/3136/1046 532/3137/1046 551/3138/1046
f 531/3139/1047 551/3140/1047 550/3141/1047
f 532/3142/1048 533/3143/1048 552/3144/1048
f 532/3145/1049 552/3146/1049 551/3147/1049
f 552/3148/1050 533/3149/1050 38/3150/1050
f 534/3151/1051 553/3152/1051 3/3153/1051
f 534/3154/1052 535/3155/1052 554/3156/1052
f 534/3157/1053 554/3158/1053 553/3159/1053
f 535/3160/1054 536/3161/1054 555/3162/1054
f 535/3163/1055 555/3164/1055 554/3165/1055
f 536/3166/1056 537/3167/1056 556/3168/1056
f 536/3169/1057 556/3170/1057 555/3171/1057
f 537/3172/1058 538/3173/1058 557/3174/1058
f 537/3175/1059 557/3176/1059 556/3177/1059
f 538/3178/1060 539/3179/1060 558/3180/1060
f 538/3181/1061 558/3182/1061 557/3183/1061
f 539/3184/1062 540/3185/1062 559/3186/1062
f 539/3187/1063 559/3188/1063 558/3189/1063
f 540/3190/1064 541/3191/1064 560/3192/1064
f 540/3193/1065 560/3194/1065 559/3195/1065
f 541/3196/1066 542/3197/1066 561/3198/1066
f 541/3199/1067 561/3200/1067 560/3201/1067
f 542/3202/1068 543/3203/1068 562/3204/1068
f 542/3205/1069 562/3206/1069 561/3207/1069
f 543/3208/1070 544/3209/1070 563/3210/1070
f 543/3211/1071 563/3212/1071 562/3213/1071
f 544/3214/1072 545/3215/1072 564/3216/1072
f 544/3217/1073 564/3218/1073 563/3219/1073
f 545/3220/1074 546/3221/1074 565/3222/1074
f 545/3223/1075 565/3224/1075 564/3225/1075
f 546/3226/1076 547/3227/1076 566/3228/1076
f 546/3229/1077 566/3230/1077 565/3231/1077
f 547/3232/1078 548/3233/1078 567/3234/1078
f 547/3235/1079 567/3236/1079 566/3237/1079
f 548/3238/1080 549/3239/1080 568/3240/1080
f 548/3241/1081 568/3242/1081 567/3243/1081
f 549/3244/1082 550/3245/1082 569/3246/1082
f 549/3247/1083 569/3248/1083 568/3249/1083
f 550/3250/1084 551/3251/1084 570/3252/1084
f 550/3253/1085 570/3254/1085 569/3255/1085
f 551/3256/1086 552/3257/1086 571/3258/1086
f 551/3259/1087 571/3260/1087 570/3261/1087
f 571/3262/1088 552/3263/1088 38/3264/1088
f 553/3265/1089 572/3266/1089 3/3267/1089
f 553/3268/1090 554/3269/1090 573/3270/1090
f 553/3271/1091 573/3272/1091 572/3273/1091
f 554/3274/1092 555/3275/1092 574/3276/1092
f 554/3277/1093 574/3278/1093 573/3279/1093
f 555/3280/1094 556/3281/1094 575/3282/1094
f 555/3283/1095 575/3284/1095 574/3285/1095
f 556/3286/1096 557/3287/1096 576/3288/1096
f 556/3289/1097 576/3290/1097 575/3291/1097
f 557/3292/1098 558/3293/1098 577/3294/1098
f 557/3295/1099 577/3296/1099 576/3297/1099
f 558/3298/1100 559/3299/1100 578/3300/1100
f 558/3301/1101 578/3302/1101 577/3303/1101
f 559/3304/1102 560/3305/1102 579/3306/1102
f 559/3307/1103 579/3308/1103 578/3309/1103
f 560/3310/1104 561/3311/1104 580/3312/1104
f 560/3313/1105 580/3314/1105 579/3315/1105
f 561/3316/1106 562/3317/1106 581/3318/1106
f 561/3319/1107 581/3320/1107 580/3321/1107
f 562/3322/1108 563/3323/1108 582/3324/1108
f 562/3325/1109 582/3326/1109 581/3327/1109
f 563/3328/1110 564/3329/1110 583/3330/1110
f 563/3331/1111 583/3332/1111 582/3333/1111
f 564/3334/1112 565/3335/1112 584/3336/1112
f 564/3337/1113 584/3338/1113 583/3339/1113
f 565/3340/1114 566/3341/1114 585/3342/1114
f 565/3343/1115 585/3344/1115 584/3345/1115
f 566/3346/1116 567/3347/1116 586/3348/1116
f 566/3349/1117 586/3350/1117 585/3351/1117
f 567/3352/1118 568/3353/1118 587/3354/1118
f 567/3355/1119 587/3356/1119 586/3357/1119
f 568/3358/1120 569/3359/1120 588/3360/1120
f 568/3361/1121 588/3362/1121 587/3363/1121
f 569/3364/1122 570/3365/1122 589/3366/1122
f 569/3367/1123 589/3368/1123 588/3369/1123
f 570/3370/1124 571/3371/1124 590/3372/1124
f 570/3373/1125 590/3374/1125 589/3375/1125
f 590/3376/1126 571/3377/1126 38/3378/1126
f 572/3379/1127 591/3380/1127 3/3381/1127
f 572/3382/1128 573/3383/1128 592/3384/1128
f 572/3385/1129 592/3386/1129 591/3387/1129
f 573/3388/1130 574/3389/1130 593/3390/1130
f 573/3391/1131 593/3392/1131 592/3393/1131
f 574/3394/1132 575/3395/1132 594/3396/1132
f 574/3397/1133 594/3398/1133 593/3399/1133
f 575/3400/1134 576/3401/1134 595/3402/1134
f 575/3403/1135 595/3404/1135 594/3405/1135
f 576/3406/1136 577/3407/1136 596/3408/1136
f 576/3409/1137 596/3410/1137 595/3411/1137
f 577/3412/1138 578/3413/1138 597/3414/1138
f 577/3415/1139 597/3416/1139 596/3417/1139
f 578/3418/1140 579/3419/1140 598/3420/1140
f 578/3421/1141 598/3422/1141 597/3423/1141
f 579/3424/1142 580/3425/1142 599/3426/1142
f 579/3427/1143 599/3428/1143 598/3429/1143
f 580/3430/1144 581/3431/1144 600/3432/1144
f 580/3433/1145 600/3434/1145 599/3435/1145
f 581/3436/1146 582/3437/1146 601/3438/1146
f 581/3439/1147 601/3440/1147 600/3441/1147
f 582/3442/1148 583/3443/1148 602/3444/1148
f 582/3445/1149 602/3446/1149 601/3447/1149
f 583/3448/1150 584/3449/1150 603/3450/1150
f 583/3451/1151 603/3452/1151 602/3453/1151
f 584/3454/1152 585/3455/1152 604/3456/1152
f 584/3457/1153 604/3458/1153 603/3459/1153
f 585/3460/1154 586/3461/1154 605/3462/1154
f 585/3463/1155 605/3464/1155 604/3465/1155
f 586/3466/1156 587/3467/1156 606/3468/1156
f 586/3469/1157 606/3470/1157 605/3471/1157
f 587/3472/1158 588/3473/1158 607/3474/1158
f 587/3475/1159 607/3476/1159 606/3477/1159
f 588/3478/1160 589/3479/1160 608/3480/1160
f 588/3481/1161 608/3482/1161 607/3483/1161
f 589/3484/1162 590/3485/1162 609/3486/1162
f 589/3487/1163 609/3488/1163 608/3489/1163
f 609/3490/1164 590/3491/1164 38/3492/1164
f 591/3493/1165 610/3494/1165 3/3495/1165
f 591/3496/1166 592/3497/1166 611/3498/1166
f 591/3499/1167 611/3500/1167 610/3501/1167
f 592/3502/1168 593/3503/1168 612/3504/1168
f 592/3505/1169 612/3506/1169 611/3507/1169
f 593/3508/1170 594/3509/1170 613/3510/1170
f 593/3511/1171 613/3512/1171 612/3513/1171
f 594/3514/1172 595/3515/1172 614/3516/1172
f 594/3517/1173 614/3518/1173 613/3519/1173
f 595/3520/1174 596/3521/1174 615/3522/1174
f 595/3523/1175 615/3524/1175 614/3525/1175
f 596/3526/1176 597/3527/1176 616/3528/1176
f 596/3529/1177 616/3530/1177 615/3531/1177
f 597/3532/1178 598/3533/1178 617/3534/1178
f 597/3535/1179 617/3536/1179 616/3537/1179
f 598/3538/1180 599/3539/1180 618/3540/1180
f 598/3541/1181 618/3542/1181 617/3543/1181
f 599/3544/1182 600/3545/1182 619/3546/1182
f 599/3547/1183 619/3548/1183 618/3549/1183
f 600/3550/1184 601/3551/1184 620/3552/1184
f 600/3553/1185 620/3554/1185 619/3555/1185
f 601/3556/1186 602/3557/1186 621/3558/1186
f 601/3559/1187 621/3560/1187 620/3561/1187
f 602/3562/1188 603/3563/1188 622/3564/1188
f 602/3565/1189 622/3566/1189 621/3567/1189
f 603/3568/1190 604/3569/1190 623/3570/1190
f 603/3571/1191 623/3572/1191 622/3573/1191
f 604/3574/1192 605/3575/1192 624/3576/1192
f 604/3577/1193 624/3578/1193 623/3579/1193
f 605/3580/1194 606/3581/1194 625/3582/1194
f 605/3583/1195 625/3584/1195 624/3585/1195
f 606/3586/1196 607/3587/1196 626/3588/1196
f 606/3589/1197 626/3590/1197 625/3591/1197
f 607/3592/1198 608/3593/1198 627/3594/1198
f 607/3595/1199 627/3596/1199 626/3597/1199
f 608/3598/1200 609/3599/1200 628/3600/1200
f 608/3601/1201 628/3602/1201 627/3603/1201
f 628/3604/1202 609/3605/1202 38/3606/1202
f 610/3607/1203 629/3608/1203 3/3609/1203
f 610/3610/1204 611/3611/1204 630/3612/1204
f 610/3613/1205 630/3614/1205 629/3615/1205
f 611/3616/1206 612/3617/1206 631/3618/1206
f 611/3619/1207 631/3620/1207 630/3621/1207
f 612/3622/1208 613/3623/1208 632/3624/1208
f 612/3625/1209 632/3626/1209 631/3627/1209
f 613/3628/1210 614/3629/1210 633/3630/1210
f 613/3631/1211 633/3632/1211 632/3633/1211
f 614/3634/1212 615/3635/1212 634/3636/1212
f 614/3637/1213 634/3638/1213 633/3639/1213
f 615/3640/1214 616/3641/1214 635/3642/1214
f 615/3643/1215 635/3644/1215 634/3645/1215
f 616/3646/1216 617/3647/1216 636/3648/1216
f 616/3649/1217 636/3650/1217 635/3651/1217
f 617/3652/1218 618/3653/1218 637/3654/1218
f 617/3655/1219 637/3656/1219 636/3657/1219
f 618/3658/1220 619/3659/1220 638/3660/1220
f 618/3661/1221 638/3662/1221 637/3663/1221
f 619/3664/1222 620/3665/1222 639/3666/1222
f 619/3667/1223 639/3668/1223 638/3669/1223
f 620/3670/1224 621/3671/1224 640/3672/1224
f 620/3673/1225 640/3674/1225 639/3675/1225
f 621/3676/1226 622/3677/1226 641/3678/1226
f 621/3679/1227 641/3680/1227 640/3681/1227
f 622/3682/1228 623/3683/1228 642/3684/1228
f 622/3685/1229 642/3686/1229 641/3687/1229
f 623/3688/1230 624/3689/1230 643/3690/1230
f 623/3691/1231 643/3692/1231 642/3693/1231
f 624/3694/1232 625/3695/1232 644/3696/1232
f 624/3697/1233 644/3698/1233 643/3699/1233
f 625/3700/1234 626/3701/1234 645/3702/1234
f 625/3703/1235 645/3704/1235 644/3705/1235
f 626/3706/1236 627/3707/1236 646/3708/1236
f 626/3709/1237 646/3710/1237 645/3711/1237
f 627/3712/1238 628/3713/1238 647/3714/1238
f 627/3715/1239 647/3716/1239 646/3717/1239
f 647/3718/1240 628/3719/1240 38/3720/1240
f 629/3721/1241 648/3722/1241 3/3723/1241
f 629/3724/1242 630/3725/1242 649/3726/1242
f 629/3727/1243 649/3728/1243 648/3729/1243
f 630/3730/1244 631/3731/1244 650/3732/1244
f 630/3733/1245 650/3734/1245 649/3735/1245
f 631/3736/1246 632/3737/1246 651/3738/1246
f 631/3739/1247 651/3740/1247 650/3741/1247
f 632/3742/1248 633/3743/1248 652/3744/1248
f 632/3745/1249 652/3746/1249 651/3747/1249
f 633/3748/1250 634/3749/1250 653/3750/1250
f 633/3751/1251 653/3752/1251 652/3753/1251
f 634/3754/1252 635/3755/1252 654/3756/1252
f 634/3757/1253 654/3758/1253 653/3759/1253
f 635/3760/1254 636/3761/1254 655/3762/1254
f 635/3763/1255 655/3764/1255 654/3765/1255
f 636/3766/1256 637/3767/1256 656/3768/1256
f 636/3769/1257 656/3770/1257 655/3771/1257
f 637/3772/1258 638/3773/1258 657/3774/1258
f 637/3775/1259 657/3776/1259 656/3777/1259
f 638/3778/1260 639/3779/1260 658/3780/1260
f 638/3781/1261 658/3782/1261 657/3783/1261
f 639/3784/1262 640/3785/1262 659/3786/1262
f 639/3787/1263 659/3788/1263 658/3789/1263
f 640/3790/1264 641/3791/1264 660/3792/1264
f 640/3793/1265 660/3794/1265 659/3795/1265
f 641/3796/1266 642/3797/1266 661/3798/1266
f 641/3799/1267 661/3800/1267 660/3801/1267
f 642/3802/1268 643/3803/1268 662/3804/1268
f 642/3805/1269 662/3806/1269 661/3807/1269
f 643/3808/1270 644/3809/1270 663/3810/1270
f 643/3811/1271 663/3812/1271 662/3813/1271
f 644/3814/1272 645/3815/1272 664/3816/1272
f 644/3817/1273 664/3818/1273 663/3819/1273
f 645/3820/1274 646/3821/1274 665/3822/1274
f 645/3823/1275 665/3824/1275 664/3825/1275
f 646/3826/1276 647/3827/1276 666/3828/1276
f 646/3829/1277 666/3830/1277 665/3831/1277
f 666/3832/1278 647/3833/1278 38/3834/1278
f 648/3835/1279 667/3836/1279 3/3837/1279
f 648/3838/1280 649/3839/1280 668/3840/1280
f 648/3841/1281 668/3842/1281 667/3843/1281
f 649/3844/1282 650/3845/1282 669/3846/1282
f 649/3847/1283 669/3848/1283 668/3849/1283
f 650/3850/1284 651/3851/1284 670/3852/1284
f 650/3853/1285 670/3854/1285 669/3855/1285
f 651/3856/1286 652/3857/1286 671/3858/1286
f 651/3859/1287 671/3860/1287 670/3861/1287
f 652/3862/1288 653/3863/1288 672/3864/1288
f 652/3865/1289 672/3866/1289 671/3867/1289
f 653/3868/1290 654/3869/1290 673/3870/1290
f 653/3871/1291 673/3872/1291 672/3873/1291
f 654/3874/1292 655/3875/1292 674/3876/1292
f 654/3877/1293 674/3878/1293 673/3879/1293
f 655/3880/1294 656/3881/1294 675/3882/1294
f 655/3883/1295 675/3884/1295 674/3885/1295
f 656/3886/1296 657/3887/1296 676/3888/1296
f 656/3889/1297 676/3890/1297 675/3891/1297
f 657/3892/1298 658/3893/1298 677/3894/1298
f 657/3895/1299 677/3896/1299 676/3897/1299
f 658/3898/1300 659/3899/1300 678/3900/1300
f 658/3901/1301 678/3902/1301 677/3903/1301
f 659/3904/1302 660/3905/1302 679/3906/1302
f 659/3907/1303 679/3908/1303 678/3909/1303
f 660/3910/1304 661/3911/1304 680/3912/1304
f 660/3913/1305 680/3914/1305 679/3915/1305
f 663/3916/1306 664/3917/1306 681/3918/1306
f 663/3919/1307 681/3920/1307 682/3921/1307
f 664/3922/1308 665/3923/1308 683/3924/1308
f 664/3925/1309 683/3926/1309 681/3927/1309
f 665/3928/1310 666/3929/1310 684/3930/1310
f 665/3931/1311 684/3932/1311 683/3933/1311
f 684/3934/1312 666/3935/1312 38/3936/1312
f 667/3937/1313 685/3938/1313 3/3939/1313
f 667/3940/1314 668/3941/1314 686/3942/1314
f 667/3943/1315 686/3944/1315 685/3945/1315
f 668/3946/1316 669/3947/1316 687/3948/1316
f 668/3949/1317 687/3950/1317 686/3951/1317
f 669/3952/1318 670/3953/1318 688/3954/1318
f 669/3955/1319 688/3956/1319 687/3957/1319
f 670/3958/1320 671/3959/1320 689/3960/1320
f 670/3961/1321 689/3962/1321 688/3963/1321
f 671/3964/1322 672/3965/1322 690/3966/1322
f 671/3967/1323 690/3968/1323 689/3969/1323
f 672/3970/1324 673/3971/1324 691/3972/1324
f 672/3973/1325 691/3974/1325 690/3975/1325
f 673/3976/1326 674/3977/1326 692/3978/1326
f 673/3979/1327 692/3980/1327 691/3981/1327
f 674/3982/1328 675/3983/1328 693/3984/1328
f 674/3985/1329 693/3986/1329 692/3987/1329
f 675/3988/1330 676/3989/1330 694/3990/1330
f 675/3991/1331 694/3992/1331 693/3993/1331
f 676/3994/1332 677/3995/1332 695/3996/1332
f 676/3997/1333 695/3998/1333 694/3999/1333
f 677/4000/1334 678/4001/1334 696/4002/1334
f 677/4003/1335 696/4004/1335 695/4005/1335
f 678/4006/1336 679/4007/1336 697/4008/1336
f 678/4009/1337 697/4010/1337 696/4011/1337
f 679/4012/1338 680/4013/1338 698/4014/1338
f 679/4015/1339 698/4016/1339 697/4017/1339
f 682/4018/1340 681/4019/1340 699/4020/1340
f 682/4021/1341 699/4022/1341 700/4023/1341
f 681/4024/1342 683/4025/1342 701/4026/1342
f 681/4027/1343 701/4028/1343 699/4029/1343
f 683/4030/1344 684/4031/1344 702/4032/1344
f 683/4033/1345 702/4034/1345 701/4035/1345
f 702/4036/1346 684/4037/1346 38/4038/1346
f 685/4039/1347 703/4040/1347 3/4041/1347
f 685/4042/1348 686/4043/1348 704/4044/1348
f 685/4045/1349 704/4046/1349 703/4047/1349
f 686/4048/1350 687/4049/1350 705/4050/1350
f 686/4051/1351 705/4052/1351 704/4053/1351
f 687/4054/1352 688/4055/1352 706/4056/1352
f 687/4057/1353 706/4058/1353 705/4059/1353
f 688/4060/1354 689/4061/1354 707/4062/1354
f 688/4063/1355 707/4064/1355 706/4065/1355
f 689/4066/1356 690/4067/1356 708/4068/1356
f 689/4069/1357 708/4070/1357 707/4071/1357
f 690/4072/1358 691/4073/1358 709/4074/1358
f 690/4075/1359 709/4076/1359 708/4077/1359
f 691/4078/1360 692/4079/1360 710/4080/1360
f 691/4081/1361 710/4082/1361 709/4083/1361
f 692/4084/1362 693/4085/1362 711/4086/1362
f 692/4087/1363 711/4088/1363 710/4089/1363
f 693/4090/1364 694/4091/1364 712/4092/1364
f 693/4093/1365 712/4094/1365 711/4095/1365
f 694/4096/1366 695/4097/1366 713/4098/1366
f 694/4099/1367 713/4100/1367 712/4101/1367
f 695/4102/1368 696/4103/1368 714/4104/1368
f 695/4105/1369 714/4106/1369 713/4107/1369
f 696/4108/1370 697/4109/1370 715/4110/1370
f 696/4111/1371 715/4112/1371 714/4113/1371
f 697/4114/1372 698/4115/1372 716/4116/1372
f 697/4117/1373 716/4118/1373 715/4119/1373
f 700/4120/1374 699/4121/1374 717/4122/1374
f 700/4123/1375 717/4124/1375 718/4125/1375
f 699/4126/1376 701/4127/1376 719/4128/1376
f 699/4129/1377 719/4130/1377 717/4131/1377
f 701/4132/1378 702/4133/1378 720/4134/1378
f 701/4135/1379 720/4136/1379 719/4137/1379
f 720/4138/1380 702/4139/1380 38/4140/1380
f 703/4141/1381 721/4142/1381 3/4143/1381
f 703/4144/1382 704/4145/1382 722/4146/1382
f 703/4147/1383 722/4148/1383 721/4149/1383
f 704/4150/1384 705/4151/1384 723/4152/1384
f 704/4153/1385 723/4154/1385 722/4155/1385
f 705/4156/1386 706/4157/1386 724/4158/1386
f 705/4159/1387 724/4160/1387 723/4161/1387
f 706/4162/1388 707/4163/1388 725/4164/1388
f 706/4165/1389 725/4166/1389 724/4167/1389
f 707/4168/1390 708/4169/1390 726/4170/1390
f 707/4171/1391 726/4172/1391 725/4173/1391
f 708/4174/1392 709/4175/1392 727/4176/1392
f 708/4177/1393 727/4178/1393 726/4179/1393
f 709/4180/1394 710/4181/1394 728/4182/1394
f 709/4183/1395 728/4184/1395 727/4185/1395
f 710/4186/1396 711/4187/1396 729/4188/1396
f 710/4189/1397 729/4190/1397 728/4191/1397
f 711/4192/1398 712/4193/1398 730/4194/1398
f 711/4195/1399 730/4196/1399 729/4197/1399
f 712/4198/1400 713/4199/1400 731/4200/1400
f 712/4201/1401 731/4202/1401 730/4203/1401
f 713/4204/1402 714/4205/1402 732/4206/1402
f 713/4207/1403 732/4208/1403 731/4209/1403
f 714/4210/1404 715/4211/1404 733/4212/1404
f 714/4213/1405 733/4214/1405 732/4215/1405
f 715/4216/1406 716/4217/1406 734/4218/1406
f 715/4219/1407 734/4220/1407 733/4221/1407
f 718/4222/1408 717/4223/1408 735/4224/1408
f 718/4225/1409 735/4226/1409 736/4227/1409
f 717/4228/1410 719/4229/1410 737/4230/1410
f 717/4231/1411 737/4232/1411 735/4233/1411
f 719/4234/1412 720/4235/1412 738/4236/1412
f 719/4237/1413 738/4238/1413 737/4239/1413
f 738/4240/1414 720/4241/1414 38/4242/1414
f 721/4243/1415 739/4244/1415 3/4245/1415
f 721/4246/1416 722/4247/1416 740/4248/1416
f 721/4249/1417 740/4250/1417 739/4251/1417
f 722/4252/1418 723/4253/1418 741/4254/1418
f 722/4255/1419 741/4256/1419 740/4257/1419
f 723/4258/1420 724/4259/1420 742/4260/1420
f 723/4261/1421 742/4262/1421 741/4263/1421
f 724/4264/1422 725/4265/1422 743/4266/1422
f 724/4267/1423 743/4268/1423 742/4269/1423
f 725/4270/1424 726/4271/1424 744/4272/1424
f 725/4273/1425 744/4274/1425 743/4275/1425
f 726/4276/1426 727/4277/1426 745/4278/1426
f 726/4279/1427 745/4280/1427 744/4281/1427
f 727/4282/1428 728/4283/1428 746/4284/1428
f 727/4285/1429 746/4286/1429 745/4287/1429
f 728/4288/1430 729/4289/1430 747/4290/1430
f 728/4291/1431 747/4292/1431 746/4293/1431
f 729/4294/1432 730/4295/1432 748/4296/1432
f 729/4297/1433 748/4298/1433 747/4299/1433
f 730/4300/1434 731/4301/1434 749/4302/1434
f 730/4303/1435 749/4304/1435 748/4305/1435
f 731/4306/1436 732/4307/1436 750/4308/1436
f 731/4309/1437 750/4310/1437 749/4311/1437
f 732/4312/1438 733/4313/1438 751/4314/1438
f 732/4315/1439 751/4316/1439 750/4317/1439
f 733/4318/1440 734/4319/1440 752/4320/1440
f 733/4321/1441 752/4322/1441 751/4323/1441
f 736/4324/1442 735/4325/1442 753/4326/1442
f 736/4327/1443 753/4328/1443 754/4329/1443
f 735/4330/1444 737/4331/1444 755/4332/1444
f 735/4333/1445 755/4334/1445 753/4335/1445
f 737/4336/1446 738/4337/1446 756/4338/1446
f 737/4339/1447 756/4340/1447 755/4341/1447
f 756/4342/1448 738/4343/1448 38/4344/1448
f 739/4345/1449 1/4346/1449 3/4347/1449
f 739/4348/1450 740/4349/1450 4/4350/1450
f 739/4351/1451 4/4352/1451 1/4353/1451
f 740/4354/1452 741/4355/1452 6/4356/1452
f 740/4357/1453 6/4358/1453 4/4359/1453
f 741/4360/1454 742/4361/1454 8/4362/1454
f 741/4363/1455 8/4364/1455 6/4365/1455
f 742/4366/1456 743/4367/1456 10/4368/1456
f 742/4369/1457 10/4370/1457 8/4371/1457
f 743/4372/1458 744/4373/1458 12/4374/1458
f 743/4375/1459 12/4376/1459 10/4377/1459
f 744/4378/1460 745/4379/1460 14/4380/1460
f 744/4381/1461 14/4382/1461 12/4383/1461
f 745/4384/1462 746/4385/1462 16/4386/1462
f 745/4387/1463 16/4388/1463 14/4389/1463
f 746/4390/1464 747/4391/1464 18/4392/1464
f 746/4393/1465 18/4394/1465 16/4395/1465
f 747/4396/1466 748/4397/1466 20/4398/1466
f 747/4399/1467 20/4400/1467 18/4401/1467
f 748/4402/1468 749/4403/1468 22/4404/1468
f 748/4405/1469 22/4406/1469 20/4407/1469
f 749/4408/1470 750/4409/1470 24/4410/1470
f 749/4411/1471 24/4412/1471 22/4413/1471
f 750/4414/1472 751/4415/1472 26/4416/1472
f 750/4417/1473 26/4418/1473 24/4419/1473
f 751/4420/1474 752/4421/1474 28/4422/1474
f 751/4423/1475 28/4424/1475 26/4425/1475
f 754/4426/1476 753/4427/1476 31/4428/1476
f 754/4429/1477 31/4430/1477 30/4431/1477
f 753/4432/1478 755/4433/1478 34/4434/1478
f 753/4435/1479 34/4436/1479 31/4437/1479
f 755/4438/1480 756/4439/1480 36/4440/1480
f 755/4441/1481 36/4442/1481 34/4443/1481
f 36/4444/1482 756/4445/1482 38/4446/1482
f 53/4447/1483 33/4448/1483 56/4449/1483
f 53/4450/1484 56/4451/1484 54/4452/1484
f 757/4453/1485 30/4454/1485 33/4455/1485
f 757/4456/1486 33/4457/1486 53/4458/1486
f 28/4459/1487 757/4460/1487 53/4461/1487
f 28/4462/1488 53/4463/1488 29/4464/1488
f 752/4465/1489 758/4466/1489 757/4467/1489
f 752/4468/1490 757/4469/1490 28/4470/1490
f 758/4471/1491 754/4472/1491 30/4473/1491
f 758/4474/1492 30/4475/1492 757/4476/1492
f 734/4477/1493 759/4478/1493 758/4479/1493
f 734/4480/1494 758/4481/1494 752/4482/1494
f 760/4483/1495 718/4484/1495 736/4485/1495
f 760/4486/1496 736/4487/1496 759/4488/1496
f 759/4489/1497 736/4490/1497 754/4491/1497
f 759/4492/1498 754/4493/1498 758/4494/1498
f 698/4495/1499 761/4496/1499 760/4497/1499
f 698/4498/1500 760/4499/1500 716/4500/1500
f 761/4501/1501 700/4502/1501 718/4503/1501
f 761/4504/1502 718/4505/1502 760/4506/1502
f 716/4507/1503 760/4508/1503 759/4509/1503
f 716/4510/1504 759/4511/1504 734/4512/1504
f 762/4513/1505 682/4514/1505 700/4515/1505
f 762/4516/1506 700/4517/1506 761/4518/1506
f 680/4519/1507 762/4520/1507 761/4521/1507
f 680/4522/1508 761/4523/1508 698/4524/1508
f 662/4525/1509 663/4526/1509 682/4527/1509
f 662/4528/1510 682/4529/1510 762/4530/1510
f 661/4531/1511 662/4532/1511 762/4533/1511
f 661/4534/1512 762/4535/1512 680/4536/1512
f 91/4537/1513 92/4538/1513 112/4539/1513
f 91/4540/1514 112/4541/1514 110/4542/1514
f 129/4543/1515 131/4544/1515 149/4545/1515
f 129/4546/1516 149/4547/1516 166/4548/1516
f 110/4549/1517 112/4550/1517 131/4551/1517
f 110/4552/1518 131/4553/1518 129/4554/1518
f 128/4555/1519 129/4556/1519 166/4557/1519
f 128/4558/1520 166/4559/1520 147/4560/1520